Generacja,Bot_ID,Punkty,AST_Tree
68,12,1979,"MANY_RULES(DEFRULE(c_far_gold, a_train_vill), MANY_RULES(DEFRULE(c_some_knight, a_dynamic_civ_scout_cap(168)), MANY_RULES(DEFRULE(c_enemy_has_many_pike, a_dynamic_atk_percent(168)), MANY_RULES(DEFRULE(c_few_skirm, a_build_house), MANY_RULES(DEFRULE(c_few_skirm, a_dynamic_group_size(168)), MANY_RULES(DEFRULE(c_few_skirm, a_train_vill), MANY_RULES(DEFRULE(c_some_ram, a_build_house), MANY_RULES(DEFRULE(c_some_ram, a_build_house), MANY_RULES(DEFRULE(c_few_skirm, a_res_farm_2), MANY_RULES(DEFRULE(c_few_skirm, a_train_vill), MANY_RULES(t_empty_rule, MANY_RULES(DEFRULE(c_few_barracks, a_res_loom), MANY_RULES(DEFRULE(c_few_skirm, a_res_loom), TWO_RULES(DEFRULE(c_few_skirm, a_train_vill), DEFRULE(c_some_ram, a_build_house)))))))))))))))"
68,0,1930,"MANY_RULES(DEFRULE(c_far_gold, a_train_vill), MANY_RULES(DEFRULE(c_few_barracks, a_dynamic_civ_scout_cap(20)), MANY_RULES(DEFRULE(c_few_skirm, a_res_loom), MANY_RULES(DEFRULE(AND(c_can_res_blast, c_enemy_has_many_pike), a_dynamic_group_size(20)), MANY_RULES(DEFRULE(c_few_skirm, a_res_loom), MANY_RULES(DEFRULE(c_few_skirm, a_train_vill), MANY_RULES(DEFRULE(c_few_skirm, a_res_loom), MANY_RULES(DEFRULE(c_few_skirm, a_build_house), TWO_RULES(DEFRULE(c_far_gold, a_train_vill), DEFRULE(c_few_mangonel, a_town_size_30))))))))))"
68,74,1869,"MANY_RULES(DEFRULE(c_far_gold, a_train_vill), MANY_RULES(DEFRULE(c_some_knight, a_dynamic_civ_scout_cap(168)), MANY_RULES(DEFRULE(c_few_skirm, a_build_house), MANY_RULES(DEFRULE(AND(c_mil_pop_10, c_enemy_has_many_pike), a_build_house), MANY_RULES(DEFRULE(c_few_skirm, a_res_loom), MANY_RULES(DEFRULE(c_few_barracks, a_dynamic_civ_scout_cap(168)), MANY_RULES(DEFRULE(c_few_skirm, a_dynamic_civ_scout_cap(168)), MANY_RULES(DEFRULE(c_some_ram, a_build_house), MANY_RULES(DEFRULE(c_few_skirm, a_train_vill), MANY_RULES(DEFRULE(c_few_skirm, a_res_farm_2), MANY_RULES(DEFRULE(c_few_skirm, a_train_vill), MANY_RULES(DEFRULE(c_few_skirm, a_res_farm_2), MANY_RULES(DEFRULE(c_few_barracks, a_res_loom), MANY_RULES(DEFRULE(c_few_skirm, a_res_farm_2), MANY_RULES(DEFRULE(c_few_skirm, a_train_vill), MANY_RULES(DEFRULE(c_few_skirm, DO_BOTH(a_build_dock, a_forward_tower)), MANY_RULES(DEFRULE(c_few_barracks, a_res_loom), MANY_RULES(DEFRULE(c_few_barracks, a_build_house), TWO_RULES(DEFRULE(c_far_gold, a_train_vill), DEFRULE(c_some_ram, a_build_house))))))))))))))))))))"
68,32,1821,"MANY_RULES(t_empty_rule, MANY_RULES(DEFRULE(c_few_skirm, a_res_farm_2), MANY_RULES(DEFRULE(c_few_skirm, a_train_vill), MANY_RULES(DEFRULE(c_few_skirm, a_train_vill), MANY_RULES(DEFRULE(c_few_barracks, a_res_loom), MANY_RULES(DEFRULE(c_few_barracks, a_build_house), TWO_RULES(DEFRULE(c_far_gold, a_dynamic_civ_scout_cap(168)), DEFRULE(c_some_ram, a_build_house))))))))"
68,21,1807,"MANY_RULES(DEFRULE(c_few_skirm, a_res_loom), MANY_RULES(DEFRULE(c_some_knight, a_dynamic_civ_scout_cap(20)), MANY_RULES(DEFRULE(AND(c_can_res_blast, c_enemy_has_many_pike), a_dynamic_atk_percent(168)), MANY_RULES(DEFRULE(c_few_skirm, a_dynamic_civ_scout_cap(i_val(168))), MANY_RULES(DEFRULE(c_few_skirm, a_train_vill), MANY_RULES(DEFRULE(c_few_barracks, a_build_house), TWO_RULES(DEFRULE(c_no_castle, a_res_scale_mail), DEFRULE(AND(c_few_skirm, c_can_build_market), a_dynamic_civ_scout_cap(5)))))))))"
68,67,1794,"MANY_RULES(DEFRULE(c_far_gold, a_train_vill), MANY_RULES(DEFRULE(c_some_knight, a_dynamic_civ_scout_cap(168)), MANY_RULES(DEFRULE(c_few_skirm, a_build_house), MANY_RULES(DEFRULE(AND(c_mil_pop_10, c_enemy_has_many_pike), a_build_house), MANY_RULES(DEFRULE(c_few_skirm, a_res_loom), MANY_RULES(DEFRULE(c_few_skirm, a_res_farm_2), MANY_RULES(DEFRULE(c_can_buy_wood, a_go_imperial_age), MANY_RULES(DEFRULE(c_few_skirm, a_train_knight), MANY_RULES(DEFRULE(c_few_skirm, a_res_loom), MANY_RULES(DEFRULE(c_few_barracks, a_train_vill), TWO_RULES(DEFRULE(c_few_skirm, a_train_vill), DEFRULE(c_enemy_has_many_infantry, a_build_house))))))))))))"
68,64,1786,"MANY_RULES(DEFRULE(c_some_skirm, a_build_house), MANY_RULES(DEFRULE(c_some_ram, a_dynamic_civ_scout_cap(168)), MANY_RULES(DEFRULE(c_few_barracks, a_train_vill), MANY_RULES(DEFRULE(c_some_ram, a_train_vill), MANY_RULES(DEFRULE(c_few_skirm, a_dynamic_civ_scout_cap(168)), MANY_RULES(DEFRULE(c_few_skirm, a_res_loom), MANY_RULES(DEFRULE(c_few_barracks, a_build_house), TWO_RULES(DEFRULE(c_is_feudal_age, a_dynamic_atk_percent(168)), DEFRULE(c_few_skirm, a_build_house)))))))))"
68,50,1776,"MANY_RULES(DEFRULE(c_far_gold, a_train_vill), MANY_RULES(DEFRULE(c_some_knight, a_dynamic_civ_scout_cap(168)), TWO_RULES(DEFRULE(c_few_skirm, a_train_vill), DEFRULE(c_some_ram, a_build_house))))"
68,30,1769,"MANY_RULES(DEFRULE(c_far_gold, a_train_vill), MANY_RULES(DEFRULE(c_some_knight, a_dynamic_civ_scout_cap(168)), MANY_RULES(DEFRULE(c_enemy_has_many_pike, a_dynamic_atk_percent(168)), MANY_RULES(DEFRULE(c_few_skirm, a_build_house), MANY_RULES(DEFRULE(c_few_skirm, a_dynamic_group_size(168)), MANY_RULES(DEFRULE(c_many_scout, a_train_monk), MANY_RULES(DEFRULE(c_few_skirm, a_build_house), MANY_RULES(DEFRULE(c_few_skirm, a_build_house), MANY_RULES(DEFRULE(c_few_skirm, a_res_farm_2), MANY_RULES(DEFRULE(c_few_skirm, a_train_vill), MANY_RULES(DEFRULE(c_few_skirm, a_res_farm_2), MANY_RULES(DEFRULE(c_few_barracks, a_res_loom), MANY_RULES(DEFRULE(c_few_barracks, a_build_house), MANY_RULES(DEFRULE(c_few_skirm, a_res_loom), TWO_RULES(DEFRULE(c_few_skirm, a_train_vill), DEFRULE(c_some_ram, a_build_house))))))))))))))))"
68,3,1731,"MANY_RULES(DEFRULE(c_can_res_blast, a_train_vill), MANY_RULES(DEFRULE(c_some_knight, a_dynamic_civ_scout_cap(168)), MANY_RULES(DEFRULE(c_few_skirm, a_res_loom), MANY_RULES(DEFRULE(c_few_barracks, a_build_house), MANY_RULES(DEFRULE(AND(c_can_res_stone_1, c_enemy_has_many_pike), a_dynamic_group_size(20)), MANY_RULES(DEFRULE(c_few_skirm, a_build_house), MANY_RULES(DEFRULE(c_few_skirm, a_train_vill), MANY_RULES(DEFRULE(c_few_skirm, a_res_loom), MANY_RULES(DEFRULE(c_few_skirm, a_build_house), TWO_RULES(DEFRULE(c_can_res_blast, a_train_vill), DEFRULE(c_few_mangonel, a_build_house)))))))))))"
68,35,1720,"MANY_RULES(t_empty_rule, MANY_RULES(DEFRULE(c_few_skirm, a_res_farm_2), MANY_RULES(DEFRULE(c_few_skirm, a_train_vill), MANY_RULES(DEFRULE(c_few_skirm, a_res_farm_2), MANY_RULES(DEFRULE(c_few_barracks, a_res_loom), MANY_RULES(DEFRULE(c_few_barracks, a_build_house), TWO_RULES(DEFRULE(c_far_gold, a_dynamic_civ_scout_cap(9)), DEFRULE(c_some_ram, a_build_house))))))))"
68,38,1708,"MANY_RULES(DEFRULE(c_far_gold, a_train_vill), MANY_RULES(DEFRULE(c_some_ram, a_dynamic_civ_scout_cap(168)), MANY_RULES(DEFRULE(c_few_skirm, a_res_loom), MANY_RULES(DEFRULE(c_few_barracks, a_build_house), MANY_RULES(DEFRULE(AND(c_can_res_blast, c_enemy_has_many_pike), a_dynamic_group_size(168)), MANY_RULES(DEFRULE(c_few_skirm, a_train_vill), MANY_RULES(DEFRULE(c_few_skirm, a_train_vill), MANY_RULES(DEFRULE(c_few_skirm, a_res_loom), MANY_RULES(DEFRULE(c_few_skirm, a_build_house), TWO_RULES(DEFRULE(c_can_res_blast, a_train_vill), DEFRULE(c_some_ram, a_build_house)))))))))))"
68,10,1706,"MANY_RULES(DEFRULE(c_some_skirm, a_build_house), MANY_RULES(DEFRULE(c_some_ram, a_dynamic_civ_scout_cap(168)), MANY_RULES(DEFRULE(c_few_barracks, a_train_vill), MANY_RULES(DEFRULE(c_few_skirm, a_build_house), MANY_RULES(DEFRULE(c_few_barracks, a_dynamic_civ_scout_cap(168)), MANY_RULES(DEFRULE(c_few_skirm, a_train_knight), MANY_RULES(DEFRULE(c_few_skirm, a_res_loom), MANY_RULES(DEFRULE(c_few_barracks, a_build_house), TWO_RULES(DEFRULE(c_is_feudal_age, a_dynamic_atk_percent(168)), DEFRULE(c_some_knight, a_dynamic_civ_scout_cap(168)))))))))))"
68,13,1703,"MANY_RULES(DEFRULE(c_far_gold, a_dynamic_atk_percent(5)), MANY_RULES(DEFRULE(c_some_knight, a_dynamic_civ_scout_cap(168)), MANY_RULES(DEFRULE(AND(c_can_res_blast, c_enemy_has_many_pike), a_dynamic_atk_percent(168)), MANY_RULES(DEFRULE(c_few_skirm, a_dynamic_group_size(168)), MANY_RULES(DEFRULE(c_few_skirm, a_train_knight), MANY_RULES(DEFRULE(c_few_skirm, a_res_loom), MANY_RULES(DEFRULE(c_few_barracks, a_train_vill), TWO_RULES(DEFRULE(c_few_skirm, a_train_vill), DEFRULE(c_few_skirm, a_build_house)))))))))"
68,59,1699,"MANY_RULES(DEFRULE(c_far_gold, a_train_vill), MANY_RULES(DEFRULE(c_few_barracks, a_dynamic_civ_scout_cap(20)), MANY_RULES(DEFRULE(c_few_skirm, a_res_loom), MANY_RULES(DEFRULE(AND(c_can_res_blast, c_enemy_has_many_pike), a_dynamic_group_size(20)), MANY_RULES(DEFRULE(c_few_skirm, a_res_loom), MANY_RULES(DEFRULE(c_few_skirm, a_train_vill), MANY_RULES(DEFRULE(c_few_skirm, a_res_loom), MANY_RULES(DEFRULE(c_few_skirm, a_build_house), TWO_RULES(DEFRULE(c_far_gold, a_sell_food), DEFRULE(c_few_mangonel, a_town_size_30))))))))))"
68,25,1691,"MANY_RULES(DEFRULE(c_far_gold, a_build_house), MANY_RULES(DEFRULE(c_some_knight, a_dynamic_civ_scout_cap(168)), MANY_RULES(DEFRULE(c_few_skirm, a_res_loom), MANY_RULES(DEFRULE(c_few_barracks, a_build_house), MANY_RULES(DEFRULE(AND(c_can_res_stone_1, c_few_skirm), a_dynamic_group_size(20)), MANY_RULES(DEFRULE(c_few_skirm, a_res_loom), MANY_RULES(DEFRULE(c_few_skirm, a_train_vill), MANY_RULES(DEFRULE(c_few_skirm, a_res_loom), MANY_RULES(DEFRULE(c_few_skirm, a_build_house), TWO_RULES(DEFRULE(c_can_res_blast, a_dynamic_civ_scout_cap(168)), DEFRULE(c_few_mangonel, a_build_house)))))))))))"
68,20,1686,"MANY_RULES(DEFRULE(AND(c_some_infantry, c_can_res_gold_1), a_dynamic_civ_scout_pct(40)), MANY_RULES(DEFRULE(c_some_knight, a_dynamic_civ_scout_cap(i_val(20))), MANY_RULES(DEFRULE(c_few_skirm, a_res_loom), MANY_RULES(DEFRULE(c_few_barracks, a_build_house), MANY_RULES(DEFRULE(c_few_skirm, a_res_loom), MANY_RULES(DEFRULE(c_few_skirm, a_res_loom), MANY_RULES(DEFRULE(c_few_skirm, a_train_vill), MANY_RULES(DEFRULE(c_few_skirm, a_res_loom), MANY_RULES(DEFRULE(c_few_skirm, a_res_loom), TWO_RULES(DEFRULE(c_can_res_blast, a_train_vill), DEFRULE(c_few_mangonel, a_build_house)))))))))))"
68,24,1685,"MANY_RULES(DEFRULE(c_far_gold, a_train_vill), MANY_RULES(DEFRULE(c_some_knight, a_dynamic_civ_scout_cap(168)), MANY_RULES(DEFRULE(c_few_skirm, a_build_house), MANY_RULES(DEFRULE(AND(c_mil_pop_10, c_enemy_has_many_pike), a_build_house), MANY_RULES(DEFRULE(c_few_skirm, a_res_loom), MANY_RULES(DEFRULE(c_few_skirm, a_res_farm_2), MANY_RULES(DEFRULE(c_few_barracks, a_dynamic_civ_scout_cap(168)), MANY_RULES(DEFRULE(c_few_skirm, a_dynamic_civ_scout_cap(168)), MANY_RULES(DEFRULE(c_some_ram, a_build_house), MANY_RULES(DEFRULE(c_few_skirm, a_train_vill), MANY_RULES(DEFRULE(c_enemy_has_many_pike, a_res_farm_2), MANY_RULES(DEFRULE(c_few_skirm, a_train_vill), MANY_RULES(DEFRULE(c_few_skirm, a_res_farm_2), MANY_RULES(DEFRULE(c_few_barracks, a_res_loom), MANY_RULES(DEFRULE(c_few_skirm, a_res_farm_2), MANY_RULES(DEFRULE(c_few_skirm, a_train_vill), MANY_RULES(DEFRULE(c_few_skirm, DO_BOTH(a_build_dock, a_forward_tower)), MANY_RULES(DEFRULE(c_few_barracks, a_res_loom), MANY_RULES(DEFRULE(c_few_barracks, a_build_house), TWO_RULES(DEFRULE(c_far_gold, a_train_vill), DEFRULE(c_some_ram, a_build_house)))))))))))))))))))))"
68,37,1685,"MANY_RULES(DEFRULE(c_can_res_blast, a_train_vill), MANY_RULES(DEFRULE(c_some_knight, a_dynamic_civ_scout_cap(168)), MANY_RULES(DEFRULE(c_few_skirm, a_train_vill), MANY_RULES(DEFRULE(c_few_skirm, a_res_farm_2), MANY_RULES(DEFRULE(c_few_barracks, a_res_loom), MANY_RULES(DEFRULE(c_few_barracks, a_train_vill), TWO_RULES(DEFRULE(c_far_gold, a_train_vill), DEFRULE(c_some_ram, a_build_house))))))))"
68,70,1680,"MANY_RULES(DEFRULE(c_far_gold, a_train_vill), MANY_RULES(DEFRULE(c_few_barracks, a_dynamic_civ_scout_cap(20)), MANY_RULES(DEFRULE(c_few_skirm, a_res_loom), MANY_RULES(DEFRULE(AND(c_can_res_blast, c_enemy_has_many_pike), a_dynamic_group_size(20)), MANY_RULES(DEFRULE(c_few_skirm, a_res_loom), MANY_RULES(DEFRULE(c_few_skirm, a_train_vill), MANY_RULES(DEFRULE(c_few_skirm, a_res_loom), MANY_RULES(DEFRULE(c_few_skirm, a_build_house), TWO_RULES(DEFRULE(c_far_gold, a_res_hand_cart), DEFRULE(c_few_mangonel, a_town_size_30))))))))))"
68,58,1676,"MANY_RULES(DEFRULE(c_can_res_blast, a_train_vill), MANY_RULES(DEFRULE(c_some_knight, a_dynamic_civ_scout_cap(168)), MANY_RULES(DEFRULE(c_few_skirm, a_res_loom), MANY_RULES(DEFRULE(c_few_barracks, a_build_house), MANY_RULES(DEFRULE(AND(c_can_res_stone_1, c_enemy_has_many_pike), a_dynamic_group_size(20)), MANY_RULES(DEFRULE(c_few_skirm, a_build_house), MANY_RULES(DEFRULE(c_few_skirm, a_train_vill), MANY_RULES(DEFRULE(c_few_skirm, a_res_loom), TWO_RULES(DEFRULE(c_can_res_blast, a_train_vill), DEFRULE(c_few_mangonel, a_build_house))))))))))"
68,22,1670,"MANY_RULES(DEFRULE(c_far_gold, a_train_vill), MANY_RULES(DEFRULE(c_some_knight, a_dynamic_civ_scout_cap(168)), MANY_RULES(DEFRULE(c_can_res_blast, a_dynamic_group_size(16)), MANY_RULES(DEFRULE(c_few_skirm, a_res_farm_2), MANY_RULES(DEFRULE(c_few_skirm, a_train_vill), MANY_RULES(DEFRULE(c_few_skirm, DO_BOTH(a_build_dock, a_forward_tower)), MANY_RULES(DEFRULE(c_few_barracks, a_res_loom), MANY_RULES(DEFRULE(c_few_barracks, a_build_house), TWO_RULES(DEFRULE(c_far_gold, a_train_vill), DEFRULE(c_some_ram, a_build_house))))))))))"
68,44,1666,"MANY_RULES(DEFRULE(c_far_gold, a_train_vill), MANY_RULES(DEFRULE(c_some_knight, a_dynamic_civ_scout_cap(20)), MANY_RULES(DEFRULE(AND(c_can_res_stone_1, c_enemy_has_many_pike), a_dynamic_group_size(20)), MANY_RULES(DEFRULE(c_few_skirm, a_res_loom), MANY_RULES(DEFRULE(c_few_skirm, a_train_vill), MANY_RULES(DEFRULE(c_few_skirm, a_build_house), TWO_RULES(DEFRULE(c_can_res_blast, a_train_vill), DEFRULE(c_few_skirm, a_build_house))))))))"
68,15,1661,"MANY_RULES(DEFRULE(c_far_gold, a_dynamic_atk_percent(168)), MANY_RULES(DEFRULE(c_some_knight, a_dynamic_civ_scout_cap(168)), MANY_RULES(DEFRULE(AND(c_can_res_blast, c_enemy_has_many_pike), a_dynamic_atk_percent(168)), MANY_RULES(DEFRULE(AND(c_can_res_blast, c_enemy_has_many_pike), a_dynamic_atk_percent(168)), MANY_RULES(DEFRULE(c_few_skirm, a_dynamic_group_size(168)), MANY_RULES(DEFRULE(c_few_skirm, a_dynamic_civ_scout_cap(168)), MANY_RULES(DEFRULE(c_some_ram, a_build_house), MANY_RULES(DEFRULE(c_few_skirm, a_res_loom), MANY_RULES(DEFRULE(c_few_skirm, a_res_farm_2), MANY_RULES(DEFRULE(c_few_skirm, a_train_vill), MANY_RULES(DEFRULE(c_few_skirm, a_res_farm_2), MANY_RULES(DEFRULE(c_few_barracks, a_res_loom), MANY_RULES(DEFRULE(AND(c_can_res_blast, c_enemy_has_many_pike), a_dynamic_atk_percent(168)), TWO_RULES(DEFRULE(c_can_res_blast, a_train_vill), DEFRULE(c_few_mangonel, a_build_house)))))))))))))))"
68,34,1661,"MANY_RULES(DEFRULE(c_can_res_blast, a_train_vill), MANY_RULES(DEFRULE(c_some_knight, a_dynamic_civ_scout_cap(20)), MANY_RULES(DEFRULE(c_few_skirm, a_res_loom), MANY_RULES(DEFRULE(c_few_barracks, a_build_house), MANY_RULES(DEFRULE(AND(c_can_res_stone_1, c_enemy_has_many_pike), a_dynamic_camp_dist(168)), MANY_RULES(DEFRULE(c_far_gold, a_res_loom), MANY_RULES(DEFRULE(c_few_skirm, a_train_vill), MANY_RULES(DEFRULE(c_few_skirm, a_res_loom), MANY_RULES(DEFRULE(c_few_skirm, a_build_house), TWO_RULES(DEFRULE(c_can_res_blast, a_train_vill), DEFRULE(c_few_mangonel, a_build_house)))))))))))"
68,42,1657,"MANY_RULES(DEFRULE(c_far_gold, a_train_vill), MANY_RULES(DEFRULE(c_some_knight, a_dynamic_civ_scout_cap(168)), MANY_RULES(DEFRULE(c_enemy_has_many_pike, a_dynamic_atk_percent(168)), MANY_RULES(DEFRULE(c_few_skirm, a_build_house), MANY_RULES(DEFRULE(c_few_skirm, a_dynamic_group_size(168)), MANY_RULES(DEFRULE(c_few_skirm, a_train_vill), MANY_RULES(DEFRULE(c_some_ram, a_build_house), MANY_RULES(DEFRULE(c_few_skirm, a_build_house), MANY_RULES(DEFRULE(c_few_skirm, a_res_farm_2), MANY_RULES(DEFRULE(c_few_skirm, a_train_vill), MANY_RULES(t_empty_rule, MANY_RULES(DEFRULE(c_few_barracks, a_res_loom), MANY_RULES(DEFRULE(c_far_gold, a_res_loom), TWO_RULES(DEFRULE(c_few_skirm, a_train_vill), DEFRULE(c_some_ram, a_build_house)))))))))))))))"
68,4,1650,"MANY_RULES(DEFRULE(c_far_gold, a_dynamic_atk_percent(5)), MANY_RULES(DEFRULE(c_some_knight, a_dynamic_civ_scout_cap(168)), MANY_RULES(DEFRULE(AND(c_can_res_blast, c_enemy_has_many_pike), a_dynamic_atk_percent(168)), MANY_RULES(DEFRULE(AND(c_can_res_blast, c_enemy_has_many_pike), a_dynamic_group_size(168)), MANY_RULES(DEFRULE(c_few_skirm, a_res_loom), MANY_RULES(DEFRULE(c_few_skirm, a_train_vill), MANY_RULES(DEFRULE(c_few_skirm, a_res_loom), MANY_RULES(DEFRULE(c_few_skirm, a_build_house), TWO_RULES(DEFRULE(c_few_skirm, a_train_vill), DEFRULE(c_few_mangonel, a_build_house))))))))))"
68,26,1646,"MANY_RULES(DEFRULE(c_can_res_blast, a_train_vill), MANY_RULES(DEFRULE(c_few_archer, a_dynamic_civ_scout_cap(168)), MANY_RULES(DEFRULE(c_few_skirm, a_res_loom), MANY_RULES(DEFRULE(c_few_barracks, a_build_house), MANY_RULES(DEFRULE(AND(c_can_res_stone_1, c_enemy_has_many_pike), a_dynamic_group_size(20)), MANY_RULES(DEFRULE(c_few_skirm, a_build_house), MANY_RULES(DEFRULE(c_few_skirm, a_train_vill), MANY_RULES(DEFRULE(c_few_skirm, a_res_loom), MANY_RULES(DEFRULE(c_few_skirm, a_build_house), TWO_RULES(DEFRULE(c_can_res_blast, a_train_vill), DEFRULE(c_few_mangonel, a_build_house)))))))))))"
68,9,1645,"MANY_RULES(DEFRULE(c_few_skirm, a_res_loom), MANY_RULES(DEFRULE(c_some_knight, a_dynamic_civ_scout_cap(20)), MANY_RULES(DEFRULE(AND(c_can_res_blast, c_enemy_has_many_pike), a_dynamic_atk_percent(168)), MANY_RULES(DEFRULE(c_few_skirm, a_dynamic_group_size(168)), MANY_RULES(DEFRULE(c_many_scout, a_train_monk), MANY_RULES(DEFRULE(c_some_ram, a_build_house), MANY_RULES(DEFRULE(c_few_skirm, a_build_house), MANY_RULES(DEFRULE(c_few_skirm, a_res_farm_2), MANY_RULES(DEFRULE(c_few_skirm, a_train_vill), MANY_RULES(DEFRULE(c_few_skirm, a_res_farm_2), MANY_RULES(DEFRULE(c_few_barracks, a_res_loom), MANY_RULES(DEFRULE(c_few_barracks, a_build_house), MANY_RULES(DEFRULE(c_few_skirm, a_res_loom), TWO_RULES(DEFRULE(c_few_skirm, a_train_vill), DEFRULE(c_some_ram, a_build_house)))))))))))))))"
68,46,1641,"MANY_RULES(DEFRULE(c_some_skirm, a_build_house), MANY_RULES(DEFRULE(c_some_ram, a_dynamic_civ_scout_cap(168)), MANY_RULES(DEFRULE(c_few_barracks, a_train_vill), MANY_RULES(DEFRULE(c_some_ram, a_train_vill), MANY_RULES(DEFRULE(c_few_barracks, a_dynamic_civ_scout_cap(168)), MANY_RULES(DEFRULE(c_few_skirm, a_train_knight), MANY_RULES(DEFRULE(c_few_skirm, a_res_loom), MANY_RULES(DEFRULE(c_few_barracks, a_build_house), TWO_RULES(DEFRULE(c_is_feudal_age, a_dynamic_atk_percent(168)), DEFRULE(c_few_skirm, a_build_house))))))))))"
68,23,1638,"MANY_RULES(DEFRULE(AND(c_some_infantry, c_can_res_gold_1), a_dynamic_civ_scout_pct(40)), MANY_RULES(DEFRULE(c_some_knight, a_dynamic_civ_scout_cap(168)), MANY_RULES(DEFRULE(c_few_skirm, a_res_loom), MANY_RULES(DEFRULE(c_few_barracks, a_build_house), MANY_RULES(DEFRULE(c_few_skirm, a_res_loom), MANY_RULES(DEFRULE(c_few_skirm, a_res_loom), MANY_RULES(DEFRULE(c_few_skirm, a_train_vill), MANY_RULES(DEFRULE(c_few_skirm, a_res_loom), MANY_RULES(DEFRULE(c_few_skirm, a_res_loom), TWO_RULES(DEFRULE(c_can_res_blast, a_train_vill), DEFRULE(c_few_mangonel, a_build_house)))))))))))"
68,47,1634,"MANY_RULES(DEFRULE(c_some_skirm, a_build_house), MANY_RULES(DEFRULE(c_some_ram, a_dynamic_civ_scout_cap(168)), MANY_RULES(DEFRULE(c_few_barracks, a_train_vill), MANY_RULES(DEFRULE(c_some_ram, a_train_vill), MANY_RULES(DEFRULE(c_few_barracks, a_dynamic_civ_scout_cap(168)), MANY_RULES(DEFRULE(c_far_gold, a_train_knight), MANY_RULES(DEFRULE(c_few_skirm, a_res_loom), MANY_RULES(DEFRULE(c_few_barracks, a_build_house), TWO_RULES(DEFRULE(c_is_feudal_age, a_dynamic_atk_percent(168)), DEFRULE(c_some_knight, a_dynamic_civ_scout_cap(168)))))))))))"
68,72,1631,"MANY_RULES(DEFRULE(c_far_gold, a_train_vill), MANY_RULES(t_empty_rule, MANY_RULES(DEFRULE(c_enemy_has_many_pike, a_dynamic_atk_percent(168)), MANY_RULES(DEFRULE(c_few_skirm, a_build_house), MANY_RULES(DEFRULE(c_few_skirm, a_dynamic_group_size(168)), MANY_RULES(DEFRULE(c_few_skirm, a_train_vill), MANY_RULES(DEFRULE(c_some_ram, a_build_house), MANY_RULES(DEFRULE(c_few_skirm, a_build_house), MANY_RULES(DEFRULE(c_few_skirm, a_res_farm_2), MANY_RULES(DEFRULE(c_few_skirm, a_train_vill), MANY_RULES(t_empty_rule, MANY_RULES(DEFRULE(c_few_barracks, a_res_loom), MANY_RULES(DEFRULE(c_few_skirm, a_res_loom), TWO_RULES(DEFRULE(c_few_skirm, a_train_vill), DEFRULE(c_some_ram, a_build_house)))))))))))))))"
68,5,1628,"MANY_RULES(DEFRULE(c_far_gold, a_dynamic_atk_percent(5)), MANY_RULES(DEFRULE(c_some_knight, a_dynamic_civ_scout_cap(168)), MANY_RULES(DEFRULE(AND(c_can_res_blast, c_enemy_has_many_pike), a_dynamic_atk_percent(168)), MANY_RULES(DEFRULE(AND(c_can_res_blast, c_enemy_has_many_pike), a_dynamic_atk_percent(168)), MANY_RULES(DEFRULE(c_few_skirm, a_dynamic_group_size(168)), MANY_RULES(DEFRULE(c_few_skirm, a_dynamic_civ_scout_cap(168)), MANY_RULES(DEFRULE(c_some_ram, a_build_house), MANY_RULES(DEFRULE(c_few_skirm, a_train_vill), MANY_RULES(DEFRULE(c_few_skirm, a_res_farm_2), MANY_RULES(DEFRULE(c_few_skirm, a_train_vill), MANY_RULES(DEFRULE(c_few_skirm, a_res_farm_2), MANY_RULES(DEFRULE(c_few_barracks, a_res_loom), MANY_RULES(DEFRULE(c_few_skirm, a_res_farm_2), MANY_RULES(DEFRULE(c_few_skirm, a_train_vill), MANY_RULES(DEFRULE(c_few_skirm, DO_BOTH(a_build_dock, a_forward_tower)), MANY_RULES(DEFRULE(c_few_barracks, a_res_loom), MANY_RULES(DEFRULE(c_few_barracks, a_build_house), TWO_RULES(DEFRULE(c_far_gold, a_train_vill), DEFRULE(c_some_ram, a_res_loom)))))))))))))))))))"
68,78,1626,"MANY_RULES(DEFRULE(c_can_res_blast, a_train_vill), MANY_RULES(DEFRULE(c_some_knight, a_dynamic_civ_scout_cap(168)), MANY_RULES(DEFRULE(c_few_skirm, a_train_vill), MANY_RULES(DEFRULE(c_few_skirm, a_res_farm_2), MANY_RULES(DEFRULE(c_few_barracks, a_build_house), TWO_RULES(DEFRULE(c_far_gold, a_train_vill), DEFRULE(c_some_ram, a_dynamic_civ_scout_cap(168))))))))"
68,39,1623,"MANY_RULES(DEFRULE(c_far_gold, a_train_vill), MANY_RULES(DEFRULE(c_some_knight, a_dynamic_civ_scout_cap(168)), MANY_RULES(DEFRULE(c_enemy_has_many_pike, a_dynamic_atk_percent(168)), MANY_RULES(DEFRULE(c_few_skirm, a_build_house), MANY_RULES(DEFRULE(c_few_skirm, a_dynamic_group_size(168)), MANY_RULES(DEFRULE(c_many_scout, a_train_monk), MANY_RULES(DEFRULE(c_few_mangonel, a_build_house), MANY_RULES(DEFRULE(c_few_skirm, a_build_house), MANY_RULES(DEFRULE(c_few_skirm, a_res_farm_2), MANY_RULES(DEFRULE(c_few_skirm, a_train_vill), MANY_RULES(DEFRULE(c_few_skirm, a_res_farm_2), MANY_RULES(DEFRULE(c_few_barracks, a_res_loom), MANY_RULES(DEFRULE(c_few_barracks, a_build_house), MANY_RULES(DEFRULE(c_few_skirm, a_res_loom), TWO_RULES(DEFRULE(c_few_skirm, a_train_vill), DEFRULE(c_some_ram, a_build_house))))))))))))))))"
68,28,1613,"MANY_RULES(DEFRULE(c_can_res_blast, a_train_vill), MANY_RULES(DEFRULE(c_few_archer, a_dynamic_civ_scout_cap(168)), MANY_RULES(DEFRULE(c_few_skirm, a_res_loom), MANY_RULES(DEFRULE(c_few_barracks, a_build_house), MANY_RULES(DEFRULE(AND(c_can_res_stone_1, c_enemy_has_many_pike), a_dynamic_group_size(20)), MANY_RULES(DEFRULE(c_few_skirm, a_build_house), MANY_RULES(DEFRULE(c_few_skirm, a_train_vill), MANY_RULES(DEFRULE(c_some_knight, a_dynamic_civ_scout_cap(168)), MANY_RULES(DEFRULE(c_few_skirm, a_res_loom), MANY_RULES(DEFRULE(c_few_barracks, a_build_house), MANY_RULES(DEFRULE(AND(c_can_res_stone_1, c_enemy_has_many_pike), a_dynamic_group_size(20)), MANY_RULES(DEFRULE(c_few_skirm, a_res_loom), MANY_RULES(DEFRULE(c_few_skirm, a_train_vill), MANY_RULES(DEFRULE(c_few_skirm, a_res_loom), MANY_RULES(DEFRULE(c_few_skirm, a_build_house), TWO_RULES(DEFRULE(c_can_res_blast, a_dynamic_civ_scout_cap(168)), DEFRULE(c_few_mangonel, a_build_house)))))))))))))))))"
68,18,1610,"MANY_RULES(DEFRULE(c_far_gold, a_dynamic_atk_percent(5)), MANY_RULES(DEFRULE(c_far_gold, a_dynamic_civ_scout_cap(168)), MANY_RULES(DEFRULE(AND(c_can_res_blast, c_enemy_has_many_pike), a_dynamic_atk_percent(168)), MANY_RULES(DEFRULE(AND(c_can_res_blast, c_enemy_has_many_pike), a_dynamic_atk_percent(168)), MANY_RULES(DEFRULE(c_few_skirm, a_dynamic_group_size(168)), MANY_RULES(DEFRULE(c_few_skirm, a_dynamic_civ_scout_cap(168)), MANY_RULES(DEFRULE(c_some_ram, a_build_house), MANY_RULES(DEFRULE(c_few_skirm, a_train_vill), MANY_RULES(DEFRULE(c_few_skirm, a_res_farm_2), MANY_RULES(DEFRULE(c_few_skirm, a_train_vill), MANY_RULES(DEFRULE(c_few_skirm, a_res_farm_2), MANY_RULES(DEFRULE(c_few_barracks, a_res_loom), MANY_RULES(DEFRULE(c_few_skirm, a_res_farm_2), MANY_RULES(DEFRULE(c_few_skirm, a_train_vill), MANY_RULES(DEFRULE(c_few_skirm, DO_BOTH(a_build_dock, a_forward_tower)), MANY_RULES(DEFRULE(c_few_barracks, a_res_loom), MANY_RULES(DEFRULE(c_few_barracks, a_build_house), TWO_RULES(DEFRULE(c_far_gold, a_train_vill), DEFRULE(c_some_ram, a_res_loom)))))))))))))))))))"
68,33,1607,"MANY_RULES(DEFRULE(c_can_go_feudal_age, a_build_house), MANY_RULES(DEFRULE(c_far_gold, a_train_vill), MANY_RULES(DEFRULE(c_few_skirm, a_dynamic_civ_scout_cap(86)), MANY_RULES(DEFRULE(c_some_mangonel, a_train_vill), MANY_RULES(DEFRULE(c_some_ram, a_train_vill), MANY_RULES(DEFRULE(c_few_skirm, a_res_farm_2), MANY_RULES(DEFRULE(c_far_gold, a_build_house), MANY_RULES(DEFRULE(c_few_skirm, a_train_vill), MANY_RULES(DEFRULE(c_few_skirm, a_res_loom), TWO_RULES(DEFRULE(c_far_gold, a_train_vill), DEFRULE(c_some_ram, a_build_house)))))))))))"
68,16,1604,"MANY_RULES(DEFRULE(AND(c_some_infantry, c_can_res_gold_1), a_build_house), MANY_RULES(DEFRULE(c_some_knight, a_dynamic_civ_scout_cap(168)), MANY_RULES(DEFRULE(c_few_skirm, a_res_loom), MANY_RULES(DEFRULE(c_few_barracks, a_build_house), MANY_RULES(DEFRULE(c_few_skirm, a_res_loom), MANY_RULES(DEFRULE(c_few_skirm, a_res_loom), MANY_RULES(DEFRULE(c_few_skirm, a_train_vill), MANY_RULES(DEFRULE(c_few_skirm, a_res_loom), MANY_RULES(DEFRULE(c_few_skirm, a_res_loom), TWO_RULES(DEFRULE(c_can_res_blast, a_train_vill), DEFRULE(c_few_mangonel, a_build_house)))))))))))"
68,2,1603,"MANY_RULES(DEFRULE(c_few_skirm, a_res_loom), MANY_RULES(DEFRULE(c_some_knight, a_dynamic_civ_scout_cap(20)), MANY_RULES(DEFRULE(AND(c_can_res_blast, c_enemy_has_many_pike), a_dynamic_atk_percent(168)), MANY_RULES(DEFRULE(c_few_skirm, a_dynamic_civ_scout_cap(i_val(i_val(20)))), MANY_RULES(DEFRULE(c_few_skirm, a_train_vill), MANY_RULES(DEFRULE(c_few_barracks, a_build_house), TWO_RULES(DEFRULE(c_no_castle, a_res_scale_mail), DEFRULE(AND(c_few_skirm, c_can_build_market), a_dynamic_civ_scout_cap(5)))))))))"
68,75,1602,"MANY_RULES(DEFRULE(c_some_skirm, a_build_house), MANY_RULES(DEFRULE(c_some_ram, a_dynamic_civ_scout_cap(168)), MANY_RULES(DEFRULE(c_few_barracks, a_train_vill), MANY_RULES(DEFRULE(c_some_ram, a_train_vill), MANY_RULES(DEFRULE(c_few_barracks, a_dynamic_civ_scout_cap(168)), MANY_RULES(DEFRULE(c_few_skirm, a_train_knight), MANY_RULES(DEFRULE(c_few_skirm, a_res_loom), MANY_RULES(t_empty_rule, TWO_RULES(DEFRULE(c_few_skirm, a_dynamic_atk_percent(20)), DEFRULE(c_few_mangonel, a_build_house))))))))))"
68,40,1601,"MANY_RULES(DEFRULE(c_can_res_blast, a_train_vill), MANY_RULES(DEFRULE(c_some_knight, a_dynamic_civ_scout_cap(168)), MANY_RULES(DEFRULE(c_few_skirm, a_res_loom), MANY_RULES(DEFRULE(c_few_barracks, a_build_house), MANY_RULES(DEFRULE(AND(c_can_res_stone_1, c_enemy_has_many_pike), a_dynamic_group_size(20)), MANY_RULES(DEFRULE(c_few_skirm, a_build_house), MANY_RULES(DEFRULE(c_few_skirm, a_train_vill), MANY_RULES(DEFRULE(c_few_skirm, a_res_loom), MANY_RULES(DEFRULE(c_few_skirm, a_build_house), TWO_RULES(DEFRULE(c_can_res_blast, a_dynamic_group_size(20)), DEFRULE(c_few_mangonel, a_build_house)))))))))))"
68,61,1600,"MANY_RULES(DEFRULE(c_far_gold, a_dynamic_atk_percent(5)), MANY_RULES(DEFRULE(c_some_knight, a_dynamic_civ_scout_cap(168)), MANY_RULES(DEFRULE(AND(c_can_res_blast, c_enemy_has_many_pike), a_dynamic_atk_percent(168)), MANY_RULES(DEFRULE(c_enemy_has_many_pike, a_dynamic_atk_percent(168)), MANY_RULES(DEFRULE(c_some_archer, a_build_archery_range), MANY_RULES(DEFRULE(c_few_skirm, a_dynamic_civ_scout_cap(168)), MANY_RULES(DEFRULE(c_some_ram, a_build_house), MANY_RULES(DEFRULE(c_few_skirm, a_train_vill), MANY_RULES(DEFRULE(c_few_skirm, a_res_farm_2), MANY_RULES(DEFRULE(c_few_skirm, a_train_vill), MANY_RULES(DEFRULE(c_few_skirm, a_res_farm_2), MANY_RULES(DEFRULE(c_few_barracks, a_res_loom), MANY_RULES(DEFRULE(AND(c_can_res_blast, c_enemy_has_many_pike), a_dynamic_atk_percent(168)), TWO_RULES(DEFRULE(c_can_res_blast, a_train_vill), DEFRULE(c_few_mangonel, a_build_house)))))))))))))))"
68,19,1598,"MANY_RULES(DEFRULE(c_some_knight, a_dynamic_group_size(20)), MANY_RULES(DEFRULE(c_some_knight, a_dynamic_civ_scout_cap(168)), MANY_RULES(DEFRULE(c_few_skirm, a_res_loom), MANY_RULES(DEFRULE(c_few_barracks, a_build_house), MANY_RULES(DEFRULE(c_few_skirm, a_res_loom), MANY_RULES(DEFRULE(c_few_skirm, a_res_loom), MANY_RULES(DEFRULE(c_few_skirm, a_train_vill), MANY_RULES(DEFRULE(c_few_skirm, a_res_loom), MANY_RULES(DEFRULE(c_few_skirm, a_res_loom), TWO_RULES(DEFRULE(c_can_res_blast, a_train_vill), DEFRULE(c_few_mangonel, a_build_house)))))))))))"
68,49,1598,"MANY_RULES(DEFRULE(c_far_gold, a_dynamic_atk_percent(5)), MANY_RULES(DEFRULE(c_some_knight, a_dynamic_civ_scout_cap(168)), MANY_RULES(DEFRULE(AND(c_can_res_blast, c_enemy_has_many_pike), a_dynamic_atk_percent(168)), MANY_RULES(DEFRULE(AND(c_can_res_blast, c_enemy_has_many_pike), a_dynamic_atk_percent(168)), MANY_RULES(DEFRULE(c_few_skirm, a_dynamic_group_size(168)), MANY_RULES(DEFRULE(c_few_skirm, a_dynamic_civ_scout_cap(168)), MANY_RULES(DEFRULE(c_some_ram, a_build_house), MANY_RULES(DEFRULE(c_few_skirm, a_train_vill), MANY_RULES(DEFRULE(c_far_gold, a_res_farm_2), MANY_RULES(DEFRULE(c_few_skirm, a_train_vill), MANY_RULES(DEFRULE(c_few_skirm, a_res_farm_2), MANY_RULES(DEFRULE(c_few_barracks, a_res_loom), MANY_RULES(DEFRULE(c_few_skirm, a_res_farm_2), MANY_RULES(DEFRULE(c_few_skirm, a_train_vill), MANY_RULES(DEFRULE(c_few_skirm, DO_BOTH(a_build_dock, a_forward_tower)), MANY_RULES(DEFRULE(c_few_barracks, a_res_loom), MANY_RULES(DEFRULE(c_few_barracks, a_build_house), TWO_RULES(DEFRULE(c_far_gold, a_train_vill), DEFRULE(c_some_ram, a_res_loom)))))))))))))))))))"
68,76,1597,"MANY_RULES(DEFRULE(c_far_gold, a_train_vill), MANY_RULES(DEFRULE(c_few_barracks, a_dynamic_civ_scout_cap(20)), MANY_RULES(DEFRULE(c_few_skirm, a_res_loom), MANY_RULES(DEFRULE(AND(c_can_res_blast, c_enemy_has_many_pike), a_dynamic_group_size(20)), MANY_RULES(DEFRULE(c_few_skirm, a_res_loom), MANY_RULES(DEFRULE(c_few_skirm, a_train_vill), MANY_RULES(DEFRULE(c_few_skirm, a_res_loom), MANY_RULES(DEFRULE(c_few_skirm, a_build_house), TWO_RULES(DEFRULE(c_far_gold, a_train_vill), DEFRULE(c_few_mangonel, a_town_size_30))))))))))"
68,48,1593,"MANY_RULES(DEFRULE(c_few_skirm, a_train_vill), MANY_RULES(DEFRULE(c_few_barracks, a_dynamic_civ_scout_cap(20)), MANY_RULES(DEFRULE(c_few_skirm, a_res_loom), MANY_RULES(DEFRULE(AND(c_can_res_blast, c_enemy_has_many_pike), a_dynamic_group_size(20)), MANY_RULES(DEFRULE(c_few_skirm, a_res_loom), MANY_RULES(DEFRULE(c_few_skirm, a_train_vill), MANY_RULES(DEFRULE(c_few_skirm, a_res_loom), MANY_RULES(DEFRULE(c_few_skirm, a_build_house), TWO_RULES(DEFRULE(c_far_gold, a_train_vill), DEFRULE(c_few_mangonel, a_town_size_30))))))))))"
68,65,1589,"MANY_RULES(DEFRULE(c_far_gold, a_dynamic_atk_percent(5)), MANY_RULES(DEFRULE(c_some_knight, a_dynamic_civ_scout_cap(168)), MANY_RULES(DEFRULE(AND(c_can_res_blast, c_enemy_has_many_pike), a_dynamic_atk_percent(168)), MANY_RULES(DEFRULE(AND(c_can_res_blast, c_enemy_has_many_pike), a_dynamic_group_size(168)), MANY_RULES(DEFRULE(c_few_skirm, a_res_loom), MANY_RULES(DEFRULE(c_few_skirm, a_train_vill), MANY_RULES(DEFRULE(c_few_skirm, a_build_house), TWO_RULES(DEFRULE(c_few_skirm, a_train_vill), DEFRULE(c_few_mangonel, a_build_house)))))))))"
68,83,1586,"MANY_RULES(DEFRULE(c_far_gold, a_train_vill), MANY_RULES(DEFRULE(c_some_knight, a_dynamic_civ_scout_cap(20)), MANY_RULES(DEFRULE(c_few_skirm, a_res_loom), MANY_RULES(DEFRULE(c_few_skirm, a_train_vill), MANY_RULES(DEFRULE(c_few_skirm, a_build_house), TWO_RULES(DEFRULE(c_can_res_blast, a_train_vill), DEFRULE(c_few_mangonel, a_build_house)))))))"
68,53,1583,"MANY_RULES(DEFRULE(c_few_skirm, a_res_loom), MANY_RULES(DEFRULE(c_some_knight, a_dynamic_civ_scout_cap(20)), MANY_RULES(DEFRULE(AND(c_can_res_blast, c_enemy_has_many_pike), a_dynamic_atk_percent(168)), MANY_RULES(DEFRULE(c_few_skirm, a_dynamic_civ_scout_cap(i_val(i_val(168)))), MANY_RULES(DEFRULE(c_few_skirm, a_train_vill), MANY_RULES(DEFRULE(c_few_barracks, a_build_house), TWO_RULES(DEFRULE(c_no_castle, a_res_scale_mail), DEFRULE(AND(c_few_skirm, c_can_build_market), a_dynamic_civ_scout_cap(5)))))))))"
68,82,1581,"MANY_RULES(DEFRULE(c_can_res_blast, a_train_vill), MANY_RULES(DEFRULE(c_some_knight, a_dynamic_civ_scout_cap(168)), MANY_RULES(DEFRULE(c_few_skirm, a_res_loom), MANY_RULES(DEFRULE(AND(c_can_res_stone_1, c_enemy_has_many_pike), a_dynamic_group_size(20)), MANY_RULES(DEFRULE(c_few_skirm, a_build_house), MANY_RULES(DEFRULE(c_few_skirm, a_train_vill), MANY_RULES(DEFRULE(c_few_skirm, a_res_loom), MANY_RULES(DEFRULE(c_few_skirm, a_res_fletching), TWO_RULES(DEFRULE(c_can_res_blast, a_dynamic_group_size(20)), DEFRULE(c_few_mangonel, a_build_house))))))))))"
68,43,1579,"MANY_RULES(DEFRULE(c_few_skirm, a_train_vill), MANY_RULES(DEFRULE(c_some_knight, a_dynamic_civ_scout_cap(168)), MANY_RULES(DEFRULE(c_few_skirm, a_build_house), MANY_RULES(DEFRULE(AND(c_mil_pop_10, c_enemy_has_many_pike), a_build_house), MANY_RULES(DEFRULE(c_few_skirm, a_res_loom), MANY_RULES(DEFRULE(c_few_skirm, a_res_farm_2), MANY_RULES(DEFRULE(c_few_barracks, a_dynamic_civ_scout_cap(168)), MANY_RULES(DEFRULE(c_few_skirm, a_train_knight), MANY_RULES(DEFRULE(c_few_skirm, a_train_vill), MANY_RULES(DEFRULE(c_few_barracks, a_train_vill), TWO_RULES(DEFRULE(c_few_skirm, a_train_vill), DEFRULE(c_some_ram, a_build_house))))))))))))"
68,71,1575,"MANY_RULES(DEFRULE(c_far_gold, a_dynamic_atk_percent(5)), MANY_RULES(DEFRULE(c_some_knight, a_dynamic_civ_scout_cap(168)), MANY_RULES(DEFRULE(AND(c_can_res_blast, AND(AND(c_some_pike, c_low_food), AND(c_vills_under_60, c_low_stone))), a_dynamic_atk_percent(168)), MANY_RULES(DEFRULE(AND(c_can_res_blast, c_enemy_has_many_pike), a_dynamic_atk_percent(168)), MANY_RULES(DEFRULE(c_few_skirm, a_dynamic_group_size(168)), MANY_RULES(DEFRULE(c_few_skirm, a_dynamic_civ_scout_cap(168)), MANY_RULES(DEFRULE(c_some_ram, a_build_house), MANY_RULES(DEFRULE(c_few_skirm, a_train_vill), MANY_RULES(DEFRULE(c_few_skirm, a_res_farm_2), MANY_RULES(DEFRULE(c_few_skirm, a_train_vill), MANY_RULES(DEFRULE(c_few_skirm, a_res_farm_2), MANY_RULES(DEFRULE(c_few_barracks, a_res_loom), MANY_RULES(DEFRULE(c_few_skirm, a_res_farm_2), MANY_RULES(DEFRULE(c_few_skirm, a_train_vill), MANY_RULES(DEFRULE(c_few_skirm, DO_BOTH(a_build_dock, a_forward_tower)), MANY_RULES(DEFRULE(c_few_barracks, a_res_loom), MANY_RULES(DEFRULE(c_few_barracks, a_build_house), TWO_RULES(DEFRULE(c_far_gold, a_train_vill), DEFRULE(c_some_ram, a_res_loom)))))))))))))))))))"
68,62,1573,"MANY_RULES(DEFRULE(c_few_skirm, a_res_loom), MANY_RULES(DEFRULE(c_few_skirm, a_train_vill), MANY_RULES(DEFRULE(c_few_skirm, a_res_farm_2), MANY_RULES(DEFRULE(c_few_skirm, a_train_vill), MANY_RULES(DEFRULE(c_few_skirm, a_res_farm_2), MANY_RULES(DEFRULE(c_few_barracks, a_res_loom), MANY_RULES(DEFRULE(c_few_barracks, a_build_house), TWO_RULES(DEFRULE(c_few_skirm, a_train_vill), DEFRULE(c_some_ram, a_dynamic_civ_scout_cap(8))))))))))"
68,6,1569,"MANY_RULES(DEFRULE(c_far_gold, a_dynamic_atk_percent(5)), MANY_RULES(DEFRULE(c_some_knight, a_dynamic_civ_scout_cap(168)), MANY_RULES(DEFRULE(AND(c_can_res_blast, c_enemy_has_many_pike), a_dynamic_atk_percent(168)), MANY_RULES(DEFRULE(c_few_skirm, a_dynamic_group_size(168)), MANY_RULES(DEFRULE(c_few_skirm, a_dynamic_civ_scout_cap(168)), MANY_RULES(DEFRULE(c_some_ram, a_build_house), MANY_RULES(DEFRULE(c_few_skirm, a_train_vill), MANY_RULES(DEFRULE(c_few_skirm, a_res_farm_2), MANY_RULES(DEFRULE(c_few_skirm, a_train_vill), MANY_RULES(DEFRULE(AND(c_can_res_blast, c_enemy_has_many_pike), a_dynamic_atk_percent(168)), MANY_RULES(DEFRULE(c_few_skirm, a_dynamic_civ_scout_cap(i_val(i_val(20)))), MANY_RULES(DEFRULE(c_few_skirm, a_train_vill), MANY_RULES(DEFRULE(c_few_barracks, a_build_house), TWO_RULES(DEFRULE(c_no_castle, a_res_scale_mail), DEFRULE(AND(c_few_skirm, c_can_build_market), a_dynamic_civ_scout_cap(5))))))))))))))))"
68,31,1568,"MANY_RULES(DEFRULE(c_far_gold, a_build_house), MANY_RULES(DEFRULE(c_some_knight, a_dynamic_civ_scout_cap(168)), MANY_RULES(DEFRULE(c_few_skirm, a_res_loom), MANY_RULES(DEFRULE(c_few_barracks, a_build_house), MANY_RULES(DEFRULE(AND(c_can_res_stone_1, c_enemy_has_many_pike), a_dynamic_group_size(20)), MANY_RULES(DEFRULE(c_some_ram, a_res_loom), MANY_RULES(DEFRULE(c_few_skirm, a_train_vill), MANY_RULES(DEFRULE(c_few_skirm, a_res_loom), MANY_RULES(DEFRULE(c_few_skirm, a_build_house), TWO_RULES(DEFRULE(c_can_res_blast, a_dynamic_civ_scout_cap(168)), DEFRULE(c_few_mangonel, a_build_house)))))))))))"
68,51,1564,"MANY_RULES(DEFRULE(c_far_gold, a_dynamic_atk_percent(5)), MANY_RULES(DEFRULE(c_some_knight, a_dynamic_civ_scout_cap(168)), MANY_RULES(DEFRULE(AND(c_can_res_blast, c_enemy_has_many_pike), a_dynamic_atk_percent(168)), MANY_RULES(DEFRULE(c_few_skirm, a_dynamic_group_size(168)), MANY_RULES(DEFRULE(c_few_skirm, a_train_knight), MANY_RULES(DEFRULE(c_few_skirm, a_res_loom), MANY_RULES(DEFRULE(c_few_barracks, a_train_vill), MANY_RULES(DEFRULE(c_can_res_blast, a_dynamic_group_size(16)), MANY_RULES(DEFRULE(c_few_skirm, a_res_farm_2), MANY_RULES(DEFRULE(c_few_skirm, a_train_vill), MANY_RULES(DEFRULE(c_few_skirm, DO_BOTH(a_build_dock, a_forward_tower)), MANY_RULES(DEFRULE(c_few_barracks, a_res_loom), MANY_RULES(DEFRULE(c_few_barracks, a_build_house), TWO_RULES(DEFRULE(c_far_gold, a_train_vill), DEFRULE(c_some_ram, a_build_house)))))))))))))))"
68,73,1564,"MANY_RULES(DEFRULE(c_far_gold, a_train_vill), MANY_RULES(DEFRULE(c_some_ram, a_dynamic_civ_scout_cap(168)), MANY_RULES(DEFRULE(c_few_skirm, a_res_loom), MANY_RULES(DEFRULE(c_few_barracks, a_build_house), MANY_RULES(DEFRULE(AND(c_can_res_blast, c_enemy_has_many_pike), a_dynamic_atk_percent(168)), MANY_RULES(DEFRULE(c_few_skirm, a_dynamic_group_size(168)), MANY_RULES(DEFRULE(c_few_skirm, a_dynamic_civ_scout_cap(168)), MANY_RULES(DEFRULE(c_some_ram, a_build_house), MANY_RULES(DEFRULE(c_few_skirm, a_train_vill), MANY_RULES(DEFRULE(c_few_skirm, a_res_farm_2), MANY_RULES(DEFRULE(c_few_skirm, a_train_vill), MANY_RULES(DEFRULE(AND(c_many_pike, c_can_res_bracer), a_res_farm_2), MANY_RULES(DEFRULE(c_few_barracks, a_res_loom), MANY_RULES(DEFRULE(c_few_skirm, a_res_farm_2), MANY_RULES(DEFRULE(c_few_skirm, a_train_vill), MANY_RULES(DEFRULE(c_few_skirm, DO_BOTH(a_build_dock, a_forward_tower)), MANY_RULES(DEFRULE(c_few_barracks, a_res_loom), MANY_RULES(DEFRULE(c_few_barracks, a_build_house), TWO_RULES(DEFRULE(c_far_gold, a_train_vill), DEFRULE(c_some_ram, a_build_house))))))))))))))))))))"
68,54,1562,"MANY_RULES(DEFRULE(c_far_gold, a_train_vill), MANY_RULES(DEFRULE(c_some_ram, a_dynamic_civ_scout_cap(168)), MANY_RULES(DEFRULE(c_few_skirm, a_res_loom), MANY_RULES(DEFRULE(c_few_barracks, a_build_house), MANY_RULES(DEFRULE(AND(c_can_res_blast, c_enemy_has_many_pike), a_dynamic_group_size(168)), MANY_RULES(DEFRULE(c_few_skirm, a_train_vill), MANY_RULES(DEFRULE(c_few_skirm, a_train_vill), MANY_RULES(DEFRULE(c_few_skirm, a_res_loom), MANY_RULES(DEFRULE(c_few_skirm, a_build_house), TWO_RULES(DEFRULE(c_few_stable, a_train_vill), DEFRULE(c_few_mangonel, a_build_house)))))))))))"
68,7,1561,"MANY_RULES(DEFRULE(c_few_skirm, a_res_loom), MANY_RULES(DEFRULE(c_some_knight, a_dynamic_civ_scout_cap(20)), MANY_RULES(DEFRULE(c_few_skirm, a_res_farm_2), MANY_RULES(DEFRULE(c_few_barracks, a_res_loom), MANY_RULES(DEFRULE(c_few_skirm, a_res_farm_2), MANY_RULES(DEFRULE(c_few_skirm, a_train_vill), MANY_RULES(DEFRULE(c_few_skirm, DO_BOTH(a_build_dock, a_forward_tower)), MANY_RULES(DEFRULE(c_few_barracks, a_res_loom), MANY_RULES(DEFRULE(c_few_barracks, a_build_house), TWO_RULES(DEFRULE(c_far_gold, a_train_vill), DEFRULE(c_some_ram, a_build_house)))))))))))"
68,66,1558,"MANY_RULES(DEFRULE(c_some_skirm, a_build_house), MANY_RULES(DEFRULE(c_some_ram, a_dynamic_civ_scout_cap(46)), MANY_RULES(DEFRULE(c_few_barracks, a_train_vill), MANY_RULES(DEFRULE(c_some_ram, a_train_vill), MANY_RULES(DEFRULE(c_few_barracks, a_dynamic_civ_scout_cap(168)), MANY_RULES(DEFRULE(c_few_skirm, a_train_knight), MANY_RULES(DEFRULE(c_few_skirm, a_res_loom), MANY_RULES(DEFRULE(c_few_barracks, a_build_house), MANY_RULES(DEFRULE(c_few_skirm, a_train_vill), MANY_RULES(DEFRULE(c_few_skirm, a_build_house), TWO_RULES(DEFRULE(c_can_res_blast, a_train_vill), DEFRULE(c_few_mangonel, a_build_house))))))))))))"
68,63,1556,"MANY_RULES(DEFRULE(c_some_skirm, a_build_house), MANY_RULES(DEFRULE(c_some_ram, a_dynamic_civ_scout_cap(168)), MANY_RULES(DEFRULE(c_few_barracks, a_train_vill), MANY_RULES(DEFRULE(c_few_skirm, a_train_vill), MANY_RULES(DEFRULE(c_few_barracks, a_dynamic_civ_scout_cap(168)), MANY_RULES(DEFRULE(c_few_skirm, a_train_knight), MANY_RULES(DEFRULE(c_few_skirm, a_res_loom), MANY_RULES(DEFRULE(c_few_barracks, a_build_house), TWO_RULES(DEFRULE(c_is_feudal_age, a_dynamic_atk_percent(168)), DEFRULE(c_some_knight, a_dynamic_civ_scout_cap(199)))))))))))"
68,36,1554,"MANY_RULES(DEFRULE(c_far_gold, a_train_vill), MANY_RULES(DEFRULE(c_some_knight, a_dynamic_civ_scout_cap(168)), MANY_RULES(DEFRULE(c_few_skirm, a_res_loom), MANY_RULES(DEFRULE(c_few_skirm, DO_BOTH(a_build_dock, a_forward_tower)), MANY_RULES(DEFRULE(c_few_barracks, a_res_loom), MANY_RULES(DEFRULE(c_few_barracks, a_build_house), TWO_RULES(DEFRULE(c_far_gold, a_train_vill), DEFRULE(c_some_ram, a_dynamic_civ_scout_cap(168)))))))))"
68,45,1550,"MANY_RULES(DEFRULE(c_few_skirm, a_res_loom), MANY_RULES(DEFRULE(c_some_knight, a_dynamic_civ_scout_cap(20)), MANY_RULES(DEFRULE(AND(c_can_res_blast, c_enemy_has_many_pike), a_dynamic_atk_percent(168)), MANY_RULES(DEFRULE(c_few_mangonel, a_dynamic_civ_scout_cap(i_val(i_val(20)))), MANY_RULES(DEFRULE(c_few_skirm, a_train_vill), MANY_RULES(DEFRULE(c_few_barracks, a_build_house), TWO_RULES(DEFRULE(c_no_castle, a_res_scale_mail), DEFRULE(AND(c_few_skirm, c_can_build_market), a_dynamic_civ_scout_cap(5)))))))))"
68,60,1549,"MANY_RULES(DEFRULE(c_far_gold, a_train_vill), MANY_RULES(DEFRULE(AND(AND(c_some_skirm, c_can_res_farm_3), AND(c_vills_under_60, c_low_stone)), a_dynamic_civ_scout_cap(20)), MANY_RULES(DEFRULE(c_few_skirm, a_res_loom), MANY_RULES(DEFRULE(AND(c_can_res_blast, c_enemy_has_many_pike), a_dynamic_group_size(20)), MANY_RULES(DEFRULE(c_few_skirm, a_res_loom), MANY_RULES(DEFRULE(c_few_skirm, a_train_vill), MANY_RULES(DEFRULE(c_few_skirm, a_res_loom), MANY_RULES(DEFRULE(c_few_skirm, a_build_house), TWO_RULES(DEFRULE(c_far_gold, a_train_vill), DEFRULE(c_few_mangonel, a_town_size_30))))))))))"
68,17,1539,"MANY_RULES(DEFRULE(c_far_gold, a_train_vill), MANY_RULES(DEFRULE(c_few_barracks, a_dynamic_civ_scout_cap(20)), MANY_RULES(DEFRULE(c_few_skirm, a_res_loom), MANY_RULES(DEFRULE(AND(c_can_res_blast, c_enemy_has_many_pike), a_dynamic_group_size(20)), MANY_RULES(DEFRULE(c_few_skirm, a_res_loom), MANY_RULES(DEFRULE(c_few_skirm, a_res_loom), MANY_RULES(DEFRULE(c_few_skirm, a_build_house), TWO_RULES(DEFRULE(c_far_gold, a_train_vill), DEFRULE(c_few_mangonel, a_dynamic_civ_scout_pct(40))))))))))"
68,1,1538,"MANY_RULES(DEFRULE(c_far_gold, a_train_vill), MANY_RULES(DEFRULE(c_some_knight, a_dynamic_civ_scout_cap(168)), MANY_RULES(DEFRULE(c_enemy_has_many_pike, a_dynamic_atk_percent(168)), MANY_RULES(DEFRULE(c_few_skirm, a_build_house), MANY_RULES(DEFRULE(c_few_skirm, a_dynamic_group_size(168)), MANY_RULES(DEFRULE(c_few_skirm, a_train_vill), MANY_RULES(DEFRULE(c_some_ram, a_build_house), MANY_RULES(DEFRULE(c_few_skirm, a_build_house), MANY_RULES(DEFRULE(c_few_skirm, a_res_farm_2), MANY_RULES(DEFRULE(c_few_skirm, a_train_vill), MANY_RULES(t_empty_rule, MANY_RULES(DEFRULE(c_few_barracks, a_res_loom), MANY_RULES(DEFRULE(c_few_skirm, a_res_loom), TWO_RULES(DEFRULE(c_few_skirm, a_train_vill), DEFRULE(c_some_ram, a_build_house)))))))))))))))"
68,77,1538,"MANY_RULES(DEFRULE(c_far_gold, a_train_vill), MANY_RULES(DEFRULE(c_some_knight, a_dynamic_civ_scout_cap(168)), MANY_RULES(DEFRULE(c_few_skirm, a_build_house), MANY_RULES(DEFRULE(AND(c_mil_pop_10, c_enemy_has_many_pike), a_build_house), MANY_RULES(DEFRULE(c_few_skirm, a_res_loom), MANY_RULES(DEFRULE(c_few_skirm, a_res_farm_2), MANY_RULES(DEFRULE(c_few_barracks, a_dynamic_civ_scout_cap(168)), MANY_RULES(DEFRULE(c_few_skirm, a_train_knight), MANY_RULES(DEFRULE(c_few_skirm, a_train_vill), TWO_RULES(DEFRULE(c_few_skirm, a_train_vill), DEFRULE(c_some_ram, a_build_house)))))))))))"
68,11,1526,"MANY_RULES(DEFRULE(c_can_res_blast, a_train_vill), MANY_RULES(DEFRULE(c_some_knight, a_dynamic_civ_scout_cap(168)), MANY_RULES(DEFRULE(c_few_skirm, a_res_loom), MANY_RULES(DEFRULE(c_few_barracks, a_build_house), MANY_RULES(DEFRULE(AND(c_can_res_stone_1, c_enemy_has_many_pike), a_dynamic_group_size(20)), MANY_RULES(DEFRULE(c_few_skirm, a_res_loom), MANY_RULES(DEFRULE(c_few_skirm, a_train_vill), MANY_RULES(DEFRULE(c_some_ram, a_train_vill), MANY_RULES(DEFRULE(c_few_barracks, a_dynamic_civ_scout_cap(168)), MANY_RULES(DEFRULE(c_few_skirm, a_train_knight), MANY_RULES(DEFRULE(c_few_skirm, a_res_loom), MANY_RULES(DEFRULE(c_few_barracks, a_build_house), TWO_RULES(DEFRULE(c_few_skirm, a_dynamic_atk_percent(168)), DEFRULE(c_some_ram, a_train_vill))))))))))))))"
68,57,1500,"MANY_RULES(DEFRULE(c_far_gold, a_dynamic_atk_percent(5)), MANY_RULES(DEFRULE(c_some_knight, a_dynamic_civ_scout_cap(168)), MANY_RULES(DEFRULE(AND(c_can_res_blast, c_enemy_has_many_pike), a_dynamic_atk_percent(168)), MANY_RULES(DEFRULE(AND(c_can_res_blast, c_enemy_has_many_pike), a_dynamic_group_size(168)), MANY_RULES(DEFRULE(c_few_treb, a_res_loom), MANY_RULES(DEFRULE(c_few_skirm, a_train_vill), MANY_RULES(DEFRULE(c_few_skirm, a_res_loom), MANY_RULES(DEFRULE(c_few_skirm, a_build_house), TWO_RULES(DEFRULE(c_few_skirm, a_train_vill), DEFRULE(c_few_mangonel, a_build_house))))))))))"
68,14,1497,"MANY_RULES(DEFRULE(c_can_res_blast, a_train_vill), MANY_RULES(DEFRULE(c_some_knight, a_train_knight), MANY_RULES(DEFRULE(c_few_skirm, a_res_loom), MANY_RULES(DEFRULE(c_few_barracks, a_build_house), MANY_RULES(DEFRULE(AND(c_can_res_stone_1, c_enemy_has_many_pike), a_dynamic_group_size(20)), MANY_RULES(DEFRULE(c_few_skirm, a_res_loom), MANY_RULES(DEFRULE(c_few_skirm, a_train_vill), MANY_RULES(DEFRULE(c_some_ram, a_train_vill), MANY_RULES(DEFRULE(c_few_barracks, a_dynamic_civ_scout_cap(168)), MANY_RULES(DEFRULE(c_few_skirm, a_train_knight), MANY_RULES(DEFRULE(c_few_skirm, a_res_loom), MANY_RULES(DEFRULE(c_few_barracks, a_build_house), TWO_RULES(DEFRULE(c_few_skirm, a_dynamic_atk_percent(5)), DEFRULE(c_some_ram, a_build_house))))))))))))))"
68,27,1484,"MANY_RULES(DEFRULE(c_can_res_blast, a_train_vill), MANY_RULES(DEFRULE(c_few_archer, a_dynamic_civ_scout_cap(168)), MANY_RULES(DEFRULE(c_few_skirm, a_res_loom), MANY_RULES(DEFRULE(c_few_barracks, a_build_house), MANY_RULES(DEFRULE(AND(c_can_res_stone_1, c_enemy_has_many_pike), a_dynamic_group_size(20)), MANY_RULES(DEFRULE(c_few_skirm, a_build_house), MANY_RULES(DEFRULE(c_few_skirm, a_train_vill), MANY_RULES(DEFRULE(c_few_skirm, a_res_loom), MANY_RULES(DEFRULE(c_few_skirm, a_build_house), TWO_RULES(DEFRULE(c_can_res_blast, a_train_vill), DEFRULE(c_few_mangonel, a_build_house)))))))))))"
68,81,1465,"MANY_RULES(DEFRULE(c_far_gold, a_train_vill), MANY_RULES(DEFRULE(c_some_knight, a_dynamic_civ_scout_cap(168)), MANY_RULES(DEFRULE(c_enemy_has_many_pike, a_dynamic_atk_percent(168)), MANY_RULES(DEFRULE(c_few_skirm, a_build_house), MANY_RULES(DEFRULE(c_few_skirm, a_dynamic_group_size(168)), MANY_RULES(DEFRULE(c_few_skirm, a_train_vill), MANY_RULES(DEFRULE(c_some_ram, a_dynamic_group_size(i_val(34))), MANY_RULES(DEFRULE(c_few_skirm, a_build_house), MANY_RULES(DEFRULE(c_few_skirm, a_res_farm_2), MANY_RULES(DEFRULE(c_few_skirm, a_train_vill), MANY_RULES(DEFRULE(c_few_skirm, DO_BOTH(a_build_dock, a_forward_tower)), MANY_RULES(DEFRULE(c_few_barracks, a_res_loom), MANY_RULES(DEFRULE(c_has_stone, a_train_knight), TWO_RULES(DEFRULE(c_can_go_feudal_age, a_res_forging), DEFRULE(c_some_ram, a_build_house)))))))))))))))"
68,69,1451,"MANY_RULES(DEFRULE(c_some_skirm, a_build_house), MANY_RULES(DEFRULE(c_some_ram, a_dynamic_civ_scout_cap(168)), MANY_RULES(DEFRULE(c_some_ram, a_train_vill), MANY_RULES(DEFRULE(c_few_barracks, a_dynamic_civ_scout_cap(168)), MANY_RULES(DEFRULE(c_few_skirm, a_train_knight), MANY_RULES(DEFRULE(c_few_skirm, a_res_loom), MANY_RULES(DEFRULE(c_few_barracks, a_build_house), TWO_RULES(DEFRULE(c_is_feudal_age, a_dynamic_atk_percent(168)), DEFRULE(c_few_skirm, a_build_house)))))))))"
68,41,1414,"MANY_RULES(DEFRULE(c_can_res_blast, a_train_vill), MANY_RULES(DEFRULE(c_some_knight, a_dynamic_civ_scout_cap(168)), MANY_RULES(DEFRULE(c_few_skirm, a_res_loom), MANY_RULES(DEFRULE(c_few_barracks, a_build_house), MANY_RULES(DEFRULE(AND(c_can_res_stone_1, c_enemy_has_many_pike), a_dynamic_group_size(20)), MANY_RULES(DEFRULE(c_few_skirm, a_res_loom), MANY_RULES(DEFRULE(c_few_skirm, a_train_vill), MANY_RULES(DEFRULE(c_some_ram, a_train_vill), MANY_RULES(DEFRULE(c_few_barracks, a_dynamic_civ_scout_cap(168)), MANY_RULES(DEFRULE(c_few_skirm, a_train_knight), MANY_RULES(DEFRULE(c_few_skirm, a_res_loom), MANY_RULES(DEFRULE(c_few_barracks, a_build_house), TWO_RULES(DEFRULE(c_few_skirm, a_dynamic_atk_percent(168)), DEFRULE(c_some_ram, a_build_house))))))))))))))"
68,55,1391,"MANY_RULES(DEFRULE(c_some_skirm, a_build_house), MANY_RULES(DEFRULE(c_some_ram, a_dynamic_civ_scout_cap(168)), MANY_RULES(DEFRULE(c_few_barracks, a_train_vill), MANY_RULES(DEFRULE(c_some_ram, a_train_vill), MANY_RULES(DEFRULE(c_few_barracks, a_dynamic_civ_scout_cap(168)), MANY_RULES(DEFRULE(c_far_gold, a_zone_forward), MANY_RULES(DEFRULE(c_few_skirm, a_res_loom), MANY_RULES(DEFRULE(c_few_barracks, a_build_house), TWO_RULES(DEFRULE(c_is_feudal_age, a_dynamic_atk_percent(168)), DEFRULE(c_some_knight, a_dynamic_civ_scout_cap(168)))))))))))"
68,8,1363,"MANY_RULES(DEFRULE(c_far_gold, a_train_vill), MANY_RULES(DEFRULE(c_some_knight, a_dynamic_civ_scout_cap(168)), MANY_RULES(DEFRULE(c_enemy_has_many_pike, a_dynamic_atk_percent(168)), MANY_RULES(DEFRULE(c_few_skirm, a_build_house), MANY_RULES(DEFRULE(c_few_skirm, a_dynamic_civ_scout_cap(i_val(i_val(20)))), MANY_RULES(DEFRULE(c_few_skirm, a_train_vill), MANY_RULES(DEFRULE(c_few_barracks, a_build_house), TWO_RULES(DEFRULE(c_no_castle, a_res_scale_mail), DEFRULE(AND(c_few_skirm, c_can_build_market), a_dynamic_civ_scout_cap(5))))))))))"
68,52,1328,"MANY_RULES(DEFRULE(c_far_gold, a_dynamic_atk_percent(5)), MANY_RULES(DEFRULE(c_some_knight, a_dynamic_civ_scout_cap(168)), MANY_RULES(DEFRULE(AND(c_can_res_blast, c_enemy_has_many_pike), a_dynamic_atk_percent(168)), MANY_RULES(DEFRULE(AND(c_can_res_blast, c_enemy_has_many_pike), a_dynamic_atk_percent(168)), MANY_RULES(DEFRULE(c_few_skirm, a_dynamic_group_size(168)), MANY_RULES(DEFRULE(c_few_skirm, a_dynamic_civ_scout_cap(20)), MANY_RULES(DEFRULE(c_some_ram, a_build_house), MANY_RULES(DEFRULE(c_few_skirm, a_train_vill), MANY_RULES(DEFRULE(c_few_skirm, a_res_farm_2), MANY_RULES(DEFRULE(c_few_skirm, a_train_vill), MANY_RULES(DEFRULE(c_few_skirm, a_res_farm_2), MANY_RULES(DEFRULE(c_few_barracks, a_res_loom), MANY_RULES(DEFRULE(c_few_skirm, a_res_farm_2), MANY_RULES(DEFRULE(c_few_skirm, a_train_vill), MANY_RULES(DEFRULE(c_few_skirm, DO_BOTH(a_build_dock, a_forward_tower)), MANY_RULES(DEFRULE(c_few_barracks, a_res_loom), MANY_RULES(DEFRULE(c_few_barracks, a_build_house), TWO_RULES(DEFRULE(c_far_gold, a_train_vill), DEFRULE(c_some_ram, a_res_loom)))))))))))))))))))"
68,80,1160,"MANY_RULES(DEFRULE(c_far_gold, a_train_vill), MANY_RULES(DEFRULE(c_few_barracks, a_dynamic_civ_scout_cap(20)), MANY_RULES(DEFRULE(c_few_skirm, a_compact_dropsites), MANY_RULES(DEFRULE(AND(c_can_res_blast, c_enemy_has_many_pike), a_dynamic_group_size(20)), MANY_RULES(DEFRULE(c_few_skirm, a_res_loom), MANY_RULES(DEFRULE(c_few_skirm, a_res_loom), MANY_RULES(DEFRULE(c_few_skirm, a_build_house), TWO_RULES(DEFRULE(c_far_gold, a_train_vill), DEFRULE(c_few_mangonel, a_build_house)))))))))"
68,29,611,"MANY_RULES(DEFRULE(c_far_gold, a_build_house), MANY_RULES(DEFRULE(c_few_skirm, a_res_loom), MANY_RULES(DEFRULE(c_few_skirm, a_build_house), TWO_RULES(DEFRULE(c_can_res_blast, a_train_vill), DEFRULE(c_few_mangonel, a_build_house)))))"
68,56,491,"MANY_RULES(DEFRULE(AND(c_some_infantry, c_can_res_gold_1), a_dynamic_civ_scout_pct(40)), MANY_RULES(DEFRULE(c_some_knight, a_dynamic_civ_scout_cap(168)), MANY_RULES(DEFRULE(c_few_skirm, a_res_loom), MANY_RULES(DEFRULE(c_few_barracks, a_build_house), MANY_RULES(DEFRULE(c_few_skirm, a_res_loom), TWO_RULES(t_empty_rule, t_empty_rule))))))"
68,68,474,"MANY_RULES(DEFRULE(c_can_res_blast, a_train_vill), MANY_RULES(DEFRULE(c_few_skirm, a_build_house), MANY_RULES(DEFRULE(c_few_skirm, a_res_loom), MANY_RULES(DEFRULE(c_few_barracks, a_build_house), MANY_RULES(DEFRULE(c_few_skirm, a_res_loom), MANY_RULES(DEFRULE(c_no_dock, a_train_ram), MANY_RULES(DEFRULE(c_some_ram, a_res_loom), MANY_RULES(DEFRULE(c_few_skirm, a_build_house), TWO_RULES(DEFRULE(c_can_res_blast, a_train_vill), DEFRULE(c_few_mangonel, a_build_house))))))))))"
68,84,456,"TWO_RULES(DEFRULE(AND(c_can_build_watch_tower, AND(c_can_res_gold_2, c_far_stone)), a_res_forging), DEFRULE(c_few_town_center, a_build_archery_range))"
68,79,452,"MANY_RULES(DEFRULE(c_far_gold, a_build_house), MANY_RULES(DEFRULE(c_some_knight, a_dynamic_civ_scout_cap(168)), MANY_RULES(DEFRULE(c_few_skirm, a_res_loom), MANY_RULES(DEFRULE(c_few_barracks, a_build_house), MANY_RULES(DEFRULE(AND(c_can_res_stone_1, c_enemy_has_many_pike), a_dynamic_group_size(20)), MANY_RULES(DEFRULE(c_few_skirm, a_res_loom), t_empty_list))))))"
68,87,431,"MANY_RULES(DEFRULE(c_can_build_archery_range, a_res_forging), MANY_RULES(t_empty_rule, MANY_RULES(t_empty_rule, t_empty_list)))"
68,91,376,"TWO_RULES(DEFRULE(c_can_build_dock, a_dynamic_atk_percent(112)), DEFRULE(c_low_food, a_res_iron_cast))"
68,95,343,"MANY_RULES(DEFRULE(AND(AND(c_many_mangonel, c_few_mining_camp), AND(c_is_castle_age, c_enemy_has_few_archer)), a_dynamic_camp_dist(i_val(109))), TWO_RULES(DEFRULE(AND(c_enemy_has_many_pike, c_can_buy_stone), DO_BOTH(a_build_dock, a_forward_barracks)), DEFRULE(AND(c_few_stable, c_can_buy_food), a_dynamic_civ_scout_pct(18))))"
68,88,325,"MANY_RULES(DEFRULE(AND(AND(c_can_go_imperial_age, c_no_monastery), AND(c_can_res_farm_1, c_many_skirm)), a_dynamic_civ_scout_cap(i_val(17))), TWO_RULES(DEFRULE(AND(c_no_monastery, c_few_castle), DO_BOTH(a_build_mill, a_res_axe_2)), DEFRULE(AND(c_few_archer, c_can_build_barracks), DO_BOTH(a_train_archer, a_res_gold_2))))"
68,90,290,"TWO_RULES(DEFRULE(c_has_stone, a_res_blast), DEFRULE(c_can_res_bodkin, a_res_axe_2))"
68,89,284,"TWO_RULES(DEFRULE(c_far_wood, a_dynamic_civ_scout_pct(i_val(172))), DEFRULE(c_no_monastery, a_sell_stone))"
68,85,254,"TWO_RULES(DEFRULE(AND(AND(c_has_stone, c_few_mill), AND(c_few_watch_tower, c_enemy_has_few_knight)), a_dynamic_group_size(i_val(5))), DEFRULE(AND(AND(c_can_res_bodkin, c_can_res_axe_3), AND(c_can_build_house, c_no_house)), a_dynamic_camp_dist(i_val(31))))"
68,94,230,"MANY_RULES(DEFRULE(c_can_build_house, a_build_stable), TWO_RULES(t_empty_rule, t_empty_rule))"
68,86,227,"MANY_RULES(DEFRULE(c_can_build_monastery, a_focus_food), MANY_RULES(t_empty_rule, t_empty_list))"
68,92,227,"MANY_RULES(DEFRULE(AND(AND(c_is_feudal_age, c_need_farms), AND(c_vills_under_30, c_can_sell_wood)), DO_BOTH(a_dynamic_civ_scout_cap(197), a_dynamic_atk_percent(5))), MANY_RULES(DEFRULE(AND(c_can_res_axe_2, c_has_wood), a_dynamic_atk_percent(47)), TWO_RULES(DEFRULE(c_can_buy_wood, a_forward_barracks), DEFRULE(c_can_go_imperial_age, a_hunt_relics))))"
68,93,202,"TWO_RULES(DEFRULE(AND(AND(AND(c_no_stable, c_can_res_stone_2), AND(c_can_res_hand_cart, c_few_stable)), AND(AND(c_no_market, c_can_res_chain_mail), AND(c_no_blacksmith, c_can_build_blacksmith))), a_dynamic_civ_scout_cap(i_val(i_val(39)))), DEFRULE(AND(AND(AND(c_can_build_market, c_can_build_archery_range), AND(c_few_house, c_some_pike)), AND(AND(c_mil_pop_50, c_can_build_watch_tower), AND(c_vills_under_30, c_few_treb))), DO_BOTH(DO_BOTH(DO_BOTH(a_res_axe_1, a_forward_castle), DO_BOTH(a_build_watch_tower, a_build_town_center)), a_dynamic_civ_scout_cap(i_val(28)))))"
159,5,2493,"MANY_RULES(DEFRULE(AND(c_can_build_university, c_can_res_gold_1), a_dynamic_group_size(14)), MANY_RULES(t_empty_rule, MANY_RULES(DEFRULE(c_no_house, a_res_loom), MANY_RULES(DEFRULE(c_few_barracks, a_res_loom), MANY_RULES(DEFRULE(c_no_house, a_dynamic_atk_percent(i_val(62))), MANY_RULES(DEFRULE(c_few_skirm, a_build_barracks), MANY_RULES(DEFRULE(c_few_barracks, a_res_loom), MANY_RULES(DEFRULE(c_few_skirm, a_build_lumber_camp), MANY_RULES(DEFRULE(c_few_skirm, a_train_vill), MANY_RULES(DEFRULE(AND(c_some_ram, c_few_skirm), a_build_house), MANY_RULES(DEFRULE(c_few_barracks, a_res_loom), MANY_RULES(DEFRULE(c_few_skirm, a_res_farm_2), MANY_RULES(DEFRULE(c_few_barracks, a_forward_castle), MANY_RULES(DEFRULE(c_many_ram, a_dynamic_civ_scout_cap(20)), MANY_RULES(DEFRULE(c_few_barracks, a_forward_castle), MANY_RULES(DEFRULE(c_many_ram, a_dynamic_civ_scout_cap(20)), MANY_RULES(DEFRULE(c_some_ram, a_build_house), MANY_RULES(DEFRULE(c_no_house, a_dynamic_civ_scout_cap(168)), MANY_RULES(DEFRULE(c_no_house, a_dynamic_atk_percent(i_val(62))), MANY_RULES(DEFRULE(c_few_skirm, a_train_vill), MANY_RULES(DEFRULE(c_few_skirm, a_build_barracks), MANY_RULES(DEFRULE(c_few_skirm, a_dynamic_civ_scout_cap(168)), MANY_RULES(DEFRULE(AND(c_many_archer, c_few_watch_tower), a_res_loom), MANY_RULES(DEFRULE(c_few_skirm, a_res_loom), MANY_RULES(DEFRULE(c_no_house, a_dynamic_civ_scout_cap(168)), MANY_RULES(DEFRULE(c_few_barracks, a_train_vill), MANY_RULES(DEFRULE(c_no_house, a_dynamic_atk_percent(20)), MANY_RULES(DEFRULE(AND(c_mil_pop_10, c_no_archery_range), a_dynamic_civ_scout_cap(62)), MANY_RULES(DEFRULE(c_few_skirm, a_train_vill), MANY_RULES(DEFRULE(c_few_skirm, a_res_farm_2), MANY_RULES(DEFRULE(AND(c_many_archer, c_few_watch_tower), a_res_loom), MANY_RULES(DEFRULE(c_few_skirm, a_dynamic_civ_scout_cap(168)), MANY_RULES(DEFRULE(c_few_barracks, a_forward_castle), MANY_RULES(DEFRULE(c_no_house, a_dynamic_atk_percent(i_val(62))), MANY_RULES(DEFRULE(c_few_skirm, a_build_barracks), MANY_RULES(DEFRULE(c_few_barracks, a_res_loom), MANY_RULES(DEFRULE(c_can_res_blast, a_go_feudal_age), MANY_RULES(t_empty_rule, t_empty_list))))))))))))))))))))))))))))))))))))))"
159,27,2355,"MANY_RULES(DEFRULE(AND(c_no_lumber_camp, c_can_res_chain_mail), a_dynamic_group_size(168)), MANY_RULES(t_empty_rule, MANY_RULES(DEFRULE(c_far_gold, a_train_vill), MANY_RULES(DEFRULE(c_few_skirm, a_res_loom), MANY_RULES(DEFRULE(AND(c_few_skirm, c_enemy_has_many_pike), a_dynamic_civ_scout_cap(12)), MANY_RULES(DEFRULE(c_few_skirm, a_res_loom), MANY_RULES(DEFRULE(c_few_skirm, a_train_vill), MANY_RULES(DEFRULE(c_few_skirm, a_res_loom), MANY_RULES(DEFRULE(c_few_skirm, a_res_farm_2), MANY_RULES(DEFRULE(c_few_barracks, a_train_vill), MANY_RULES(DEFRULE(c_many_ram, a_dynamic_civ_scout_cap(20)), MANY_RULES(DEFRULE(c_some_ram, a_build_house), MANY_RULES(DEFRULE(c_few_skirm, a_train_vill), MANY_RULES(DEFRULE(c_few_skirm, a_res_farm_2), MANY_RULES(DEFRULE(c_few_barracks, a_res_loom), MANY_RULES(DEFRULE(c_few_skirm, a_dynamic_civ_scout_cap(12)), MANY_RULES(DEFRULE(AND(c_some_ram, c_few_skirm), a_res_loom), MANY_RULES(DEFRULE(c_few_barracks, a_forward_castle), MANY_RULES(DEFRULE(AND(c_few_skirm, c_enemy_has_many_pike), a_res_farm_2), MANY_RULES(DEFRULE(c_few_barracks, a_forward_castle), MANY_RULES(DEFRULE(c_many_ram, a_dynamic_civ_scout_cap(20)), MANY_RULES(DEFRULE(c_few_barracks, a_forward_castle), MANY_RULES(DEFRULE(c_far_gold, a_train_vill), MANY_RULES(DEFRULE(c_few_skirm, a_train_vill), MANY_RULES(DEFRULE(c_few_skirm, a_res_farm_2), MANY_RULES(DEFRULE(c_few_barracks, a_res_loom), MANY_RULES(DEFRULE(c_few_skirm, a_dynamic_civ_scout_cap(i_val(62))), MANY_RULES(t_empty_rule, MANY_RULES(DEFRULE(c_few_barracks, a_res_loom), MANY_RULES(DEFRULE(c_no_house, a_dynamic_atk_percent(i_val(62))), MANY_RULES(DEFRULE(c_few_skirm, a_build_barracks), MANY_RULES(DEFRULE(c_few_barracks, a_res_loom), MANY_RULES(DEFRULE(c_few_skirm, a_build_lumber_camp), MANY_RULES(DEFRULE(c_few_skirm, a_train_vill), MANY_RULES(DEFRULE(AND(c_some_ram, c_few_skirm), a_res_loom), MANY_RULES(DEFRULE(c_few_barracks, a_res_loom), MANY_RULES(DEFRULE(c_few_skirm, a_res_farm_2), MANY_RULES(DEFRULE(c_few_barracks, a_forward_castle), MANY_RULES(DEFRULE(c_many_ram, a_dynamic_civ_scout_cap(20)), MANY_RULES(DEFRULE(c_few_barracks, a_forward_castle), MANY_RULES(DEFRULE(c_many_ram, a_dynamic_camp_dist(20)), MANY_RULES(DEFRULE(c_some_ram, a_build_house), MANY_RULES(DEFRULE(c_no_house, a_dynamic_civ_scout_cap(168)), MANY_RULES(DEFRULE(c_few_barracks, a_res_loom), MANY_RULES(DEFRULE(c_no_house, a_dynamic_atk_percent(i_val(62))), MANY_RULES(DEFRULE(c_few_skirm, a_train_vill), MANY_RULES(DEFRULE(c_few_skirm, a_build_barracks), MANY_RULES(DEFRULE(c_few_skirm, a_dynamic_civ_scout_cap(168)), MANY_RULES(DEFRULE(AND(c_many_archer, c_few_watch_tower), a_res_loom), MANY_RULES(DEFRULE(c_few_skirm, a_res_loom), MANY_RULES(DEFRULE(c_no_house, a_dynamic_civ_scout_cap(168)), MANY_RULES(DEFRULE(c_few_barracks, a_train_vill), MANY_RULES(DEFRULE(c_no_house, a_dynamic_atk_percent(20)), MANY_RULES(DEFRULE(c_some_ram, a_build_house), MANY_RULES(DEFRULE(AND(c_mil_pop_10, c_no_archery_range), a_dynamic_civ_scout_cap(62)), MANY_RULES(DEFRULE(c_few_skirm, a_train_vill), MANY_RULES(DEFRULE(c_few_skirm, a_res_farm_2), MANY_RULES(DEFRULE(AND(c_many_archer, c_few_watch_tower), a_res_loom), MANY_RULES(DEFRULE(c_few_skirm, a_dynamic_civ_scout_cap(168)), MANY_RULES(DEFRULE(c_few_barracks, a_forward_castle), MANY_RULES(DEFRULE(c_no_house, a_dynamic_atk_percent(i_val(62))), MANY_RULES(DEFRULE(c_few_skirm, a_build_barracks), MANY_RULES(DEFRULE(c_few_barracks, a_res_loom), MANY_RULES(DEFRULE(c_can_res_blast, a_go_feudal_age), MANY_RULES(t_empty_rule, t_empty_list)))))))))))))))))))))))))))))))))))))))))))))))))))))))))))))))))"
159,30,2335,"MANY_RULES(DEFRULE(AND(c_no_lumber_camp, c_can_res_chain_mail), a_dynamic_group_size(168)), MANY_RULES(t_empty_rule, MANY_RULES(DEFRULE(c_far_gold, a_train_vill), MANY_RULES(DEFRULE(c_few_skirm, a_res_loom), MANY_RULES(DEFRULE(AND(c_few_skirm, c_enemy_has_many_pike), a_dynamic_civ_scout_cap(12)), MANY_RULES(DEFRULE(c_few_skirm, a_res_loom), MANY_RULES(DEFRULE(c_few_skirm, a_train_vill), MANY_RULES(DEFRULE(c_few_skirm, a_res_loom), MANY_RULES(DEFRULE(c_few_skirm, a_res_farm_2), MANY_RULES(DEFRULE(c_few_barracks, a_forward_castle), MANY_RULES(DEFRULE(c_few_skirm, a_dynamic_civ_scout_cap(20)), MANY_RULES(DEFRULE(c_some_ram, a_build_house), MANY_RULES(DEFRULE(c_far_gold, a_train_vill), MANY_RULES(DEFRULE(c_few_skirm, a_res_farm_2), MANY_RULES(DEFRULE(c_few_archery_range, a_res_loom), MANY_RULES(DEFRULE(c_few_skirm, a_dynamic_civ_scout_cap(12)), MANY_RULES(DEFRULE(c_many_ram, a_dynamic_civ_scout_cap(20)), MANY_RULES(DEFRULE(c_few_watch_tower, a_train_vill), MANY_RULES(DEFRULE(AND(c_few_skirm, c_enemy_has_many_pike), a_res_farm_2), MANY_RULES(DEFRULE(c_few_barracks, a_forward_castle), MANY_RULES(DEFRULE(c_many_ram, a_dynamic_civ_scout_cap(20)), MANY_RULES(DEFRULE(c_some_infantry, a_build_house), MANY_RULES(DEFRULE(c_few_skirm, a_build_house), MANY_RULES(DEFRULE(c_few_skirm, a_train_vill), MANY_RULES(DEFRULE(c_few_skirm, a_res_farm_2), MANY_RULES(DEFRULE(c_few_barracks, a_res_loom), MANY_RULES(DEFRULE(AND(c_few_skirm, c_enemy_has_many_pike), a_res_loom), MANY_RULES(DEFRULE(c_few_barracks, a_res_loom), MANY_RULES(DEFRULE(c_few_barracks, a_res_loom), MANY_RULES(DEFRULE(c_few_skirm, a_dynamic_civ_scout_cap(168)), MANY_RULES(DEFRULE(c_few_barracks, a_res_loom), MANY_RULES(DEFRULE(c_no_house, a_dynamic_atk_percent(i_val(168))), MANY_RULES(DEFRULE(c_few_skirm, a_build_barracks), MANY_RULES(DEFRULE(c_few_barracks, a_res_loom), MANY_RULES(DEFRULE(c_few_skirm, a_build_lumber_camp), MANY_RULES(DEFRULE(c_few_skirm, a_train_vill), MANY_RULES(DEFRULE(AND(c_some_ram, c_few_skirm), a_res_loom), MANY_RULES(DEFRULE(c_few_barracks, a_res_loom), MANY_RULES(DEFRULE(c_few_skirm, a_res_farm_2), MANY_RULES(DEFRULE(c_few_skirm, a_build_barracks), MANY_RULES(DEFRULE(c_few_barracks, a_res_bracer), MANY_RULES(DEFRULE(c_some_ram, a_build_house), MANY_RULES(DEFRULE(AND(c_some_ram, c_few_skirm), a_res_loom), TWO_RULES(DEFRULE(c_few_barracks, a_build_lumber_camp), DEFRULE(c_low_wood, a_train_vill)))))))))))))))))))))))))))))))))))))))))))))"
159,3,2272,"MANY_RULES(DEFRULE(AND(c_no_lumber_camp, c_can_res_chain_mail), a_dynamic_group_size(20)), MANY_RULES(DEFRULE(c_few_mill, a_build_house), MANY_RULES(DEFRULE(c_enemy_has_many_pike, a_dynamic_camp_dist(20)), MANY_RULES(DEFRULE(AND(c_few_skirm, c_enemy_has_many_pike), a_res_loom), MANY_RULES(DEFRULE(c_few_barracks, a_res_loom), MANY_RULES(DEFRULE(AND(c_some_ram, c_many_ram), a_res_loom), MANY_RULES(DEFRULE(c_no_house, a_dynamic_civ_scout_cap(168)), MANY_RULES(DEFRULE(c_few_barracks, a_res_loom), MANY_RULES(DEFRULE(c_no_house, a_dynamic_atk_percent(i_val(62))), MANY_RULES(DEFRULE(c_few_skirm, a_build_barracks), MANY_RULES(DEFRULE(c_few_barracks, a_res_loom), MANY_RULES(DEFRULE(c_few_skirm, a_build_lumber_camp), MANY_RULES(DEFRULE(c_few_barracks, a_res_loom), MANY_RULES(t_empty_rule, MANY_RULES(DEFRULE(c_far_gold, a_train_vill), MANY_RULES(DEFRULE(c_few_skirm, a_res_loom), MANY_RULES(DEFRULE(AND(c_few_skirm, c_enemy_has_many_pike), a_dynamic_civ_scout_cap(12)), MANY_RULES(DEFRULE(c_few_skirm, a_res_loom), MANY_RULES(DEFRULE(c_few_skirm, a_train_vill), MANY_RULES(DEFRULE(c_few_skirm, a_res_loom), MANY_RULES(DEFRULE(c_few_skirm, a_res_farm_2), MANY_RULES(DEFRULE(c_can_buy_food, a_forward_castle), MANY_RULES(DEFRULE(c_many_ram, a_dynamic_civ_scout_cap(168)), MANY_RULES(DEFRULE(c_few_mill, a_dynamic_civ_scout_cap(12)), MANY_RULES(DEFRULE(c_far_gold, a_train_vill), MANY_RULES(DEFRULE(c_few_skirm, a_train_vill), MANY_RULES(DEFRULE(c_few_skirm, a_res_farm_2), MANY_RULES(DEFRULE(c_few_barracks, a_res_loom), MANY_RULES(DEFRULE(c_few_skirm, a_dynamic_civ_scout_cap(168)), MANY_RULES(DEFRULE(AND(c_some_ram, c_few_skirm), a_res_loom), MANY_RULES(DEFRULE(c_no_house, a_dynamic_atk_percent(i_val(3))), MANY_RULES(DEFRULE(c_few_barracks, a_forward_castle), MANY_RULES(DEFRULE(c_many_ram, a_dynamic_civ_scout_cap(20)), MANY_RULES(DEFRULE(c_some_infantry, a_build_house), MANY_RULES(DEFRULE(c_far_gold, a_train_vill), MANY_RULES(DEFRULE(c_few_skirm, a_train_vill), MANY_RULES(DEFRULE(c_few_skirm, a_res_farm_2), MANY_RULES(DEFRULE(c_few_barracks, a_res_loom), MANY_RULES(DEFRULE(c_few_skirm, a_dynamic_civ_scout_cap(i_val(12))), MANY_RULES(DEFRULE(c_no_house, a_dynamic_atk_percent(i_val(62))), MANY_RULES(t_empty_rule, MANY_RULES(DEFRULE(c_few_barracks, a_res_loom), MANY_RULES(DEFRULE(c_some_ram, a_build_house), MANY_RULES(DEFRULE(AND(c_some_ram, c_few_skirm), a_res_loom), TWO_RULES(DEFRULE(c_few_barracks, a_town_size_20), DEFRULE(c_low_wood, a_train_vill))))))))))))))))))))))))))))))))))))))))))))))"
159,26,2266,"MANY_RULES(DEFRULE(AND(c_can_build_university, c_can_res_gold_1), a_dynamic_group_size(14)), MANY_RULES(t_empty_rule, MANY_RULES(DEFRULE(c_no_house, a_res_loom), MANY_RULES(DEFRULE(c_few_barracks, a_res_loom), MANY_RULES(DEFRULE(c_no_house, a_dynamic_atk_percent(i_val(62))), MANY_RULES(DEFRULE(c_few_skirm, a_build_barracks), MANY_RULES(DEFRULE(c_few_barracks, a_res_loom), MANY_RULES(DEFRULE(c_few_skirm, a_build_lumber_camp), MANY_RULES(DEFRULE(c_few_skirm, a_train_vill), MANY_RULES(DEFRULE(AND(c_some_ram, c_few_skirm), a_build_house), MANY_RULES(DEFRULE(c_few_barracks, a_res_loom), MANY_RULES(DEFRULE(c_few_skirm, a_res_farm_2), MANY_RULES(DEFRULE(c_few_barracks, a_forward_castle), MANY_RULES(DEFRULE(c_many_ram, a_dynamic_civ_scout_cap(20)), MANY_RULES(DEFRULE(c_few_barracks, a_forward_castle), MANY_RULES(DEFRULE(c_many_ram, a_dynamic_civ_scout_cap(20)), MANY_RULES(DEFRULE(c_some_ram, a_build_house), MANY_RULES(DEFRULE(c_no_house, a_dynamic_civ_scout_cap(168)), MANY_RULES(DEFRULE(c_few_barracks, a_res_loom), MANY_RULES(DEFRULE(c_no_house, a_dynamic_atk_percent(i_val(62))), MANY_RULES(DEFRULE(c_few_skirm, a_train_vill), MANY_RULES(DEFRULE(c_few_skirm, a_build_barracks), MANY_RULES(DEFRULE(c_few_skirm, a_dynamic_civ_scout_cap(168)), MANY_RULES(DEFRULE(c_few_skirm, a_res_loom), MANY_RULES(DEFRULE(c_no_house, a_dynamic_civ_scout_cap(168)), MANY_RULES(DEFRULE(c_few_barracks, a_train_vill), MANY_RULES(DEFRULE(c_no_house, a_dynamic_atk_percent(20)), MANY_RULES(DEFRULE(AND(c_mil_pop_10, c_no_archery_range), a_dynamic_civ_scout_cap(62)), MANY_RULES(DEFRULE(c_few_skirm, a_train_vill), MANY_RULES(DEFRULE(c_few_skirm, a_res_farm_2), MANY_RULES(DEFRULE(AND(c_many_archer, c_few_watch_tower), a_res_loom), MANY_RULES(DEFRULE(c_few_skirm, a_dynamic_civ_scout_cap(168)), MANY_RULES(DEFRULE(c_no_house, a_dynamic_atk_percent(i_val(3))), MANY_RULES(DEFRULE(c_no_house, a_dynamic_atk_percent(i_val(62))), MANY_RULES(DEFRULE(c_few_skirm, a_build_barracks), MANY_RULES(DEFRULE(c_few_barracks, a_res_loom), MANY_RULES(DEFRULE(c_can_res_blast, a_go_feudal_age), MANY_RULES(t_empty_rule, t_empty_list))))))))))))))))))))))))))))))))))))))"
159,33,2242,"MANY_RULES(DEFRULE(AND(c_no_lumber_camp, c_can_res_chain_mail), a_dynamic_group_size(20)), MANY_RULES(DEFRULE(c_few_mill, a_build_house), MANY_RULES(DEFRULE(c_enemy_has_many_pike, a_dynamic_camp_dist(20)), MANY_RULES(DEFRULE(AND(c_few_skirm, c_enemy_has_many_pike), a_res_loom), MANY_RULES(DEFRULE(c_few_barracks, a_res_loom), MANY_RULES(DEFRULE(AND(c_some_ram, c_many_ram), a_res_loom), MANY_RULES(DEFRULE(c_no_house, a_dynamic_civ_scout_cap(168)), MANY_RULES(DEFRULE(c_few_barracks, a_res_loom), MANY_RULES(DEFRULE(c_some_ram, a_build_house), MANY_RULES(DEFRULE(c_few_barracks, a_res_loom), MANY_RULES(DEFRULE(c_few_skirm, a_build_lumber_camp), MANY_RULES(DEFRULE(c_few_skirm, a_train_vill), MANY_RULES(DEFRULE(AND(c_some_ram, c_few_skirm), a_res_loom), MANY_RULES(DEFRULE(c_few_barracks, a_res_loom), MANY_RULES(DEFRULE(c_few_skirm, a_res_farm_2), MANY_RULES(DEFRULE(c_few_barracks, a_forward_castle), MANY_RULES(DEFRULE(c_many_ram, a_dynamic_civ_scout_cap(20)), MANY_RULES(DEFRULE(c_some_ram, a_build_house), MANY_RULES(DEFRULE(AND(AND(c_no_mining_camp, c_far_gold), AND(c_few_treb, c_far_gold)), a_train_vill), MANY_RULES(DEFRULE(c_few_skirm, a_train_vill), MANY_RULES(DEFRULE(c_few_skirm, a_res_loom), MANY_RULES(DEFRULE(AND(c_many_archer, AND(c_no_blacksmith, c_no_monastery)), a_res_loom), MANY_RULES(DEFRULE(c_few_skirm, a_dynamic_civ_scout_cap(168)), MANY_RULES(DEFRULE(c_few_skirm, a_res_farm_2), MANY_RULES(DEFRULE(c_no_house, a_dynamic_atk_percent(i_val(62))), MANY_RULES(DEFRULE(c_few_skirm, a_build_barracks), MANY_RULES(DEFRULE(c_few_barracks, a_res_loom), MANY_RULES(DEFRULE(c_few_skirm, a_res_farm_2), MANY_RULES(DEFRULE(c_few_barracks, a_res_loom), MANY_RULES(DEFRULE(AND(c_few_skirm, c_few_skirm), a_res_loom), TWO_RULES(DEFRULE(c_few_barracks, a_res_loom), DEFRULE(c_low_wood, a_retreat_castle))))))))))))))))))))))))))))))))"
159,42,2215,"MANY_RULES(DEFRULE(AND(c_no_lumber_camp, c_can_res_chain_mail), a_dynamic_group_size(168)), MANY_RULES(t_empty_rule, MANY_RULES(DEFRULE(c_far_gold, a_train_vill), MANY_RULES(DEFRULE(c_few_skirm, a_res_loom), MANY_RULES(DEFRULE(AND(c_few_skirm, c_enemy_has_many_pike), a_dynamic_civ_scout_cap(12)), MANY_RULES(DEFRULE(c_few_skirm, a_res_loom), MANY_RULES(DEFRULE(c_few_skirm, a_train_vill), MANY_RULES(DEFRULE(c_few_skirm, a_res_loom), MANY_RULES(DEFRULE(c_few_skirm, a_res_farm_2), MANY_RULES(DEFRULE(c_few_barracks, a_forward_castle), MANY_RULES(DEFRULE(c_few_skirm, a_dynamic_civ_scout_cap(20)), MANY_RULES(DEFRULE(c_some_ram, a_build_house), MANY_RULES(DEFRULE(c_far_gold, a_train_vill), MANY_RULES(DEFRULE(c_few_skirm, a_res_farm_2), MANY_RULES(DEFRULE(c_few_archery_range, a_res_loom), MANY_RULES(DEFRULE(c_few_skirm, a_dynamic_civ_scout_cap(12)), MANY_RULES(DEFRULE(AND(c_some_ram, c_few_skirm), a_res_loom), MANY_RULES(DEFRULE(c_few_watch_tower, a_train_vill), MANY_RULES(DEFRULE(AND(c_few_skirm, c_enemy_has_many_pike), a_res_farm_2), MANY_RULES(DEFRULE(c_few_barracks, a_forward_castle), MANY_RULES(DEFRULE(c_many_ram, a_dynamic_civ_scout_cap(20)), MANY_RULES(DEFRULE(c_some_infantry, a_build_house), MANY_RULES(DEFRULE(c_few_skirm, a_build_house), MANY_RULES(DEFRULE(c_few_skirm, a_train_vill), MANY_RULES(DEFRULE(c_few_skirm, a_res_farm_2), MANY_RULES(DEFRULE(c_few_barracks, a_res_loom), MANY_RULES(DEFRULE(AND(c_few_skirm, c_enemy_has_many_pike), a_res_loom), MANY_RULES(DEFRULE(c_few_barracks, a_res_loom), MANY_RULES(DEFRULE(c_few_barracks, a_res_loom), MANY_RULES(DEFRULE(c_few_skirm, a_dynamic_civ_scout_cap(168)), MANY_RULES(DEFRULE(c_few_barracks, a_res_loom), MANY_RULES(DEFRULE(c_no_house, a_dynamic_atk_percent(i_val(168))), MANY_RULES(DEFRULE(c_few_skirm, a_build_barracks), MANY_RULES(DEFRULE(c_few_barracks, a_res_loom), MANY_RULES(DEFRULE(c_few_skirm, a_build_lumber_camp), MANY_RULES(DEFRULE(c_few_skirm, a_train_vill), MANY_RULES(DEFRULE(AND(c_some_ram, c_few_skirm), a_res_loom), MANY_RULES(DEFRULE(c_few_barracks, a_dynamic_atk_percent(3)), MANY_RULES(DEFRULE(c_few_skirm, a_res_farm_2), MANY_RULES(DEFRULE(c_few_skirm, a_build_barracks), MANY_RULES(DEFRULE(c_few_barracks, a_res_bracer), MANY_RULES(DEFRULE(c_some_ram, a_build_house), MANY_RULES(DEFRULE(AND(c_some_ram, c_few_skirm), a_res_loom), TWO_RULES(DEFRULE(c_few_barracks, a_build_lumber_camp), DEFRULE(c_low_wood, a_train_vill)))))))))))))))))))))))))))))))))))))))))))))"
159,16,2204,"MANY_RULES(DEFRULE(AND(c_no_lumber_camp, c_can_res_chain_mail), a_dynamic_group_size(168)), MANY_RULES(t_empty_rule, MANY_RULES(DEFRULE(c_far_gold, a_train_vill), MANY_RULES(DEFRULE(c_few_skirm, a_res_loom), MANY_RULES(DEFRULE(AND(c_few_skirm, c_enemy_has_many_pike), a_dynamic_civ_scout_cap(12)), MANY_RULES(DEFRULE(c_few_skirm, a_res_loom), MANY_RULES(DEFRULE(c_few_skirm, a_train_vill), MANY_RULES(DEFRULE(c_few_skirm, a_res_loom), MANY_RULES(DEFRULE(c_few_skirm, a_res_farm_2), MANY_RULES(DEFRULE(c_few_barracks, a_train_vill), MANY_RULES(DEFRULE(c_many_ram, a_dynamic_civ_scout_cap(20)), MANY_RULES(DEFRULE(c_some_ram, a_build_house), MANY_RULES(DEFRULE(c_few_skirm, a_train_vill), MANY_RULES(DEFRULE(c_few_skirm, a_res_farm_2), MANY_RULES(DEFRULE(c_few_barracks, a_res_loom), MANY_RULES(DEFRULE(c_few_skirm, a_dynamic_civ_scout_cap(12)), MANY_RULES(DEFRULE(AND(c_some_ram, c_few_skirm), a_res_loom), MANY_RULES(DEFRULE(c_no_house, a_dynamic_atk_percent(i_val(3))), MANY_RULES(DEFRULE(AND(c_few_skirm, c_enemy_has_many_pike), a_res_farm_2), MANY_RULES(DEFRULE(c_few_barracks, a_forward_castle), MANY_RULES(DEFRULE(c_many_ram, a_dynamic_civ_scout_cap(20)), MANY_RULES(DEFRULE(c_few_barracks, a_forward_castle), MANY_RULES(DEFRULE(c_far_gold, a_train_vill), MANY_RULES(DEFRULE(c_few_skirm, a_train_vill), MANY_RULES(DEFRULE(c_few_skirm, a_res_farm_2), MANY_RULES(DEFRULE(c_few_barracks, a_res_loom), MANY_RULES(DEFRULE(c_few_skirm, a_dynamic_civ_scout_cap(i_val(62))), MANY_RULES(t_empty_rule, MANY_RULES(DEFRULE(c_few_barracks, a_res_loom), MANY_RULES(DEFRULE(c_no_house, a_dynamic_atk_percent(i_val(62))), MANY_RULES(DEFRULE(c_few_skirm, a_build_barracks), MANY_RULES(DEFRULE(c_few_barracks, a_res_loom), MANY_RULES(DEFRULE(c_few_skirm, a_build_lumber_camp), MANY_RULES(DEFRULE(c_few_skirm, a_train_vill), MANY_RULES(DEFRULE(AND(c_some_ram, c_few_skirm), a_res_loom), MANY_RULES(DEFRULE(c_few_barracks, a_res_loom), MANY_RULES(DEFRULE(c_few_skirm, a_res_farm_2), MANY_RULES(DEFRULE(c_few_barracks, a_forward_castle), MANY_RULES(DEFRULE(c_many_ram, a_dynamic_civ_scout_cap(20)), MANY_RULES(DEFRULE(c_few_barracks, a_forward_castle), MANY_RULES(DEFRULE(c_many_ram, a_dynamic_camp_dist(20)), MANY_RULES(DEFRULE(c_some_ram, a_build_house), MANY_RULES(DEFRULE(c_no_house, a_dynamic_civ_scout_cap(168)), MANY_RULES(DEFRULE(c_few_barracks, a_res_loom), MANY_RULES(DEFRULE(c_no_house, a_dynamic_atk_percent(i_val(62))), MANY_RULES(DEFRULE(c_few_skirm, a_train_vill), MANY_RULES(DEFRULE(c_enemy_has_few_archer, a_build_barracks), MANY_RULES(DEFRULE(c_few_skirm, a_dynamic_civ_scout_cap(168)), MANY_RULES(DEFRULE(AND(c_many_archer, c_few_watch_tower), a_res_loom), MANY_RULES(DEFRULE(c_few_skirm, a_res_loom), MANY_RULES(DEFRULE(c_no_house, a_dynamic_civ_scout_cap(168)), MANY_RULES(DEFRULE(c_few_barracks, a_train_vill), MANY_RULES(DEFRULE(c_no_house, a_dynamic_atk_percent(20)), MANY_RULES(DEFRULE(c_some_ram, a_build_house), MANY_RULES(DEFRULE(AND(c_mil_pop_10, c_no_archery_range), a_dynamic_civ_scout_cap(62)), MANY_RULES(DEFRULE(c_few_skirm, a_train_vill), MANY_RULES(DEFRULE(c_few_skirm, a_res_farm_2), MANY_RULES(DEFRULE(AND(c_many_archer, c_few_watch_tower), a_res_loom), MANY_RULES(DEFRULE(c_few_skirm, a_dynamic_civ_scout_cap(168)), MANY_RULES(DEFRULE(c_few_barracks, a_forward_castle), MANY_RULES(DEFRULE(c_no_house, a_dynamic_atk_percent(i_val(168))), MANY_RULES(DEFRULE(c_few_skirm, a_build_barracks), MANY_RULES(DEFRULE(c_few_barracks, a_res_loom), MANY_RULES(DEFRULE(c_can_res_blast, a_go_feudal_age), MANY_RULES(t_empty_rule, t_empty_list)))))))))))))))))))))))))))))))))))))))))))))))))))))))))))))))))"
159,64,2190,"MANY_RULES(DEFRULE(AND(c_no_lumber_camp, c_can_res_chain_mail), a_dynamic_group_size(20)), MANY_RULES(DEFRULE(c_few_mill, a_build_house), MANY_RULES(DEFRULE(c_enemy_has_many_pike, a_dynamic_camp_dist(20)), MANY_RULES(DEFRULE(AND(c_few_skirm, c_enemy_has_many_pike), a_res_loom), MANY_RULES(DEFRULE(c_few_barracks, a_res_loom), MANY_RULES(DEFRULE(AND(c_some_ram, c_many_ram), a_res_loom), MANY_RULES(DEFRULE(c_no_house, a_dynamic_civ_scout_cap(168)), MANY_RULES(DEFRULE(c_few_barracks, a_res_loom), MANY_RULES(DEFRULE(c_no_house, a_dynamic_atk_percent(i_val(i_val(168)))), MANY_RULES(DEFRULE(c_few_skirm, a_build_barracks), MANY_RULES(DEFRULE(c_few_barracks, a_res_loom), MANY_RULES(DEFRULE(c_few_skirm, a_build_lumber_camp), MANY_RULES(DEFRULE(c_few_skirm, a_train_vill), MANY_RULES(DEFRULE(AND(c_some_ram, c_few_skirm), a_res_loom), MANY_RULES(DEFRULE(c_few_barracks, a_res_loom), MANY_RULES(DEFRULE(c_few_skirm, a_res_farm_2), MANY_RULES(DEFRULE(c_few_skirm, a_forward_castle), MANY_RULES(DEFRULE(c_many_ram, a_dynamic_civ_scout_cap(20)), MANY_RULES(DEFRULE(c_some_ram, a_build_house), MANY_RULES(DEFRULE(AND(AND(c_no_mining_camp, c_far_gold), AND(c_few_treb, c_far_gold)), a_train_vill), MANY_RULES(DEFRULE(c_far_gold, a_res_loom), MANY_RULES(DEFRULE(c_few_skirm, a_res_farm_2), MANY_RULES(DEFRULE(AND(c_many_archer, c_no_blacksmith), a_res_loom), MANY_RULES(DEFRULE(c_few_skirm, a_dynamic_civ_scout_cap(168)), MANY_RULES(DEFRULE(c_few_skirm, a_res_farm_2), MANY_RULES(DEFRULE(c_no_house, a_dynamic_atk_percent(i_val(20))), MANY_RULES(DEFRULE(c_few_skirm, a_build_barracks), MANY_RULES(DEFRULE(c_few_barracks, a_res_loom), MANY_RULES(DEFRULE(c_few_skirm, a_res_farm_2), MANY_RULES(DEFRULE(c_few_barracks, a_res_loom), MANY_RULES(DEFRULE(AND(c_few_skirm, c_few_skirm), a_res_loom), TWO_RULES(DEFRULE(c_few_barracks, a_res_loom), DEFRULE(c_low_wood, a_retreat_castle)))))))))))))))))))))))))))))))))"
159,9,2178,"MANY_RULES(DEFRULE(AND(c_can_build_university, c_can_res_gold_1), a_dynamic_group_size(14)), MANY_RULES(t_empty_rule, MANY_RULES(DEFRULE(c_no_house, a_res_loom), MANY_RULES(DEFRULE(c_few_barracks, a_res_loom), MANY_RULES(DEFRULE(c_no_house, a_dynamic_atk_percent(i_val(62))), MANY_RULES(DEFRULE(c_few_skirm, a_build_barracks), MANY_RULES(DEFRULE(c_few_barracks, a_res_loom), MANY_RULES(DEFRULE(c_few_skirm, a_build_lumber_camp), MANY_RULES(DEFRULE(c_few_skirm, a_train_vill), MANY_RULES(DEFRULE(AND(c_some_ram, c_few_skirm), a_build_house), MANY_RULES(DEFRULE(c_few_barracks, a_res_loom), MANY_RULES(DEFRULE(c_few_skirm, a_res_farm_2), MANY_RULES(DEFRULE(c_few_barracks, a_forward_castle), MANY_RULES(DEFRULE(c_many_ram, a_dynamic_civ_scout_cap(20)), MANY_RULES(DEFRULE(c_few_barracks, a_forward_castle), MANY_RULES(DEFRULE(c_many_ram, a_dynamic_civ_scout_cap(20)), MANY_RULES(DEFRULE(c_some_ram, a_build_house), MANY_RULES(DEFRULE(c_no_house, a_dynamic_civ_scout_cap(168)), MANY_RULES(DEFRULE(c_few_barracks, a_res_loom), MANY_RULES(DEFRULE(c_no_house, a_dynamic_atk_percent(i_val(62))), MANY_RULES(DEFRULE(c_few_skirm, a_train_vill), MANY_RULES(DEFRULE(c_few_skirm, a_build_barracks), MANY_RULES(DEFRULE(c_few_skirm, a_dynamic_civ_scout_cap(168)), MANY_RULES(DEFRULE(c_few_barracks, a_res_loom), MANY_RULES(DEFRULE(c_no_house, a_dynamic_civ_scout_cap(168)), MANY_RULES(DEFRULE(c_few_barracks, a_train_vill), MANY_RULES(DEFRULE(c_no_house, a_dynamic_atk_percent(20)), MANY_RULES(DEFRULE(AND(c_mil_pop_10, c_no_archery_range), a_dynamic_civ_scout_cap(62)), MANY_RULES(DEFRULE(c_few_skirm, a_train_vill), MANY_RULES(DEFRULE(c_few_skirm, a_res_farm_2), MANY_RULES(DEFRULE(AND(c_many_archer, c_few_watch_tower), a_res_loom), MANY_RULES(DEFRULE(c_few_skirm, a_dynamic_civ_scout_cap(168)), MANY_RULES(DEFRULE(c_few_barracks, a_forward_castle), MANY_RULES(DEFRULE(c_no_house, a_dynamic_atk_percent(i_val(62))), MANY_RULES(DEFRULE(c_few_skirm, a_build_barracks), MANY_RULES(DEFRULE(c_few_barracks, a_res_loom), MANY_RULES(DEFRULE(c_can_res_blast, a_go_feudal_age), MANY_RULES(t_empty_rule, t_empty_list))))))))))))))))))))))))))))))))))))))"
159,63,2160,"MANY_RULES(DEFRULE(AND(c_no_lumber_camp, c_can_res_chain_mail), a_dynamic_group_size(20)), MANY_RULES(DEFRULE(c_few_skirm, a_build_house), MANY_RULES(DEFRULE(AND(c_few_skirm, c_enemy_has_many_pike), a_dynamic_camp_dist(6)), MANY_RULES(DEFRULE(c_few_barracks, a_res_loom), MANY_RULES(DEFRULE(c_few_barracks, a_res_loom), MANY_RULES(DEFRULE(AND(c_can_build_castle, c_vills_under_100), a_dynamic_civ_scout_cap(46)), MANY_RULES(DEFRULE(c_few_barracks, a_res_loom), MANY_RULES(DEFRULE(c_no_house, a_dynamic_atk_percent(i_val(168))), MANY_RULES(DEFRULE(c_few_skirm, a_build_barracks), MANY_RULES(DEFRULE(c_few_barracks, a_res_loom), MANY_RULES(DEFRULE(c_few_skirm, a_build_lumber_camp), MANY_RULES(DEFRULE(c_few_skirm, a_train_vill), MANY_RULES(DEFRULE(AND(c_some_ram, c_few_skirm), a_res_loom), MANY_RULES(DEFRULE(c_few_barracks, a_dynamic_civ_scout_cap(i_val(35))), MANY_RULES(DEFRULE(c_few_skirm, a_res_farm_2), MANY_RULES(DEFRULE(c_few_skirm, a_build_barracks), MANY_RULES(DEFRULE(c_few_barracks, a_res_loom), MANY_RULES(DEFRULE(c_some_ram, a_build_house), MANY_RULES(DEFRULE(AND(c_some_ram, c_few_skirm), a_res_loom), MANY_RULES(DEFRULE(c_no_house, a_dynamic_atk_percent(i_val(20))), MANY_RULES(DEFRULE(c_few_skirm, a_build_barracks), MANY_RULES(DEFRULE(c_few_barracks, a_res_loom), MANY_RULES(DEFRULE(c_few_skirm, a_res_farm_2), MANY_RULES(DEFRULE(c_few_skirm, a_build_lumber_camp), MANY_RULES(DEFRULE(c_few_skirm, a_train_vill), MANY_RULES(DEFRULE(c_no_house, a_dynamic_atk_percent(i_val(20))), MANY_RULES(DEFRULE(c_few_skirm, a_build_barracks), MANY_RULES(DEFRULE(c_few_barracks, a_res_loom), MANY_RULES(DEFRULE(c_some_ram, a_build_lumber_camp), MANY_RULES(DEFRULE(AND(c_can_res_stone_2, c_few_skirm), a_res_loom), TWO_RULES(DEFRULE(c_few_barracks, a_build_lumber_camp), DEFRULE(c_has_monk, a_train_vill))))))))))))))))))))))))))))))))"
159,67,2150,"MANY_RULES(DEFRULE(AND(c_no_lumber_camp, c_can_res_chain_mail), a_dynamic_group_size(168)), MANY_RULES(t_empty_rule, MANY_RULES(DEFRULE(c_far_gold, a_train_vill), MANY_RULES(DEFRULE(c_few_skirm, a_res_loom), MANY_RULES(DEFRULE(AND(c_few_skirm, c_enemy_has_many_pike), a_dynamic_civ_scout_cap(12)), MANY_RULES(DEFRULE(c_many_knight, a_res_loom), MANY_RULES(DEFRULE(c_few_skirm, a_train_vill), MANY_RULES(DEFRULE(c_few_skirm, a_res_loom), MANY_RULES(DEFRULE(c_few_skirm, a_res_farm_2), MANY_RULES(DEFRULE(c_few_barracks, a_forward_castle), MANY_RULES(DEFRULE(c_few_skirm, a_dynamic_civ_scout_cap(20)), MANY_RULES(DEFRULE(c_some_ram, a_build_house), MANY_RULES(DEFRULE(c_far_gold, a_train_vill), MANY_RULES(DEFRULE(c_few_skirm, a_train_vill), MANY_RULES(DEFRULE(c_few_skirm, a_res_farm_2), MANY_RULES(DEFRULE(c_few_archery_range, a_res_loom), MANY_RULES(DEFRULE(c_few_skirm, a_dynamic_civ_scout_cap(12)), MANY_RULES(DEFRULE(AND(c_some_ram, c_few_skirm), a_res_loom), MANY_RULES(DEFRULE(c_few_watch_tower, a_train_vill), MANY_RULES(DEFRULE(AND(c_few_skirm, c_enemy_has_many_pike), a_res_farm_2), MANY_RULES(DEFRULE(c_few_barracks, a_forward_castle), MANY_RULES(DEFRULE(c_many_ram, a_dynamic_civ_scout_cap(20)), MANY_RULES(DEFRULE(c_some_infantry, a_build_house), MANY_RULES(DEFRULE(c_few_skirm, a_build_house), MANY_RULES(DEFRULE(c_few_skirm, a_train_vill), MANY_RULES(DEFRULE(c_few_skirm, a_res_farm_2), MANY_RULES(DEFRULE(c_few_barracks, a_res_loom), MANY_RULES(DEFRULE(AND(c_few_skirm, c_enemy_has_many_pike), a_res_loom), MANY_RULES(DEFRULE(c_few_barracks, a_res_loom), MANY_RULES(DEFRULE(c_few_barracks, a_res_loom), MANY_RULES(DEFRULE(c_no_house, a_dynamic_civ_scout_cap(168)), MANY_RULES(DEFRULE(c_few_barracks, a_res_loom), MANY_RULES(DEFRULE(c_no_house, a_dynamic_atk_percent(i_val(168))), MANY_RULES(DEFRULE(c_few_skirm, a_build_barracks), MANY_RULES(DEFRULE(c_few_barracks, a_res_loom), MANY_RULES(DEFRULE(c_few_skirm, a_build_lumber_camp), MANY_RULES(DEFRULE(c_few_skirm, a_train_vill), MANY_RULES(DEFRULE(AND(c_some_ram, c_few_skirm), a_res_loom), MANY_RULES(DEFRULE(c_few_barracks, a_res_loom), MANY_RULES(DEFRULE(c_few_skirm, a_res_farm_2), MANY_RULES(DEFRULE(c_few_skirm, a_build_barracks), MANY_RULES(DEFRULE(c_few_barracks, a_res_bracer), MANY_RULES(DEFRULE(c_some_ram, a_build_house), MANY_RULES(DEFRULE(AND(c_some_ram, c_few_skirm), a_res_loom), TWO_RULES(DEFRULE(c_few_barracks, a_build_lumber_camp), DEFRULE(c_low_wood, a_train_vill))))))))))))))))))))))))))))))))))))))))))))))"
159,25,2087,"MANY_RULES(DEFRULE(c_can_res_chain_mail, a_dynamic_group_size(20)), MANY_RULES(DEFRULE(c_few_skirm, a_build_house), MANY_RULES(DEFRULE(c_enemy_has_many_pike, a_dynamic_camp_dist(20)), MANY_RULES(DEFRULE(AND(c_few_skirm, c_enemy_has_many_pike), a_res_loom), MANY_RULES(DEFRULE(c_few_barracks, a_res_loom), MANY_RULES(DEFRULE(c_few_barracks, a_res_loom), MANY_RULES(DEFRULE(c_no_house, a_dynamic_civ_scout_cap(168)), MANY_RULES(DEFRULE(c_few_barracks, a_res_loom), MANY_RULES(DEFRULE(c_no_house, a_dynamic_atk_percent(i_val(12))), MANY_RULES(DEFRULE(c_few_skirm, a_build_barracks), MANY_RULES(DEFRULE(c_few_barracks, a_res_loom), MANY_RULES(DEFRULE(c_few_skirm, a_build_lumber_camp), MANY_RULES(DEFRULE(c_few_skirm, a_train_vill), MANY_RULES(DEFRULE(AND(c_some_ram, c_few_skirm), a_res_loom), MANY_RULES(DEFRULE(c_few_barracks, a_res_loom), MANY_RULES(DEFRULE(AND(c_mil_pop_10, c_far_gold), a_dynamic_civ_scout_cap(62)), MANY_RULES(t_empty_rule, MANY_RULES(DEFRULE(c_no_house, a_dynamic_civ_scout_cap(168)), MANY_RULES(DEFRULE(c_few_barracks, a_res_loom), MANY_RULES(DEFRULE(c_no_house, a_dynamic_atk_percent(i_val(168))), MANY_RULES(DEFRULE(c_few_skirm, a_build_barracks), MANY_RULES(DEFRULE(c_few_barracks, a_res_loom), MANY_RULES(DEFRULE(c_few_skirm, a_build_lumber_camp), MANY_RULES(DEFRULE(c_few_skirm, a_train_vill), MANY_RULES(DEFRULE(AND(c_some_ram, c_few_skirm), a_res_loom), MANY_RULES(DEFRULE(c_few_barracks, a_res_loom), MANY_RULES(DEFRULE(c_few_skirm, a_res_farm_2), MANY_RULES(DEFRULE(c_few_barracks, a_forward_castle), MANY_RULES(DEFRULE(c_many_ram, a_dynamic_civ_scout_cap(20)), MANY_RULES(DEFRULE(c_some_ram, a_build_house), MANY_RULES(DEFRULE(c_no_house, a_dynamic_civ_scout_cap(168)), MANY_RULES(DEFRULE(c_few_barracks, a_res_loom), MANY_RULES(DEFRULE(c_no_house, a_dynamic_civ_scout_pct(i_val(25))), MANY_RULES(DEFRULE(c_few_skirm, a_train_vill), MANY_RULES(DEFRULE(c_few_skirm, a_build_barracks), MANY_RULES(DEFRULE(c_few_skirm, a_dynamic_civ_scout_cap(12)), MANY_RULES(DEFRULE(AND(c_many_archer, c_few_watch_tower), a_res_loom), MANY_RULES(DEFRULE(c_few_skirm, a_res_loom), MANY_RULES(DEFRULE(c_no_house, a_dynamic_civ_scout_cap(168)), MANY_RULES(DEFRULE(c_few_skirm, a_train_vill), MANY_RULES(DEFRULE(c_many_ram, a_dynamic_atk_percent(20)), MANY_RULES(DEFRULE(c_some_ram, a_build_house), MANY_RULES(DEFRULE(AND(c_mil_pop_10, c_far_gold), a_dynamic_civ_scout_cap(62)), MANY_RULES(DEFRULE(c_no_house, a_forward_castle), MANY_RULES(DEFRULE(c_few_barracks, a_res_loom), MANY_RULES(DEFRULE(c_no_house, a_dynamic_atk_percent(i_val(168))), MANY_RULES(DEFRULE(c_few_skirm, a_build_barracks), MANY_RULES(DEFRULE(c_few_barracks, a_res_loom), MANY_RULES(DEFRULE(c_few_skirm, a_build_lumber_camp), MANY_RULES(DEFRULE(c_few_skirm, a_train_vill), MANY_RULES(DEFRULE(AND(c_some_ram, c_few_skirm), a_res_loom), MANY_RULES(DEFRULE(c_few_barracks, a_res_loom), MANY_RULES(DEFRULE(c_few_skirm, a_res_farm_2), MANY_RULES(DEFRULE(c_few_skirm, a_build_barracks), MANY_RULES(DEFRULE(c_few_barracks, a_res_loom), MANY_RULES(DEFRULE(c_some_ram, a_build_house), MANY_RULES(DEFRULE(AND(c_some_ram, c_few_skirm), a_res_loom), MANY_RULES(DEFRULE(c_few_skirm, a_res_chemistry), MANY_RULES(DEFRULE(c_few_skirm, a_build_barracks), MANY_RULES(DEFRULE(c_few_barracks, a_res_loom), MANY_RULES(DEFRULE(c_few_skirm, a_res_farm_2), MANY_RULES(DEFRULE(c_few_skirm, a_res_farm_2), MANY_RULES(DEFRULE(AND(c_some_ram, c_few_skirm), a_res_loom), TWO_RULES(DEFRULE(c_few_barracks, a_res_loom), DEFRULE(c_low_wood, a_retreat_castle)))))))))))))))))))))))))))))))))))))))))))))))))))))))))))))))))"
159,54,2078,"MANY_RULES(DEFRULE(AND(c_no_lumber_camp, c_can_res_chain_mail), a_dynamic_group_size(168)), MANY_RULES(t_empty_rule, MANY_RULES(DEFRULE(c_far_gold, a_train_vill), MANY_RULES(DEFRULE(c_few_skirm, a_res_loom), MANY_RULES(DEFRULE(AND(c_few_skirm, c_enemy_has_many_pike), a_dynamic_civ_scout_cap(12)), MANY_RULES(DEFRULE(c_few_skirm, a_res_loom), MANY_RULES(DEFRULE(c_few_skirm, a_train_vill), MANY_RULES(DEFRULE(c_few_skirm, a_res_loom), MANY_RULES(DEFRULE(c_few_skirm, a_res_farm_2), MANY_RULES(DEFRULE(c_few_barracks, a_forward_castle), MANY_RULES(DEFRULE(c_few_skirm, a_dynamic_civ_scout_cap(20)), MANY_RULES(DEFRULE(c_some_ram, a_build_house), MANY_RULES(DEFRULE(c_far_gold, a_train_vill), MANY_RULES(DEFRULE(c_few_skirm, a_res_farm_2), MANY_RULES(DEFRULE(c_few_archery_range, a_res_loom), MANY_RULES(DEFRULE(c_few_skirm, a_dynamic_civ_scout_cap(12)), MANY_RULES(DEFRULE(AND(c_no_watch_tower, c_few_skirm), a_res_loom), MANY_RULES(DEFRULE(c_few_watch_tower, a_train_vill), MANY_RULES(DEFRULE(AND(c_few_skirm, c_enemy_has_many_pike), a_res_farm_2), MANY_RULES(DEFRULE(c_few_barracks, a_forward_castle), MANY_RULES(DEFRULE(c_many_ram, a_dynamic_civ_scout_cap(20)), MANY_RULES(DEFRULE(c_some_infantry, a_build_house), MANY_RULES(DEFRULE(c_few_skirm, a_build_house), MANY_RULES(DEFRULE(c_few_skirm, a_train_vill), MANY_RULES(DEFRULE(c_few_skirm, a_res_farm_2), MANY_RULES(DEFRULE(c_few_barracks, a_res_loom), MANY_RULES(DEFRULE(AND(c_few_skirm, c_enemy_has_many_pike), a_res_loom), MANY_RULES(DEFRULE(c_few_barracks, a_res_loom), MANY_RULES(DEFRULE(c_few_barracks, a_res_loom), MANY_RULES(DEFRULE(c_few_skirm, a_dynamic_civ_scout_cap(168)), MANY_RULES(DEFRULE(c_few_barracks, a_res_loom), MANY_RULES(DEFRULE(c_no_house, a_dynamic_atk_percent(i_val(168))), MANY_RULES(DEFRULE(c_few_skirm, a_build_barracks), MANY_RULES(DEFRULE(c_few_barracks, a_res_loom), MANY_RULES(DEFRULE(c_few_skirm, a_build_lumber_camp), MANY_RULES(DEFRULE(c_few_skirm, a_train_vill), MANY_RULES(DEFRULE(AND(c_some_ram, c_few_skirm), a_res_loom), MANY_RULES(DEFRULE(c_few_barracks, a_res_loom), MANY_RULES(DEFRULE(c_few_skirm, a_res_farm_2), MANY_RULES(DEFRULE(c_few_skirm, a_build_barracks), MANY_RULES(DEFRULE(c_few_barracks, a_res_bracer), MANY_RULES(DEFRULE(c_some_ram, a_build_house), MANY_RULES(DEFRULE(AND(c_some_ram, c_few_skirm), a_res_loom), TWO_RULES(DEFRULE(c_few_barracks, a_build_lumber_camp), DEFRULE(c_low_wood, a_train_vill)))))))))))))))))))))))))))))))))))))))))))))"
159,1,2067,"MANY_RULES(DEFRULE(AND(c_no_lumber_camp, c_can_res_chain_mail), a_dynamic_group_size(20)), MANY_RULES(DEFRULE(c_few_mill, a_build_house), MANY_RULES(DEFRULE(c_enemy_has_many_pike, a_dynamic_camp_dist(20)), MANY_RULES(DEFRULE(AND(c_few_skirm, c_enemy_has_many_pike), a_res_loom), MANY_RULES(DEFRULE(c_few_barracks, a_res_loom), MANY_RULES(DEFRULE(AND(c_some_ram, c_many_ram), a_res_loom), MANY_RULES(DEFRULE(c_no_house, a_dynamic_civ_scout_cap(168)), MANY_RULES(DEFRULE(c_few_barracks, a_res_loom), MANY_RULES(DEFRULE(c_no_house, a_dynamic_atk_percent(i_val(i_val(168)))), MANY_RULES(DEFRULE(c_few_skirm, a_build_barracks), MANY_RULES(DEFRULE(c_few_barracks, a_res_loom), MANY_RULES(DEFRULE(c_few_skirm, a_build_lumber_camp), MANY_RULES(DEFRULE(c_few_skirm, a_train_vill), MANY_RULES(DEFRULE(AND(c_some_ram, c_few_skirm), a_res_loom), MANY_RULES(DEFRULE(c_few_barracks, a_res_loom), MANY_RULES(DEFRULE(c_few_skirm, a_res_farm_2), MANY_RULES(DEFRULE(c_few_skirm, a_forward_castle), MANY_RULES(DEFRULE(c_many_ram, a_dynamic_civ_scout_cap(20)), MANY_RULES(DEFRULE(c_some_ram, a_build_house), MANY_RULES(DEFRULE(AND(AND(c_no_mining_camp, c_far_gold), AND(c_few_treb, c_far_gold)), a_train_vill), MANY_RULES(DEFRULE(c_far_gold, a_res_loom), MANY_RULES(DEFRULE(c_few_skirm, a_res_farm_2), MANY_RULES(DEFRULE(AND(c_many_archer, c_no_blacksmith), a_res_loom), MANY_RULES(DEFRULE(c_few_skirm, a_dynamic_civ_scout_cap(168)), MANY_RULES(DEFRULE(c_few_skirm, a_res_farm_2), MANY_RULES(DEFRULE(c_no_house, a_dynamic_atk_percent(i_val(20))), MANY_RULES(DEFRULE(c_few_skirm, a_build_barracks), MANY_RULES(DEFRULE(c_few_barracks, a_res_loom), MANY_RULES(DEFRULE(c_few_skirm, a_res_farm_2), MANY_RULES(DEFRULE(c_few_barracks, a_res_loom), MANY_RULES(DEFRULE(AND(c_few_skirm, c_few_skirm), a_res_loom), TWO_RULES(DEFRULE(c_few_barracks, a_res_loom), DEFRULE(c_low_wood, a_retreat_castle)))))))))))))))))))))))))))))))))"
159,55,2067,"MANY_RULES(DEFRULE(c_can_res_chain_mail, a_dynamic_group_size(20)), MANY_RULES(DEFRULE(c_few_skirm, a_build_house), MANY_RULES(DEFRULE(c_enemy_has_many_pike, a_dynamic_camp_dist(20)), MANY_RULES(DEFRULE(AND(c_few_skirm, c_enemy_has_many_pike), a_res_loom), MANY_RULES(DEFRULE(c_few_barracks, a_res_loom), MANY_RULES(DEFRULE(c_few_barracks, a_res_loom), MANY_RULES(DEFRULE(c_no_house, a_dynamic_civ_scout_cap(168)), MANY_RULES(DEFRULE(c_few_barracks, a_res_loom), MANY_RULES(DEFRULE(c_no_house, a_dynamic_atk_percent(i_val(12))), MANY_RULES(DEFRULE(c_few_skirm, a_build_barracks), MANY_RULES(DEFRULE(c_few_barracks, a_res_loom), MANY_RULES(DEFRULE(c_few_skirm, a_build_lumber_camp), MANY_RULES(DEFRULE(c_few_skirm, a_train_vill), MANY_RULES(DEFRULE(AND(c_some_ram, c_few_skirm), a_res_loom), MANY_RULES(DEFRULE(c_few_barracks, a_res_loom), MANY_RULES(DEFRULE(c_few_skirm, a_res_farm_2), MANY_RULES(t_empty_rule, MANY_RULES(DEFRULE(c_no_house, a_dynamic_civ_scout_cap(168)), MANY_RULES(DEFRULE(c_few_barracks, a_res_loom), MANY_RULES(DEFRULE(c_no_house, a_dynamic_atk_percent(i_val(168))), MANY_RULES(DEFRULE(c_few_skirm, a_build_barracks), MANY_RULES(DEFRULE(c_few_barracks, a_res_loom), MANY_RULES(DEFRULE(c_few_skirm, a_build_lumber_camp), MANY_RULES(DEFRULE(c_few_skirm, a_train_vill), MANY_RULES(DEFRULE(AND(c_some_ram, c_few_skirm), a_res_loom), MANY_RULES(DEFRULE(c_few_barracks, a_res_loom), MANY_RULES(DEFRULE(c_few_skirm, a_res_farm_2), MANY_RULES(DEFRULE(c_few_barracks, a_forward_castle), MANY_RULES(DEFRULE(c_many_ram, a_dynamic_civ_scout_cap(20)), MANY_RULES(DEFRULE(c_some_ram, a_build_house), MANY_RULES(DEFRULE(c_no_house, a_dynamic_civ_scout_cap(168)), MANY_RULES(DEFRULE(c_few_barracks, a_res_loom), MANY_RULES(DEFRULE(c_no_house, a_dynamic_civ_scout_pct(i_val(25))), MANY_RULES(DEFRULE(c_few_skirm, a_train_vill), MANY_RULES(DEFRULE(c_few_skirm, a_build_barracks), MANY_RULES(DEFRULE(c_few_skirm, a_dynamic_civ_scout_cap(12)), MANY_RULES(DEFRULE(AND(c_many_archer, c_few_watch_tower), a_res_loom), MANY_RULES(DEFRULE(c_few_skirm, a_res_loom), MANY_RULES(DEFRULE(c_no_house, a_dynamic_civ_scout_cap(168)), MANY_RULES(DEFRULE(c_few_barracks, a_train_vill), MANY_RULES(DEFRULE(c_many_ram, a_dynamic_atk_percent(20)), MANY_RULES(DEFRULE(c_some_ram, a_build_house), MANY_RULES(DEFRULE(AND(c_mil_pop_10, c_far_gold), a_dynamic_civ_scout_cap(62)), MANY_RULES(DEFRULE(c_no_house, a_forward_castle), MANY_RULES(DEFRULE(c_few_barracks, a_res_loom), MANY_RULES(DEFRULE(c_few_barracks, a_dynamic_atk_percent(i_val(168))), MANY_RULES(DEFRULE(c_few_skirm, a_build_barracks), MANY_RULES(DEFRULE(c_few_barracks, a_res_loom), MANY_RULES(DEFRULE(c_few_skirm, a_build_lumber_camp), MANY_RULES(DEFRULE(c_few_skirm, a_res_ballistics), MANY_RULES(DEFRULE(AND(c_some_ram, c_few_skirm), a_res_loom), MANY_RULES(DEFRULE(c_few_barracks, a_res_loom), MANY_RULES(DEFRULE(c_few_skirm, a_res_farm_2), MANY_RULES(DEFRULE(AND(c_no_lumber_camp, c_can_res_chain_mail), a_build_barracks), MANY_RULES(DEFRULE(c_few_barracks, a_res_loom), MANY_RULES(DEFRULE(c_some_ram, a_build_house), MANY_RULES(DEFRULE(AND(c_some_ram, c_few_skirm), a_res_loom), TWO_RULES(DEFRULE(c_few_barracks, a_build_lumber_camp), DEFRULE(c_low_wood, a_train_vill)))))))))))))))))))))))))))))))))))))))))))))))))))))))))))"
159,0,2038,"MANY_RULES(DEFRULE(AND(c_no_lumber_camp, c_can_res_chain_mail), a_dynamic_group_size(i_val(12))), MANY_RULES(DEFRULE(c_few_skirm, a_build_house), MANY_RULES(DEFRULE(c_enemy_has_many_pike, a_res_loom), MANY_RULES(DEFRULE(AND(AND(c_can_build_town_center, c_few_siege_workshop), c_enemy_has_many_pike), a_res_loom), MANY_RULES(DEFRULE(c_few_skirm, a_build_barracks), MANY_RULES(DEFRULE(c_few_barracks, a_dynamic_civ_scout_cap(168)), MANY_RULES(DEFRULE(c_some_ram, a_dynamic_civ_scout_cap(20)), MANY_RULES(DEFRULE(c_few_skirm, a_res_loom), MANY_RULES(DEFRULE(c_few_skirm, a_train_vill), MANY_RULES(DEFRULE(c_few_skirm, a_res_loom), MANY_RULES(DEFRULE(c_few_skirm, a_res_loom), MANY_RULES(DEFRULE(c_few_skirm, a_dynamic_civ_scout_cap(12)), MANY_RULES(DEFRULE(AND(c_many_archer, c_few_watch_tower), a_res_loom), MANY_RULES(DEFRULE(c_few_skirm, a_res_loom), MANY_RULES(DEFRULE(AND(c_few_skirm, c_can_res_gold_2), a_dynamic_civ_scout_cap(168)), MANY_RULES(DEFRULE(AND(c_few_barracks, c_enemy_has_many_pike), a_build_house), MANY_RULES(DEFRULE(c_enemy_has_many_pike, a_dynamic_camp_dist(20)), MANY_RULES(DEFRULE(AND(c_few_skirm, c_enemy_has_many_pike), a_res_loom), MANY_RULES(DEFRULE(c_few_barracks, a_res_loom), MANY_RULES(DEFRULE(AND(c_some_ram, c_can_res_farm_3), a_res_loom), MANY_RULES(DEFRULE(c_no_house, a_dynamic_civ_scout_cap(168)), MANY_RULES(DEFRULE(c_few_barracks, a_res_loom), MANY_RULES(DEFRULE(c_no_house, a_dynamic_atk_percent(20)), MANY_RULES(DEFRULE(c_few_skirm, a_build_barracks), MANY_RULES(DEFRULE(c_few_barracks, a_res_loom), MANY_RULES(DEFRULE(c_few_skirm, a_build_lumber_camp), MANY_RULES(DEFRULE(c_few_skirm, a_train_vill), MANY_RULES(DEFRULE(AND(c_some_ram, c_few_skirm), a_res_loom), MANY_RULES(DEFRULE(c_few_barracks, a_res_loom), MANY_RULES(DEFRULE(c_few_skirm, a_res_farm_2), MANY_RULES(DEFRULE(c_few_barracks, a_forward_castle), MANY_RULES(DEFRULE(c_many_ram, a_dynamic_civ_scout_cap(20)), MANY_RULES(DEFRULE(AND(c_no_lumber_camp, c_can_res_chain_mail), a_build_house), MANY_RULES(DEFRULE(AND(AND(c_no_mining_camp, c_far_gold), AND(c_few_treb, c_far_gold)), a_train_vill), MANY_RULES(DEFRULE(c_few_skirm, a_train_vill), MANY_RULES(DEFRULE(c_few_skirm, a_res_farm_2), MANY_RULES(DEFRULE(c_is_feudal_age, a_train_monk), MANY_RULES(t_empty_rule, t_empty_list))))))))))))))))))))))))))))))))))))))"
159,19,2029,"MANY_RULES(DEFRULE(AND(c_no_lumber_camp, c_can_res_chain_mail), a_dynamic_group_size(168)), MANY_RULES(t_empty_rule, MANY_RULES(DEFRULE(c_far_gold, a_train_vill), MANY_RULES(DEFRULE(c_few_skirm, a_res_loom), MANY_RULES(DEFRULE(AND(c_few_skirm, c_enemy_has_many_pike), a_dynamic_civ_scout_cap(12)), MANY_RULES(DEFRULE(c_few_skirm, a_res_loom), MANY_RULES(DEFRULE(c_few_skirm, a_train_vill), MANY_RULES(DEFRULE(c_few_skirm, a_res_loom), MANY_RULES(DEFRULE(c_few_skirm, a_res_farm_2), MANY_RULES(DEFRULE(c_few_barracks, a_train_vill), MANY_RULES(DEFRULE(c_many_ram, a_dynamic_civ_scout_cap(20)), MANY_RULES(DEFRULE(c_some_ram, a_build_house), MANY_RULES(DEFRULE(c_few_skirm, a_train_vill), MANY_RULES(DEFRULE(c_few_skirm, a_res_farm_2), MANY_RULES(DEFRULE(c_few_barracks, a_res_loom), MANY_RULES(DEFRULE(c_few_skirm, a_dynamic_civ_scout_cap(12)), MANY_RULES(DEFRULE(AND(c_some_ram, c_few_skirm), a_res_loom), MANY_RULES(DEFRULE(c_no_house, a_dynamic_atk_percent(i_val(3))), MANY_RULES(DEFRULE(AND(c_few_skirm, c_enemy_has_many_pike), a_res_farm_2), MANY_RULES(DEFRULE(c_few_barracks, a_forward_castle), MANY_RULES(DEFRULE(c_many_ram, a_dynamic_civ_scout_cap(20)), MANY_RULES(DEFRULE(c_few_barracks, a_forward_castle), MANY_RULES(DEFRULE(c_far_gold, a_train_vill), MANY_RULES(DEFRULE(c_few_skirm, a_train_vill), MANY_RULES(DEFRULE(c_few_skirm, a_res_farm_2), MANY_RULES(DEFRULE(c_few_barracks, a_res_loom), MANY_RULES(DEFRULE(c_few_skirm, a_dynamic_civ_scout_cap(i_val(62))), MANY_RULES(t_empty_rule, MANY_RULES(DEFRULE(c_few_barracks, a_res_loom), MANY_RULES(DEFRULE(c_no_house, a_dynamic_atk_percent(i_val(62))), MANY_RULES(DEFRULE(c_few_skirm, a_build_barracks), MANY_RULES(DEFRULE(c_few_barracks, a_res_loom), MANY_RULES(DEFRULE(c_few_skirm, a_build_lumber_camp), MANY_RULES(DEFRULE(c_few_skirm, a_train_vill), MANY_RULES(DEFRULE(AND(c_some_ram, c_few_skirm), a_res_loom), MANY_RULES(DEFRULE(c_few_barracks, a_res_loom), MANY_RULES(DEFRULE(c_few_skirm, a_res_farm_2), MANY_RULES(DEFRULE(c_few_barracks, a_forward_castle), MANY_RULES(DEFRULE(c_many_ram, a_dynamic_civ_scout_cap(20)), MANY_RULES(DEFRULE(c_few_barracks, a_forward_castle), MANY_RULES(DEFRULE(c_many_ram, a_dynamic_camp_dist(20)), MANY_RULES(DEFRULE(c_some_ram, a_build_house), MANY_RULES(DEFRULE(c_no_house, a_dynamic_civ_scout_cap(168)), MANY_RULES(DEFRULE(c_few_barracks, a_res_loom), MANY_RULES(DEFRULE(c_no_house, a_dynamic_atk_percent(i_val(62))), MANY_RULES(DEFRULE(c_few_skirm, a_train_vill), MANY_RULES(DEFRULE(c_enemy_has_few_archer, a_build_barracks), MANY_RULES(DEFRULE(c_few_skirm, a_dynamic_civ_scout_cap(168)), MANY_RULES(DEFRULE(AND(c_many_archer, c_few_watch_tower), a_res_loom), MANY_RULES(DEFRULE(c_few_skirm, a_res_loom), MANY_RULES(DEFRULE(c_no_house, a_dynamic_civ_scout_cap(168)), MANY_RULES(DEFRULE(c_few_barracks, a_train_vill), MANY_RULES(DEFRULE(c_no_house, a_res_loom), MANY_RULES(DEFRULE(c_some_ram, a_build_house), MANY_RULES(DEFRULE(AND(c_mil_pop_10, c_no_archery_range), a_dynamic_civ_scout_cap(62)), MANY_RULES(DEFRULE(c_few_skirm, a_train_vill), MANY_RULES(DEFRULE(c_few_skirm, a_res_farm_2), MANY_RULES(DEFRULE(AND(c_many_archer, c_few_watch_tower), a_res_loom), MANY_RULES(DEFRULE(c_few_skirm, a_dynamic_civ_scout_cap(168)), MANY_RULES(DEFRULE(c_few_barracks, a_forward_castle), MANY_RULES(DEFRULE(c_no_house, a_dynamic_atk_percent(i_val(62))), MANY_RULES(DEFRULE(c_few_skirm, a_build_barracks), MANY_RULES(DEFRULE(c_few_barracks, a_res_loom), MANY_RULES(DEFRULE(c_can_res_blast, a_go_feudal_age), MANY_RULES(t_empty_rule, t_empty_list)))))))))))))))))))))))))))))))))))))))))))))))))))))))))))))))))"
159,15,2006,"MANY_RULES(DEFRULE(AND(c_no_lumber_camp, c_can_res_chain_mail), a_dynamic_group_size(i_val(12))), MANY_RULES(DEFRULE(c_few_skirm, a_build_house), MANY_RULES(DEFRULE(c_enemy_has_many_pike, a_build_house), MANY_RULES(DEFRULE(AND(AND(c_can_build_town_center, c_few_siege_workshop), c_enemy_has_many_pike), a_res_loom), MANY_RULES(DEFRULE(c_few_skirm, a_build_barracks), MANY_RULES(DEFRULE(c_few_barracks, a_dynamic_civ_scout_cap(168)), MANY_RULES(DEFRULE(c_some_ram, a_dynamic_civ_scout_cap(20)), MANY_RULES(DEFRULE(c_few_skirm, a_res_loom), MANY_RULES(DEFRULE(c_few_skirm, a_train_vill), MANY_RULES(DEFRULE(c_few_skirm, a_res_loom), MANY_RULES(DEFRULE(c_few_skirm, a_res_loom), MANY_RULES(DEFRULE(c_few_skirm, a_dynamic_civ_scout_cap(12)), MANY_RULES(DEFRULE(AND(c_many_archer, c_few_watch_tower), a_res_loom), MANY_RULES(DEFRULE(c_few_skirm, a_res_loom), MANY_RULES(DEFRULE(AND(c_can_res_stone_2, c_few_skirm), a_res_loom), TWO_RULES(DEFRULE(c_few_barracks, a_build_lumber_camp), DEFRULE(c_few_skirm, a_train_vill)))))))))))))))))"
159,39,2000,"MANY_RULES(DEFRULE(AND(c_no_lumber_camp, c_can_res_chain_mail), a_dynamic_group_size(20)), MANY_RULES(DEFRULE(c_few_mill, a_build_house), MANY_RULES(DEFRULE(c_enemy_has_many_pike, a_dynamic_camp_dist(20)), MANY_RULES(DEFRULE(AND(c_few_skirm, c_enemy_has_many_pike), a_res_loom), MANY_RULES(DEFRULE(c_few_barracks, a_res_loom), MANY_RULES(DEFRULE(AND(c_some_ram, c_many_ram), a_res_loom), MANY_RULES(DEFRULE(c_no_house, a_dynamic_civ_scout_cap(168)), MANY_RULES(DEFRULE(c_few_barracks, a_res_loom), MANY_RULES(DEFRULE(c_no_house, a_dynamic_atk_percent(i_val(62))), MANY_RULES(DEFRULE(c_few_skirm, a_build_barracks), MANY_RULES(DEFRULE(c_few_barracks, a_res_loom), MANY_RULES(DEFRULE(c_few_skirm, a_build_lumber_camp), MANY_RULES(DEFRULE(c_few_barracks, a_res_loom), MANY_RULES(t_empty_rule, MANY_RULES(DEFRULE(c_few_barracks, a_res_loom), MANY_RULES(DEFRULE(c_few_skirm, a_res_loom), MANY_RULES(DEFRULE(AND(c_few_skirm, c_enemy_has_many_pike), a_dynamic_civ_scout_cap(12)), MANY_RULES(DEFRULE(c_few_mill, a_build_house), MANY_RULES(DEFRULE(c_few_skirm, a_train_vill), MANY_RULES(DEFRULE(c_few_skirm, a_res_loom), MANY_RULES(DEFRULE(c_few_skirm, a_res_farm_2), MANY_RULES(DEFRULE(c_can_buy_food, a_forward_castle), MANY_RULES(DEFRULE(c_many_ram, a_dynamic_civ_scout_cap(168)), MANY_RULES(DEFRULE(c_few_mill, a_dynamic_civ_scout_cap(12)), MANY_RULES(DEFRULE(c_far_gold, a_train_vill), MANY_RULES(DEFRULE(c_few_skirm, a_train_vill), MANY_RULES(DEFRULE(c_few_skirm, a_res_farm_2), MANY_RULES(DEFRULE(c_few_barracks, a_res_loom), MANY_RULES(DEFRULE(c_few_skirm, a_dynamic_civ_scout_cap(168)), MANY_RULES(DEFRULE(AND(c_some_ram, c_few_skirm), a_res_loom), MANY_RULES(DEFRULE(c_no_house, a_dynamic_atk_percent(i_val(3))), MANY_RULES(DEFRULE(c_few_barracks, a_forward_castle), MANY_RULES(DEFRULE(c_many_ram, a_dynamic_civ_scout_cap(20)), MANY_RULES(DEFRULE(c_some_infantry, a_build_house), MANY_RULES(DEFRULE(c_far_gold, a_train_vill), MANY_RULES(DEFRULE(c_few_skirm, a_train_vill), MANY_RULES(DEFRULE(c_few_skirm, a_res_farm_2), MANY_RULES(DEFRULE(c_few_barracks, a_res_loom), MANY_RULES(DEFRULE(c_few_skirm, a_dynamic_civ_scout_cap(i_val(62))), MANY_RULES(DEFRULE(c_no_house, a_dynamic_atk_percent(i_val(62))), MANY_RULES(t_empty_rule, MANY_RULES(DEFRULE(c_few_barracks, a_res_loom), MANY_RULES(DEFRULE(c_some_ram, a_build_house), MANY_RULES(DEFRULE(AND(c_some_ram, c_few_skirm), a_res_loom), TWO_RULES(DEFRULE(c_few_barracks, a_town_size_20), DEFRULE(c_low_wood, a_train_vill))))))))))))))))))))))))))))))))))))))))))))))"
159,13,1999,"MANY_RULES(DEFRULE(AND(c_no_lumber_camp, c_can_res_chain_mail), a_dynamic_group_size(20)), MANY_RULES(DEFRULE(c_few_mill, a_build_house), MANY_RULES(DEFRULE(c_enemy_has_many_pike, a_dynamic_camp_dist(20)), MANY_RULES(DEFRULE(AND(c_few_skirm, c_enemy_has_many_pike), a_res_loom), MANY_RULES(DEFRULE(c_few_barracks, a_res_loom), MANY_RULES(DEFRULE(AND(c_some_ram, c_many_ram), a_res_loom), MANY_RULES(DEFRULE(c_no_house, a_dynamic_civ_scout_cap(168)), MANY_RULES(DEFRULE(c_few_barracks, a_res_loom), MANY_RULES(DEFRULE(c_no_house, a_dynamic_atk_percent(i_val(62))), MANY_RULES(DEFRULE(c_few_skirm, a_build_barracks), MANY_RULES(DEFRULE(c_few_barracks, a_res_loom), MANY_RULES(DEFRULE(c_few_skirm, a_build_lumber_camp), MANY_RULES(DEFRULE(c_few_barracks, a_res_loom), MANY_RULES(t_empty_rule, MANY_RULES(DEFRULE(c_far_gold, a_train_vill), MANY_RULES(DEFRULE(c_few_skirm, a_res_loom), MANY_RULES(DEFRULE(AND(c_few_skirm, c_enemy_has_many_pike), a_dynamic_civ_scout_cap(12)), MANY_RULES(DEFRULE(c_few_mill, a_build_house), MANY_RULES(DEFRULE(c_few_skirm, a_train_vill), MANY_RULES(DEFRULE(c_few_skirm, a_res_loom), MANY_RULES(DEFRULE(c_few_skirm, a_res_farm_2), MANY_RULES(DEFRULE(c_can_buy_food, a_forward_castle), MANY_RULES(DEFRULE(c_many_ram, a_dynamic_civ_scout_cap(168)), MANY_RULES(DEFRULE(c_few_mill, a_dynamic_civ_scout_cap(12)), MANY_RULES(DEFRULE(c_far_gold, a_train_vill), MANY_RULES(DEFRULE(c_few_skirm, a_train_vill), MANY_RULES(DEFRULE(c_few_skirm, a_res_farm_2), MANY_RULES(DEFRULE(c_few_barracks, a_res_loom), MANY_RULES(DEFRULE(c_few_skirm, a_dynamic_civ_scout_cap(168)), MANY_RULES(DEFRULE(AND(c_some_ram, c_few_skirm), a_res_loom), MANY_RULES(DEFRULE(c_no_house, a_dynamic_atk_percent(i_val(3))), MANY_RULES(DEFRULE(c_few_barracks, a_forward_castle), MANY_RULES(DEFRULE(c_many_ram, a_dynamic_civ_scout_cap(20)), MANY_RULES(DEFRULE(c_some_infantry, a_build_house), MANY_RULES(DEFRULE(c_far_gold, a_train_vill), MANY_RULES(DEFRULE(c_few_skirm, a_train_vill), MANY_RULES(DEFRULE(c_few_skirm, a_res_farm_2), MANY_RULES(DEFRULE(c_few_barracks, a_res_loom), MANY_RULES(DEFRULE(c_few_skirm, a_dynamic_civ_scout_cap(i_val(62))), MANY_RULES(DEFRULE(c_no_house, a_dynamic_atk_percent(i_val(62))), MANY_RULES(t_empty_rule, MANY_RULES(DEFRULE(c_few_barracks, a_res_loom), MANY_RULES(DEFRULE(c_some_ram, a_build_house), MANY_RULES(DEFRULE(AND(c_some_ram, c_few_skirm), a_res_loom), TWO_RULES(DEFRULE(c_few_barracks, a_town_size_20), DEFRULE(c_low_wood, a_train_vill))))))))))))))))))))))))))))))))))))))))))))))"
159,10,1990,"MANY_RULES(DEFRULE(AND(c_no_lumber_camp, c_can_res_chain_mail), a_dynamic_group_size(168)), MANY_RULES(t_empty_rule, MANY_RULES(DEFRULE(c_far_gold, a_train_vill), MANY_RULES(DEFRULE(AND(c_no_lumber_camp, c_can_res_chain_mail), a_train_vill), MANY_RULES(DEFRULE(AND(c_few_skirm, c_enemy_has_many_pike), a_res_loom), MANY_RULES(DEFRULE(c_few_skirm, a_res_loom), MANY_RULES(DEFRULE(c_some_ram, a_build_house), MANY_RULES(DEFRULE(AND(AND(c_no_mining_camp, c_far_gold), AND(c_few_treb, c_far_gold)), a_train_vill), MANY_RULES(DEFRULE(c_few_archer, a_train_vill), MANY_RULES(DEFRULE(c_few_skirm, a_res_farm_2), MANY_RULES(DEFRULE(AND(c_many_archer, AND(c_no_blacksmith, c_no_monastery)), a_res_loom), MANY_RULES(DEFRULE(c_few_lumber_camp, a_dynamic_civ_scout_cap(12)), MANY_RULES(DEFRULE(c_few_skirm, a_res_farm_2), MANY_RULES(DEFRULE(c_no_house, a_dynamic_atk_percent(i_val(12))), MANY_RULES(DEFRULE(c_few_skirm, a_build_barracks), MANY_RULES(DEFRULE(c_few_barracks, a_res_loom), MANY_RULES(DEFRULE(c_few_skirm, a_res_farm_2), MANY_RULES(DEFRULE(AND(c_few_skirm, c_few_skirm), a_res_loom), MANY_RULES(DEFRULE(AND(c_few_skirm, c_few_skirm), a_res_loom), TWO_RULES(DEFRULE(c_few_barracks, a_res_loom), DEFRULE(c_low_wood, a_retreat_castle)))))))))))))))))))))"
159,4,1977,"MANY_RULES(DEFRULE(AND(c_no_lumber_camp, c_can_res_chain_mail), a_dynamic_group_size(i_val(62))), MANY_RULES(DEFRULE(c_few_skirm, a_build_house), MANY_RULES(DEFRULE(c_enemy_has_many_pike, a_res_loom), MANY_RULES(DEFRULE(AND(AND(c_can_build_town_center, c_few_siege_workshop), c_enemy_has_many_pike), a_res_loom), MANY_RULES(DEFRULE(c_few_skirm, a_build_barracks), MANY_RULES(DEFRULE(c_few_barracks, a_dynamic_civ_scout_cap(168)), MANY_RULES(DEFRULE(c_some_ram, a_dynamic_civ_scout_cap(20)), MANY_RULES(DEFRULE(c_few_skirm, a_res_loom), MANY_RULES(DEFRULE(c_few_skirm, a_train_vill), MANY_RULES(DEFRULE(c_few_skirm, a_res_loom), MANY_RULES(DEFRULE(c_few_skirm, a_res_loom), MANY_RULES(DEFRULE(c_few_skirm, a_forward_castle), MANY_RULES(DEFRULE(AND(c_many_archer, c_few_watch_tower), a_res_loom), MANY_RULES(DEFRULE(c_few_skirm, a_res_loom), MANY_RULES(DEFRULE(AND(c_few_skirm, c_can_res_gold_2), a_dynamic_civ_scout_cap(168)), MANY_RULES(DEFRULE(c_few_mill, a_build_house), MANY_RULES(DEFRULE(c_enemy_has_many_pike, a_dynamic_camp_dist(20)), MANY_RULES(DEFRULE(AND(c_few_skirm, c_enemy_has_many_pike), a_res_loom), MANY_RULES(DEFRULE(c_few_barracks, a_res_loom), MANY_RULES(DEFRULE(AND(c_some_ram, c_can_res_farm_3), a_res_loom), MANY_RULES(DEFRULE(c_no_house, a_dynamic_civ_scout_cap(168)), MANY_RULES(DEFRULE(c_few_barracks, a_train_vill), MANY_RULES(DEFRULE(c_no_house, a_dynamic_atk_percent(20)), MANY_RULES(DEFRULE(c_few_skirm, a_build_barracks), MANY_RULES(DEFRULE(c_few_barracks, a_res_loom), MANY_RULES(DEFRULE(c_few_skirm, a_build_lumber_camp), MANY_RULES(DEFRULE(c_few_skirm, a_train_vill), MANY_RULES(DEFRULE(AND(c_some_ram, c_few_skirm), a_res_loom), MANY_RULES(DEFRULE(c_few_barracks, a_res_loom), MANY_RULES(DEFRULE(c_few_skirm, a_res_farm_2), MANY_RULES(DEFRULE(c_few_barracks, a_forward_castle), MANY_RULES(DEFRULE(c_many_ram, a_dynamic_civ_scout_cap(20)), MANY_RULES(DEFRULE(c_some_ram, a_build_house), MANY_RULES(DEFRULE(AND(AND(c_no_mining_camp, c_far_gold), AND(c_few_treb, c_far_gold)), a_train_vill), MANY_RULES(DEFRULE(c_few_skirm, a_train_vill), MANY_RULES(DEFRULE(c_few_skirm, a_res_farm_2), MANY_RULES(DEFRULE(c_is_feudal_age, a_train_monk), MANY_RULES(t_empty_rule, t_empty_list))))))))))))))))))))))))))))))))))))))"
159,72,1970,"MANY_RULES(DEFRULE(AND(c_no_lumber_camp, c_can_res_chain_mail), a_dynamic_group_size(i_val(12))), MANY_RULES(DEFRULE(c_few_skirm, a_build_house), MANY_RULES(DEFRULE(c_enemy_has_many_pike, a_build_town_center), MANY_RULES(DEFRULE(AND(AND(c_can_build_town_center, c_few_siege_workshop), c_enemy_has_many_pike), a_res_loom), MANY_RULES(DEFRULE(c_few_skirm, a_build_barracks), MANY_RULES(DEFRULE(c_few_barracks, a_dynamic_civ_scout_cap(168)), MANY_RULES(DEFRULE(c_some_ram, a_dynamic_civ_scout_cap(20)), MANY_RULES(DEFRULE(c_few_skirm, a_res_loom), MANY_RULES(DEFRULE(c_few_skirm, a_train_vill), MANY_RULES(DEFRULE(c_few_skirm, a_res_loom), MANY_RULES(DEFRULE(c_few_skirm, a_res_loom), MANY_RULES(DEFRULE(c_few_skirm, a_dynamic_civ_scout_cap(12)), MANY_RULES(DEFRULE(AND(c_many_archer, c_few_watch_tower), a_res_loom), MANY_RULES(DEFRULE(c_few_skirm, a_res_loom), MANY_RULES(DEFRULE(AND(c_can_res_stone_2, c_few_skirm), a_res_loom), TWO_RULES(DEFRULE(c_few_barracks, a_build_lumber_camp), DEFRULE(c_has_monk, a_train_vill)))))))))))))))))"
159,11,1967,"MANY_RULES(DEFRULE(AND(c_no_lumber_camp, c_can_res_chain_mail), a_dynamic_group_size(20)), MANY_RULES(DEFRULE(c_few_mill, a_build_house), MANY_RULES(DEFRULE(c_enemy_has_many_pike, a_dynamic_camp_dist(20)), MANY_RULES(DEFRULE(AND(c_few_skirm, c_enemy_has_many_pike), a_res_loom), MANY_RULES(DEFRULE(c_few_barracks, a_res_loom), MANY_RULES(DEFRULE(AND(c_some_ram, c_many_ram), a_res_loom), MANY_RULES(DEFRULE(c_no_house, a_dynamic_civ_scout_cap(168)), MANY_RULES(DEFRULE(c_few_barracks, a_res_loom), MANY_RULES(DEFRULE(c_no_house, a_dynamic_atk_percent(i_val(20))), MANY_RULES(DEFRULE(c_few_skirm, a_build_barracks), MANY_RULES(DEFRULE(c_few_barracks, a_res_loom), MANY_RULES(DEFRULE(c_few_skirm, a_build_lumber_camp), MANY_RULES(DEFRULE(c_few_skirm, a_train_vill), MANY_RULES(DEFRULE(AND(c_some_ram, c_few_skirm), a_res_loom), MANY_RULES(DEFRULE(c_few_barracks, a_res_loom), MANY_RULES(DEFRULE(c_few_skirm, a_res_farm_2), MANY_RULES(DEFRULE(c_few_skirm, a_forward_castle), MANY_RULES(DEFRULE(c_many_ram, a_dynamic_civ_scout_cap(20)), MANY_RULES(DEFRULE(c_some_ram, a_build_house), MANY_RULES(DEFRULE(AND(AND(c_no_mining_camp, c_far_gold), AND(c_few_treb, c_far_gold)), a_train_vill), MANY_RULES(DEFRULE(c_few_skirm, a_res_farm_2), MANY_RULES(DEFRULE(AND(c_many_archer, c_no_blacksmith), a_res_loom), MANY_RULES(DEFRULE(c_few_skirm, a_dynamic_civ_scout_cap(168)), MANY_RULES(DEFRULE(c_few_skirm, a_res_farm_2), MANY_RULES(DEFRULE(c_no_house, a_dynamic_atk_percent(i_val(20))), MANY_RULES(DEFRULE(c_few_skirm, a_build_barracks), MANY_RULES(DEFRULE(c_few_barracks, a_res_loom), MANY_RULES(DEFRULE(c_few_skirm, a_res_farm_2), MANY_RULES(DEFRULE(c_few_barracks, a_res_loom), MANY_RULES(DEFRULE(c_few_barracks, a_res_loom), TWO_RULES(DEFRULE(c_few_barracks, a_res_loom), DEFRULE(c_low_wood, a_retreat_castle))))))))))))))))))))))))))))))))"
159,57,1961,"MANY_RULES(DEFRULE(c_can_res_chain_mail, a_dynamic_group_size(20)), MANY_RULES(DEFRULE(c_few_skirm, a_build_house), MANY_RULES(DEFRULE(c_enemy_has_many_pike, a_dynamic_camp_dist(20)), MANY_RULES(DEFRULE(AND(c_few_skirm, c_enemy_has_many_pike), a_res_loom), MANY_RULES(DEFRULE(c_few_barracks, a_res_loom), MANY_RULES(DEFRULE(c_few_barracks, a_res_loom), MANY_RULES(DEFRULE(c_no_house, a_dynamic_civ_scout_cap(168)), MANY_RULES(DEFRULE(c_few_barracks, a_res_loom), MANY_RULES(DEFRULE(c_no_house, a_dynamic_atk_percent(i_val(12))), MANY_RULES(DEFRULE(c_few_skirm, a_build_barracks), MANY_RULES(DEFRULE(c_few_barracks, a_res_loom), MANY_RULES(DEFRULE(c_few_skirm, a_build_lumber_camp), MANY_RULES(DEFRULE(c_few_skirm, a_train_vill), MANY_RULES(DEFRULE(AND(c_some_ram, c_few_skirm), a_res_loom), MANY_RULES(DEFRULE(c_few_barracks, a_res_loom), MANY_RULES(DEFRULE(c_few_skirm, a_res_farm_2), MANY_RULES(t_empty_rule, MANY_RULES(DEFRULE(c_no_house, a_dynamic_civ_scout_cap(168)), MANY_RULES(DEFRULE(c_few_barracks, a_res_loom), MANY_RULES(DEFRULE(c_no_house, a_dynamic_atk_percent(i_val(168))), MANY_RULES(DEFRULE(c_few_skirm, a_build_barracks), MANY_RULES(DEFRULE(c_few_barracks, a_res_loom), MANY_RULES(DEFRULE(c_few_skirm, a_build_lumber_camp), MANY_RULES(DEFRULE(c_few_skirm, a_train_vill), MANY_RULES(DEFRULE(AND(c_some_ram, c_few_skirm), a_res_loom), MANY_RULES(DEFRULE(c_few_barracks, a_res_loom), MANY_RULES(DEFRULE(c_few_skirm, a_res_farm_2), MANY_RULES(DEFRULE(c_few_barracks, a_forward_castle), MANY_RULES(DEFRULE(c_many_ram, a_dynamic_civ_scout_cap(20)), MANY_RULES(DEFRULE(c_some_ram, a_build_house), MANY_RULES(DEFRULE(c_no_house, a_dynamic_civ_scout_cap(168)), MANY_RULES(DEFRULE(c_few_barracks, a_res_loom), MANY_RULES(DEFRULE(c_no_house, a_dynamic_civ_scout_pct(i_val(25))), MANY_RULES(DEFRULE(c_few_skirm, a_train_vill), MANY_RULES(DEFRULE(c_few_skirm, a_build_barracks), MANY_RULES(DEFRULE(c_few_skirm, a_dynamic_civ_scout_cap(12)), MANY_RULES(DEFRULE(AND(c_many_archer, c_few_watch_tower), a_res_loom), MANY_RULES(DEFRULE(c_few_skirm, a_res_loom), MANY_RULES(DEFRULE(c_no_house, a_dynamic_civ_scout_cap(168)), MANY_RULES(DEFRULE(c_few_skirm, a_train_vill), MANY_RULES(DEFRULE(c_many_ram, a_dynamic_atk_percent(20)), MANY_RULES(DEFRULE(c_some_ram, a_build_house), MANY_RULES(DEFRULE(AND(c_mil_pop_10, c_far_gold), a_dynamic_civ_scout_cap(62)), MANY_RULES(DEFRULE(c_no_house, a_forward_castle), MANY_RULES(DEFRULE(c_few_barracks, a_res_loom), MANY_RULES(DEFRULE(c_no_house, a_dynamic_atk_percent(i_val(17))), MANY_RULES(DEFRULE(c_few_skirm, a_build_barracks), MANY_RULES(DEFRULE(c_few_barracks, a_res_loom), MANY_RULES(DEFRULE(c_few_skirm, a_build_lumber_camp), MANY_RULES(DEFRULE(c_few_skirm, a_train_vill), MANY_RULES(DEFRULE(AND(c_some_ram, c_few_skirm), a_res_loom), MANY_RULES(DEFRULE(c_few_barracks, a_res_loom), MANY_RULES(DEFRULE(c_few_skirm, a_res_farm_2), MANY_RULES(DEFRULE(c_few_skirm, a_build_barracks), MANY_RULES(DEFRULE(c_few_barracks, a_res_loom), MANY_RULES(DEFRULE(c_some_ram, a_build_house), MANY_RULES(DEFRULE(AND(c_some_ram, c_few_skirm), a_res_loom), MANY_RULES(DEFRULE(c_few_skirm, a_res_chemistry), MANY_RULES(DEFRULE(c_few_skirm, a_build_barracks), MANY_RULES(DEFRULE(c_few_barracks, a_res_loom), MANY_RULES(DEFRULE(c_few_skirm, a_res_farm_2), MANY_RULES(DEFRULE(c_few_skirm, a_res_farm_2), MANY_RULES(DEFRULE(AND(c_some_ram, c_few_skirm), a_res_loom), TWO_RULES(DEFRULE(c_few_barracks, a_res_loom), DEFRULE(c_low_wood, a_retreat_castle)))))))))))))))))))))))))))))))))))))))))))))))))))))))))))))))))"
159,17,1922,"MANY_RULES(DEFRULE(AND(c_no_lumber_camp, c_can_res_chain_mail), a_dynamic_group_size(i_val(62))), MANY_RULES(DEFRULE(c_few_skirm, a_build_house), MANY_RULES(DEFRULE(c_enemy_has_many_pike, a_res_loom), MANY_RULES(DEFRULE(AND(AND(c_can_build_town_center, c_few_siege_workshop), c_enemy_has_many_pike), a_res_loom), MANY_RULES(DEFRULE(c_few_skirm, a_build_barracks), MANY_RULES(DEFRULE(c_few_barracks, a_dynamic_civ_scout_cap(62)), MANY_RULES(DEFRULE(c_some_ram, a_dynamic_civ_scout_cap(20)), MANY_RULES(DEFRULE(c_few_skirm, a_res_loom), MANY_RULES(DEFRULE(c_few_skirm, a_train_vill), MANY_RULES(DEFRULE(c_few_skirm, a_res_loom), MANY_RULES(DEFRULE(c_few_skirm, a_res_loom), MANY_RULES(DEFRULE(c_few_skirm, a_forward_castle), MANY_RULES(DEFRULE(AND(c_many_archer, c_few_watch_tower), a_res_loom), MANY_RULES(DEFRULE(c_few_skirm, a_res_loom), MANY_RULES(DEFRULE(AND(c_few_skirm, c_can_res_gold_2), a_dynamic_civ_scout_cap(168)), MANY_RULES(DEFRULE(c_few_mill, a_build_house), MANY_RULES(DEFRULE(c_enemy_has_many_pike, a_dynamic_camp_dist(20)), MANY_RULES(DEFRULE(AND(c_few_skirm, c_enemy_has_many_pike), a_res_loom), MANY_RULES(DEFRULE(c_few_barracks, a_res_loom), MANY_RULES(DEFRULE(AND(c_some_ram, c_can_res_farm_3), a_res_loom), MANY_RULES(DEFRULE(c_no_house, a_dynamic_civ_scout_cap(168)), MANY_RULES(DEFRULE(c_few_barracks, a_train_vill), MANY_RULES(DEFRULE(c_no_house, a_dynamic_atk_percent(20)), MANY_RULES(DEFRULE(c_few_skirm, a_build_barracks), MANY_RULES(DEFRULE(c_few_barracks, a_res_loom), MANY_RULES(DEFRULE(c_few_skirm, a_build_lumber_camp), MANY_RULES(DEFRULE(c_few_skirm, a_train_vill), MANY_RULES(DEFRULE(AND(c_some_ram, c_few_skirm), a_res_loom), MANY_RULES(DEFRULE(c_few_barracks, a_res_loom), MANY_RULES(DEFRULE(c_few_skirm, a_res_farm_2), MANY_RULES(DEFRULE(c_few_barracks, a_forward_castle), MANY_RULES(DEFRULE(c_many_ram, a_dynamic_civ_scout_cap(20)), MANY_RULES(DEFRULE(c_some_ram, a_build_house), MANY_RULES(DEFRULE(AND(AND(c_no_mining_camp, c_far_gold), AND(c_few_treb, c_far_gold)), a_train_vill), MANY_RULES(DEFRULE(c_few_skirm, a_train_vill), MANY_RULES(DEFRULE(c_few_skirm, a_res_farm_2), MANY_RULES(DEFRULE(c_is_feudal_age, a_train_monk), MANY_RULES(t_empty_rule, t_empty_list))))))))))))))))))))))))))))))))))))))"
159,28,1910,"MANY_RULES(DEFRULE(AND(c_no_lumber_camp, c_can_res_chain_mail), a_dynamic_group_size(i_val(62))), MANY_RULES(DEFRULE(c_few_skirm, a_build_house), MANY_RULES(DEFRULE(c_enemy_has_many_pike, a_res_loom), MANY_RULES(DEFRULE(AND(AND(c_can_build_town_center, c_few_siege_workshop), c_enemy_has_many_pike), a_res_loom), MANY_RULES(DEFRULE(c_few_skirm, a_build_barracks), MANY_RULES(DEFRULE(c_few_barracks, a_dynamic_civ_scout_cap(168)), MANY_RULES(DEFRULE(c_some_ram, a_dynamic_civ_scout_cap(20)), MANY_RULES(DEFRULE(c_few_skirm, a_res_loom), MANY_RULES(DEFRULE(c_few_skirm, a_train_vill), MANY_RULES(DEFRULE(c_few_skirm, a_res_loom), MANY_RULES(DEFRULE(c_few_skirm, a_res_loom), MANY_RULES(DEFRULE(c_few_skirm, a_dynamic_civ_scout_cap(12)), MANY_RULES(DEFRULE(AND(c_many_archer, c_few_watch_tower), a_res_loom), MANY_RULES(DEFRULE(c_few_skirm, a_res_loom), MANY_RULES(DEFRULE(AND(c_few_skirm, c_can_res_gold_2), a_dynamic_civ_scout_cap(168)), MANY_RULES(DEFRULE(c_few_mill, a_build_house), MANY_RULES(DEFRULE(c_enemy_has_many_pike, a_res_farm_2), MANY_RULES(DEFRULE(AND(c_few_skirm, c_enemy_has_many_pike), a_res_loom), MANY_RULES(DEFRULE(c_few_barracks, a_res_loom), MANY_RULES(DEFRULE(AND(c_some_ram, c_can_res_farm_3), a_res_loom), MANY_RULES(DEFRULE(c_no_house, a_dynamic_civ_scout_cap(168)), MANY_RULES(DEFRULE(c_few_barracks, a_train_vill), MANY_RULES(DEFRULE(c_no_house, a_dynamic_atk_percent(20)), MANY_RULES(DEFRULE(c_few_skirm, a_build_barracks), MANY_RULES(DEFRULE(c_few_barracks, a_res_loom), MANY_RULES(DEFRULE(c_few_skirm, a_build_lumber_camp), MANY_RULES(DEFRULE(c_few_skirm, a_train_vill), MANY_RULES(DEFRULE(AND(c_some_ram, c_few_skirm), a_res_loom), MANY_RULES(DEFRULE(c_few_barracks, a_res_loom), MANY_RULES(DEFRULE(c_few_skirm, a_res_farm_2), MANY_RULES(DEFRULE(c_few_barracks, a_forward_castle), MANY_RULES(DEFRULE(c_many_ram, a_dynamic_civ_scout_cap(20)), MANY_RULES(DEFRULE(c_some_ram, a_build_house), MANY_RULES(DEFRULE(AND(AND(c_no_mining_camp, c_far_gold), AND(c_few_treb, c_far_gold)), a_train_vill), MANY_RULES(DEFRULE(c_few_skirm, a_train_vill), MANY_RULES(DEFRULE(c_few_skirm, a_res_farm_2), MANY_RULES(DEFRULE(c_is_feudal_age, a_train_monk), MANY_RULES(t_empty_rule, t_empty_list))))))))))))))))))))))))))))))))))))))"
159,51,1876,"MANY_RULES(DEFRULE(AND(c_no_lumber_camp, c_can_res_chain_mail), a_dynamic_group_size(i_val(62))), MANY_RULES(DEFRULE(c_few_skirm, a_build_house), MANY_RULES(DEFRULE(c_enemy_has_many_pike, a_res_loom), MANY_RULES(DEFRULE(AND(c_few_skirm, c_enemy_has_many_pike), a_res_loom), MANY_RULES(DEFRULE(c_few_skirm, a_build_barracks), MANY_RULES(DEFRULE(c_few_barracks, a_dynamic_civ_scout_cap(168)), MANY_RULES(DEFRULE(c_some_ram, a_dynamic_civ_scout_cap(20)), MANY_RULES(DEFRULE(c_few_skirm, a_res_loom), MANY_RULES(DEFRULE(c_few_skirm, a_train_vill), MANY_RULES(DEFRULE(c_few_skirm, a_res_loom), MANY_RULES(DEFRULE(c_few_skirm, a_res_loom), MANY_RULES(DEFRULE(c_few_skirm, a_forward_castle), MANY_RULES(DEFRULE(AND(c_many_archer, c_few_watch_tower), a_res_loom), MANY_RULES(DEFRULE(c_few_skirm, a_res_loom), MANY_RULES(DEFRULE(AND(c_few_skirm, c_can_res_gold_2), a_dynamic_civ_scout_cap(168)), MANY_RULES(DEFRULE(c_few_mill, a_build_house), MANY_RULES(DEFRULE(c_enemy_has_many_pike, a_dynamic_camp_dist(20)), MANY_RULES(DEFRULE(AND(c_few_skirm, c_enemy_has_many_pike), a_res_loom), MANY_RULES(DEFRULE(c_few_barracks, a_res_loom), MANY_RULES(DEFRULE(AND(c_some_ram, c_can_res_farm_3), a_res_loom), MANY_RULES(DEFRULE(c_no_house, a_dynamic_civ_scout_cap(168)), MANY_RULES(DEFRULE(c_few_barracks, a_train_vill), MANY_RULES(DEFRULE(c_no_house, a_dynamic_atk_percent(20)), MANY_RULES(DEFRULE(c_few_skirm, a_build_barracks), MANY_RULES(DEFRULE(c_few_barracks, a_res_loom), MANY_RULES(DEFRULE(c_few_skirm, a_build_lumber_camp), MANY_RULES(DEFRULE(c_few_skirm, a_train_vill), MANY_RULES(DEFRULE(AND(c_some_ram, c_few_skirm), a_res_loom), MANY_RULES(DEFRULE(c_few_barracks, a_res_loom), MANY_RULES(DEFRULE(c_few_skirm, a_res_farm_2), MANY_RULES(DEFRULE(c_few_barracks, a_forward_castle), MANY_RULES(DEFRULE(c_many_ram, a_dynamic_civ_scout_cap(20)), MANY_RULES(DEFRULE(c_some_ram, a_build_house), MANY_RULES(DEFRULE(AND(AND(c_no_mining_camp, c_far_gold), AND(c_few_treb, c_far_gold)), a_train_vill), MANY_RULES(DEFRULE(c_few_skirm, a_train_vill), MANY_RULES(DEFRULE(c_few_skirm, a_res_farm_2), MANY_RULES(DEFRULE(c_is_feudal_age, a_train_monk), MANY_RULES(t_empty_rule, t_empty_list))))))))))))))))))))))))))))))))))))))"
159,76,1875,"MANY_RULES(DEFRULE(c_can_res_chain_mail, a_dynamic_group_size(20)), MANY_RULES(DEFRULE(c_few_skirm, a_build_house), MANY_RULES(DEFRULE(c_enemy_has_many_pike, a_dynamic_camp_dist(20)), MANY_RULES(DEFRULE(c_few_barracks, a_res_loom), MANY_RULES(DEFRULE(c_few_barracks, a_res_loom), MANY_RULES(DEFRULE(c_no_house, a_dynamic_civ_scout_cap(168)), MANY_RULES(DEFRULE(c_few_barracks, a_res_loom), MANY_RULES(DEFRULE(c_no_house, a_dynamic_atk_percent(i_val(12))), MANY_RULES(DEFRULE(c_few_skirm, a_build_barracks), MANY_RULES(DEFRULE(c_few_barracks, a_res_loom), MANY_RULES(DEFRULE(c_few_skirm, a_build_lumber_camp), MANY_RULES(DEFRULE(c_few_skirm, a_train_vill), MANY_RULES(DEFRULE(AND(c_some_ram, c_few_skirm), a_res_loom), MANY_RULES(DEFRULE(c_few_barracks, a_res_loom), MANY_RULES(DEFRULE(c_few_skirm, a_res_farm_2), MANY_RULES(t_empty_rule, MANY_RULES(DEFRULE(c_no_house, a_dynamic_civ_scout_cap(168)), MANY_RULES(DEFRULE(c_few_barracks, a_res_loom), MANY_RULES(DEFRULE(c_no_house, a_dynamic_atk_percent(i_val(168))), MANY_RULES(DEFRULE(c_few_skirm, a_build_barracks), MANY_RULES(DEFRULE(c_few_barracks, a_res_loom), MANY_RULES(DEFRULE(c_few_skirm, a_build_lumber_camp), MANY_RULES(DEFRULE(c_few_skirm, a_train_vill), MANY_RULES(DEFRULE(AND(c_some_ram, c_few_skirm), a_res_loom), MANY_RULES(DEFRULE(c_few_barracks, a_res_loom), MANY_RULES(DEFRULE(c_few_skirm, a_res_farm_2), MANY_RULES(DEFRULE(c_few_barracks, a_forward_castle), MANY_RULES(DEFRULE(c_many_ram, a_dynamic_civ_scout_cap(20)), MANY_RULES(DEFRULE(c_some_ram, a_build_house), MANY_RULES(DEFRULE(c_no_house, a_dynamic_civ_scout_cap(168)), MANY_RULES(DEFRULE(c_few_barracks, a_res_loom), MANY_RULES(DEFRULE(c_no_house, a_dynamic_civ_scout_pct(i_val(25))), MANY_RULES(DEFRULE(c_few_skirm, a_train_vill), MANY_RULES(DEFRULE(c_few_skirm, a_build_barracks), MANY_RULES(DEFRULE(c_few_skirm, a_dynamic_civ_scout_cap(12)), MANY_RULES(DEFRULE(AND(c_many_archer, c_few_watch_tower), a_res_loom), MANY_RULES(DEFRULE(c_few_skirm, a_res_loom), MANY_RULES(DEFRULE(c_no_house, a_dynamic_civ_scout_cap(168)), MANY_RULES(DEFRULE(c_few_barracks, a_train_vill), MANY_RULES(DEFRULE(c_many_ram, a_dynamic_atk_percent(20)), MANY_RULES(DEFRULE(c_some_ram, a_build_house), MANY_RULES(DEFRULE(AND(c_mil_pop_10, c_far_gold), a_dynamic_civ_scout_cap(62)), MANY_RULES(DEFRULE(c_no_house, a_forward_castle), MANY_RULES(DEFRULE(c_few_barracks, a_res_loom), MANY_RULES(DEFRULE(c_few_barracks, a_dynamic_atk_percent(i_val(168))), MANY_RULES(DEFRULE(c_few_skirm, a_build_barracks), MANY_RULES(DEFRULE(c_few_barracks, a_res_loom), MANY_RULES(DEFRULE(c_few_skirm, a_build_lumber_camp), MANY_RULES(DEFRULE(c_few_skirm, a_train_vill), MANY_RULES(DEFRULE(AND(c_some_ram, c_few_skirm), a_res_loom), MANY_RULES(DEFRULE(c_few_barracks, a_res_loom), MANY_RULES(DEFRULE(c_few_skirm, a_res_farm_2), MANY_RULES(DEFRULE(c_few_skirm, a_build_barracks), MANY_RULES(DEFRULE(c_few_barracks, a_res_loom), MANY_RULES(DEFRULE(c_some_ram, a_build_house), MANY_RULES(DEFRULE(AND(c_some_ram, c_few_skirm), a_res_loom), TWO_RULES(DEFRULE(c_few_barracks, a_build_lumber_camp), DEFRULE(c_low_wood, a_train_vill))))))))))))))))))))))))))))))))))))))))))))))))))))))))))"
159,8,1873,"MANY_RULES(DEFRULE(AND(c_no_lumber_camp, c_can_res_chain_mail), a_dynamic_group_size(20)), MANY_RULES(DEFRULE(c_few_skirm, a_build_house), MANY_RULES(DEFRULE(c_enemy_has_many_pike, a_dynamic_camp_dist(20)), MANY_RULES(DEFRULE(c_few_skirm, a_res_loom), MANY_RULES(DEFRULE(c_no_house, a_dynamic_civ_scout_cap(168)), MANY_RULES(DEFRULE(c_few_barracks, a_res_loom), MANY_RULES(DEFRULE(c_no_house, a_dynamic_atk_percent(i_val(168))), MANY_RULES(DEFRULE(c_few_skirm, a_build_barracks), MANY_RULES(DEFRULE(c_few_barracks, a_res_loom), MANY_RULES(DEFRULE(c_few_skirm, a_build_lumber_camp), MANY_RULES(DEFRULE(c_few_skirm, a_train_vill), MANY_RULES(DEFRULE(AND(c_few_watch_tower, c_few_skirm), a_res_loom), MANY_RULES(DEFRULE(c_few_barracks, a_res_loom), MANY_RULES(DEFRULE(c_few_skirm, a_res_farm_2), MANY_RULES(DEFRULE(c_few_skirm, a_build_barracks), MANY_RULES(DEFRULE(c_few_barracks, a_res_loom), MANY_RULES(DEFRULE(c_few_barracks, a_forward_castle), MANY_RULES(DEFRULE(c_few_archery_range, a_res_loom), MANY_RULES(DEFRULE(c_few_skirm, a_dynamic_civ_scout_cap(12)), MANY_RULES(DEFRULE(AND(c_some_ram, c_few_skirm), a_res_loom), MANY_RULES(DEFRULE(c_few_watch_tower, a_train_vill), MANY_RULES(DEFRULE(AND(c_few_skirm, c_enemy_has_many_pike), a_res_farm_2), MANY_RULES(DEFRULE(c_few_barracks, a_forward_castle), MANY_RULES(DEFRULE(c_few_skirm, a_dynamic_civ_scout_cap(20)), MANY_RULES(DEFRULE(c_some_infantry, a_build_house), MANY_RULES(DEFRULE(c_few_skirm, a_train_vill), MANY_RULES(DEFRULE(c_few_skirm, a_res_farm_2), MANY_RULES(DEFRULE(c_few_barracks, a_res_loom), MANY_RULES(DEFRULE(AND(c_few_skirm, c_enemy_has_many_pike), a_res_loom), MANY_RULES(DEFRULE(c_few_barracks, a_res_loom), MANY_RULES(DEFRULE(c_few_barracks, a_res_loom), MANY_RULES(DEFRULE(c_no_house, a_dynamic_civ_scout_cap(168)), MANY_RULES(DEFRULE(c_few_barracks, a_res_loom), MANY_RULES(DEFRULE(c_no_house, a_dynamic_atk_percent(i_val(168))), MANY_RULES(DEFRULE(c_few_skirm, a_build_barracks), MANY_RULES(DEFRULE(c_few_barracks, a_res_loom), MANY_RULES(DEFRULE(c_few_skirm, a_build_lumber_camp), MANY_RULES(DEFRULE(c_few_skirm, a_res_loom), MANY_RULES(DEFRULE(AND(c_some_ram, c_few_skirm), a_res_loom), MANY_RULES(DEFRULE(c_few_barracks, a_res_loom), MANY_RULES(DEFRULE(c_few_skirm, a_res_farm_2), MANY_RULES(DEFRULE(c_few_skirm, a_build_barracks), MANY_RULES(DEFRULE(c_few_barracks, a_res_loom), MANY_RULES(DEFRULE(c_some_ram, a_build_house), MANY_RULES(DEFRULE(AND(c_some_ram, c_few_skirm), a_res_loom), TWO_RULES(DEFRULE(c_few_barracks, a_build_lumber_camp), DEFRULE(c_low_wood, a_train_vill)))))))))))))))))))))))))))))))))))))))))))))))"
159,41,1865,"MANY_RULES(DEFRULE(AND(c_no_lumber_camp, c_can_res_chain_mail), a_dynamic_group_size(168)), MANY_RULES(t_empty_rule, MANY_RULES(DEFRULE(c_far_gold, a_train_vill), MANY_RULES(DEFRULE(c_few_skirm, a_res_loom), MANY_RULES(DEFRULE(AND(c_few_siege_workshop, c_enemy_has_many_pike), a_dynamic_civ_scout_cap(12)), MANY_RULES(DEFRULE(c_few_skirm, a_res_loom), MANY_RULES(DEFRULE(c_few_skirm, a_train_vill), MANY_RULES(DEFRULE(c_few_skirm, a_res_loom), MANY_RULES(DEFRULE(c_few_skirm, a_res_farm_2), MANY_RULES(DEFRULE(c_few_barracks, a_forward_castle), MANY_RULES(DEFRULE(c_few_skirm, a_dynamic_civ_scout_cap(20)), MANY_RULES(DEFRULE(c_some_ram, a_build_house), MANY_RULES(DEFRULE(c_far_gold, a_train_vill), MANY_RULES(DEFRULE(c_few_skirm, a_res_farm_2), MANY_RULES(DEFRULE(c_few_archery_range, a_res_loom), MANY_RULES(DEFRULE(c_few_skirm, a_dynamic_civ_scout_cap(12)), MANY_RULES(DEFRULE(AND(c_some_ram, c_few_skirm), a_res_loom), MANY_RULES(DEFRULE(c_few_watch_tower, a_train_vill), MANY_RULES(DEFRULE(AND(c_few_skirm, c_enemy_has_many_pike), a_res_farm_2), MANY_RULES(DEFRULE(c_few_barracks, a_forward_castle), MANY_RULES(DEFRULE(c_many_ram, a_dynamic_civ_scout_cap(20)), MANY_RULES(DEFRULE(c_some_infantry, a_build_house), MANY_RULES(DEFRULE(c_few_skirm, a_build_house), MANY_RULES(DEFRULE(c_few_skirm, a_train_vill), MANY_RULES(DEFRULE(c_few_skirm, a_res_farm_2), MANY_RULES(DEFRULE(c_few_barracks, a_res_loom), MANY_RULES(DEFRULE(AND(c_few_skirm, c_enemy_has_many_pike), a_res_loom), MANY_RULES(DEFRULE(c_few_barracks, a_res_loom), MANY_RULES(DEFRULE(c_few_barracks, a_res_loom), MANY_RULES(DEFRULE(c_few_skirm, a_dynamic_civ_scout_cap(168)), MANY_RULES(DEFRULE(c_few_barracks, a_res_loom), MANY_RULES(DEFRULE(c_no_house, a_dynamic_atk_percent(i_val(168))), MANY_RULES(DEFRULE(c_few_skirm, a_build_barracks), MANY_RULES(DEFRULE(c_few_barracks, a_res_loom), MANY_RULES(DEFRULE(c_few_skirm, a_build_lumber_camp), MANY_RULES(DEFRULE(c_few_skirm, a_train_vill), MANY_RULES(DEFRULE(AND(c_some_ram, c_few_skirm), a_res_loom), MANY_RULES(DEFRULE(c_few_barracks, a_res_loom), MANY_RULES(DEFRULE(c_few_skirm, a_res_farm_2), MANY_RULES(DEFRULE(c_few_skirm, a_build_barracks), MANY_RULES(DEFRULE(c_few_barracks, a_res_bracer), MANY_RULES(DEFRULE(c_some_ram, a_build_house), MANY_RULES(DEFRULE(AND(c_some_ram, c_few_skirm), a_res_loom), TWO_RULES(DEFRULE(c_few_barracks, a_build_lumber_camp), DEFRULE(c_low_wood, a_train_vill)))))))))))))))))))))))))))))))))))))))))))))"
159,29,1855,"MANY_RULES(DEFRULE(AND(c_no_lumber_camp, c_can_res_chain_mail), a_dynamic_group_size(20)), MANY_RULES(DEFRULE(c_few_mill, a_build_house), MANY_RULES(DEFRULE(AND(c_no_lumber_camp, c_can_res_chain_mail), a_dynamic_group_size(168)), MANY_RULES(DEFRULE(AND(c_few_skirm, c_enemy_has_many_pike), a_res_loom), MANY_RULES(DEFRULE(c_few_barracks, a_res_loom), MANY_RULES(DEFRULE(AND(c_some_ram, c_many_ram), a_res_loom), MANY_RULES(DEFRULE(c_no_house, a_dynamic_civ_scout_cap(168)), MANY_RULES(DEFRULE(c_few_barracks, a_res_loom), MANY_RULES(DEFRULE(c_some_ram, a_build_house), MANY_RULES(DEFRULE(c_few_barracks, a_res_loom), MANY_RULES(DEFRULE(c_few_skirm, a_build_lumber_camp), MANY_RULES(DEFRULE(c_few_skirm, a_train_vill), MANY_RULES(DEFRULE(AND(c_some_ram, c_few_skirm), a_res_loom), MANY_RULES(DEFRULE(c_few_barracks, a_res_loom), MANY_RULES(DEFRULE(c_few_skirm, a_dynamic_camp_dist(20)), MANY_RULES(DEFRULE(c_few_barracks, a_forward_castle), MANY_RULES(DEFRULE(c_many_ram, a_dynamic_civ_scout_cap(20)), MANY_RULES(DEFRULE(c_some_ram, a_build_house), MANY_RULES(DEFRULE(AND(AND(c_no_mining_camp, c_far_gold), AND(c_few_treb, c_far_gold)), a_train_vill), MANY_RULES(DEFRULE(c_few_skirm, a_train_vill), MANY_RULES(DEFRULE(c_few_skirm, a_res_farm_2), MANY_RULES(DEFRULE(AND(c_many_archer, AND(c_no_blacksmith, c_no_monastery)), a_res_loom), MANY_RULES(DEFRULE(c_few_skirm, a_dynamic_civ_scout_cap(168)), MANY_RULES(DEFRULE(c_few_skirm, a_res_farm_2), MANY_RULES(DEFRULE(c_no_house, a_dynamic_atk_percent(i_val(62))), MANY_RULES(DEFRULE(c_few_skirm, a_build_barracks), MANY_RULES(DEFRULE(c_few_barracks, a_res_loom), MANY_RULES(DEFRULE(c_few_skirm, a_res_farm_2), MANY_RULES(DEFRULE(c_few_barracks, a_res_loom), MANY_RULES(DEFRULE(AND(c_few_skirm, c_few_skirm), a_res_loom), TWO_RULES(DEFRULE(c_few_barracks, a_res_loom), DEFRULE(c_low_wood, a_retreat_castle))))))))))))))))))))))))))))))))"
159,38,1852,"MANY_RULES(DEFRULE(c_can_res_chain_mail, a_dynamic_group_size(20)), MANY_RULES(DEFRULE(c_few_skirm, a_build_house), MANY_RULES(DEFRULE(c_enemy_has_many_pike, a_dynamic_camp_dist(20)), MANY_RULES(DEFRULE(AND(c_few_skirm, c_enemy_has_many_pike), a_res_loom), MANY_RULES(DEFRULE(c_few_barracks, a_res_loom), MANY_RULES(DEFRULE(c_far_gold, a_train_vill), MANY_RULES(DEFRULE(c_no_house, a_dynamic_civ_scout_cap(168)), MANY_RULES(DEFRULE(c_few_barracks, a_res_loom), MANY_RULES(DEFRULE(c_no_house, a_dynamic_atk_percent(i_val(12))), MANY_RULES(DEFRULE(c_few_skirm, a_build_barracks), MANY_RULES(DEFRULE(c_few_barracks, a_res_loom), MANY_RULES(DEFRULE(c_few_skirm, a_build_lumber_camp), MANY_RULES(DEFRULE(c_few_skirm, a_train_vill), MANY_RULES(DEFRULE(AND(c_some_ram, c_few_skirm), a_res_loom), MANY_RULES(DEFRULE(c_few_barracks, a_res_loom), MANY_RULES(DEFRULE(c_few_skirm, a_res_farm_2), MANY_RULES(t_empty_rule, MANY_RULES(DEFRULE(AND(c_need_farms, c_can_res_axe_1), a_dynamic_civ_scout_cap(168)), MANY_RULES(DEFRULE(c_few_barracks, a_res_loom), MANY_RULES(DEFRULE(c_no_house, a_dynamic_atk_percent(i_val(168))), MANY_RULES(DEFRULE(c_few_skirm, a_build_barracks), MANY_RULES(DEFRULE(c_few_barracks, a_res_loom), MANY_RULES(DEFRULE(c_few_skirm, a_build_lumber_camp), MANY_RULES(DEFRULE(c_few_skirm, a_train_vill), MANY_RULES(DEFRULE(AND(c_some_ram, c_few_skirm), a_res_loom), MANY_RULES(DEFRULE(c_few_barracks, a_res_loom), MANY_RULES(DEFRULE(c_few_skirm, a_res_farm_2), MANY_RULES(DEFRULE(c_few_barracks, a_forward_castle), MANY_RULES(DEFRULE(c_many_ram, a_dynamic_civ_scout_cap(20)), MANY_RULES(DEFRULE(c_some_ram, a_build_house), MANY_RULES(DEFRULE(c_no_house, a_dynamic_civ_scout_cap(168)), MANY_RULES(DEFRULE(c_few_barracks, a_res_loom), MANY_RULES(DEFRULE(c_no_house, a_dynamic_civ_scout_pct(i_val(25))), MANY_RULES(DEFRULE(c_few_skirm, a_train_vill), MANY_RULES(DEFRULE(c_few_skirm, a_build_barracks), MANY_RULES(DEFRULE(c_few_skirm, a_dynamic_civ_scout_cap(12)), MANY_RULES(DEFRULE(AND(c_many_archer, c_few_watch_tower), a_res_loom), MANY_RULES(DEFRULE(c_few_skirm, a_res_loom), MANY_RULES(DEFRULE(c_no_house, a_dynamic_civ_scout_cap(168)), MANY_RULES(DEFRULE(c_few_barracks, a_train_vill), MANY_RULES(DEFRULE(c_many_ram, a_dynamic_atk_percent(20)), MANY_RULES(DEFRULE(c_some_ram, a_build_house), MANY_RULES(DEFRULE(AND(c_mil_pop_10, c_far_gold), a_dynamic_civ_scout_cap(62)), MANY_RULES(DEFRULE(c_no_house, a_forward_castle), MANY_RULES(DEFRULE(c_few_barracks, a_res_loom), MANY_RULES(DEFRULE(c_few_barracks, a_dynamic_atk_percent(i_val(168))), MANY_RULES(DEFRULE(c_few_skirm, a_build_barracks), MANY_RULES(DEFRULE(c_few_barracks, a_res_loom), MANY_RULES(DEFRULE(c_few_skirm, a_build_lumber_camp), MANY_RULES(DEFRULE(c_few_skirm, a_train_vill), MANY_RULES(DEFRULE(AND(c_some_ram, c_few_skirm), a_res_loom), MANY_RULES(DEFRULE(c_few_barracks, a_res_loom), MANY_RULES(DEFRULE(c_few_skirm, a_res_farm_2), MANY_RULES(DEFRULE(c_few_skirm, a_build_barracks), MANY_RULES(DEFRULE(c_few_barracks, a_res_loom), MANY_RULES(DEFRULE(c_some_ram, a_build_house), MANY_RULES(DEFRULE(AND(c_some_ram, c_few_skirm), a_res_loom), TWO_RULES(DEFRULE(c_few_barracks, a_build_lumber_camp), DEFRULE(c_low_wood, a_train_vill)))))))))))))))))))))))))))))))))))))))))))))))))))))))))))"
159,43,1850,"MANY_RULES(DEFRULE(AND(c_no_lumber_camp, c_can_res_chain_mail), a_dynamic_group_size(20)), MANY_RULES(DEFRULE(c_few_mill, a_build_house), MANY_RULES(DEFRULE(c_enemy_has_many_pike, a_dynamic_camp_dist(20)), MANY_RULES(DEFRULE(AND(c_few_skirm, c_enemy_has_many_pike), a_res_loom), MANY_RULES(DEFRULE(c_few_barracks, a_res_loom), MANY_RULES(DEFRULE(c_few_skirm, a_res_farm_2), MANY_RULES(DEFRULE(c_no_house, a_dynamic_civ_scout_cap(168)), MANY_RULES(DEFRULE(c_few_barracks, a_res_loom), MANY_RULES(DEFRULE(c_no_house, a_dynamic_atk_percent(i_val(i_val(3)))), MANY_RULES(DEFRULE(c_few_skirm, a_build_barracks), MANY_RULES(DEFRULE(c_few_barracks, a_res_loom), MANY_RULES(DEFRULE(c_few_skirm, a_build_lumber_camp), MANY_RULES(DEFRULE(c_few_skirm, a_train_vill), MANY_RULES(DEFRULE(AND(c_some_ram, c_few_skirm), a_res_loom), MANY_RULES(DEFRULE(c_few_barracks, a_res_loom), MANY_RULES(DEFRULE(c_few_skirm, a_res_farm_2), MANY_RULES(DEFRULE(c_few_barracks, a_forward_castle), MANY_RULES(DEFRULE(c_many_ram, a_dynamic_civ_scout_cap(20)), MANY_RULES(DEFRULE(c_some_ram, a_build_house), MANY_RULES(DEFRULE(AND(AND(c_no_mining_camp, c_far_gold), AND(c_few_treb, c_far_gold)), a_train_vill), MANY_RULES(DEFRULE(c_few_skirm, a_train_vill), MANY_RULES(DEFRULE(c_few_skirm, a_res_farm_2), MANY_RULES(DEFRULE(AND(c_many_archer, AND(c_no_blacksmith, c_no_monastery)), a_res_loom), MANY_RULES(DEFRULE(c_few_skirm, a_dynamic_civ_scout_cap(168)), MANY_RULES(DEFRULE(c_few_skirm, a_res_farm_2), MANY_RULES(DEFRULE(c_no_house, a_res_loom), MANY_RULES(DEFRULE(c_few_skirm, a_build_barracks), MANY_RULES(DEFRULE(c_few_barracks, a_res_loom), MANY_RULES(DEFRULE(c_few_skirm, a_res_farm_2), MANY_RULES(DEFRULE(c_few_barracks, a_res_loom), MANY_RULES(DEFRULE(AND(c_few_skirm, c_few_skirm), a_res_loom), TWO_RULES(DEFRULE(c_few_barracks, a_res_loom), DEFRULE(c_low_wood, a_retreat_castle)))))))))))))))))))))))))))))))))"
159,49,1849,"MANY_RULES(DEFRULE(AND(c_no_lumber_camp, c_can_res_chain_mail), a_dynamic_group_size(i_val(12))), MANY_RULES(DEFRULE(c_few_skirm, a_build_house), MANY_RULES(DEFRULE(c_enemy_has_many_pike, a_build_house), MANY_RULES(DEFRULE(AND(AND(c_can_build_town_center, c_few_siege_workshop), c_enemy_has_many_pike), a_res_loom), MANY_RULES(DEFRULE(c_few_skirm, a_build_barracks), MANY_RULES(DEFRULE(c_few_barracks, a_dynamic_civ_scout_cap(20)), MANY_RULES(DEFRULE(c_some_ram, a_dynamic_civ_scout_cap(20)), MANY_RULES(DEFRULE(c_few_skirm, a_res_loom), MANY_RULES(DEFRULE(c_few_skirm, a_train_vill), MANY_RULES(DEFRULE(c_few_skirm, a_res_loom), MANY_RULES(DEFRULE(c_few_skirm, a_res_loom), MANY_RULES(DEFRULE(c_few_skirm, a_dynamic_civ_scout_cap(12)), MANY_RULES(DEFRULE(AND(c_many_archer, c_few_watch_tower), a_res_loom), MANY_RULES(DEFRULE(c_few_skirm, a_res_loom), MANY_RULES(DEFRULE(AND(c_can_res_stone_2, c_few_skirm), a_res_loom), TWO_RULES(DEFRULE(c_few_barracks, a_build_lumber_camp), DEFRULE(c_has_monk, a_train_vill)))))))))))))))))"
159,2,1846,"MANY_RULES(DEFRULE(c_can_res_chain_mail, a_dynamic_group_size(20)), MANY_RULES(DEFRULE(c_few_skirm, a_build_house), MANY_RULES(DEFRULE(c_enemy_has_many_pike, a_dynamic_camp_dist(20)), MANY_RULES(DEFRULE(AND(c_few_skirm, c_enemy_has_many_pike), a_res_loom), MANY_RULES(DEFRULE(c_few_barracks, a_res_loom), MANY_RULES(DEFRULE(c_few_barracks, a_res_loom), MANY_RULES(DEFRULE(c_no_house, a_dynamic_civ_scout_cap(168)), MANY_RULES(DEFRULE(c_few_barracks, a_res_loom), MANY_RULES(DEFRULE(c_no_house, a_dynamic_atk_percent(i_val(12))), MANY_RULES(DEFRULE(c_few_skirm, a_build_barracks), MANY_RULES(DEFRULE(c_few_barracks, a_res_loom), MANY_RULES(DEFRULE(c_few_skirm, a_build_lumber_camp), MANY_RULES(DEFRULE(c_few_skirm, a_train_vill), MANY_RULES(DEFRULE(AND(c_some_ram, c_few_skirm), a_res_loom), MANY_RULES(DEFRULE(c_few_barracks, a_res_loom), MANY_RULES(DEFRULE(c_few_skirm, a_res_farm_2), MANY_RULES(t_empty_rule, MANY_RULES(DEFRULE(c_no_house, a_dynamic_civ_scout_cap(168)), MANY_RULES(DEFRULE(c_few_barracks, a_res_loom), MANY_RULES(DEFRULE(c_no_house, a_dynamic_atk_percent(i_val(168))), MANY_RULES(DEFRULE(c_few_skirm, a_build_barracks), MANY_RULES(DEFRULE(c_few_barracks, a_res_loom), MANY_RULES(DEFRULE(c_few_skirm, a_build_lumber_camp), MANY_RULES(DEFRULE(c_few_skirm, a_train_vill), MANY_RULES(DEFRULE(AND(c_some_ram, c_few_skirm), a_res_loom), MANY_RULES(DEFRULE(c_few_barracks, a_res_loom), MANY_RULES(DEFRULE(c_few_skirm, a_res_farm_2), MANY_RULES(DEFRULE(c_few_barracks, a_forward_castle), MANY_RULES(DEFRULE(c_many_ram, a_dynamic_civ_scout_cap(20)), MANY_RULES(DEFRULE(c_some_ram, a_build_house), MANY_RULES(DEFRULE(c_no_house, a_dynamic_civ_scout_cap(168)), MANY_RULES(DEFRULE(c_few_barracks, a_res_loom), MANY_RULES(DEFRULE(c_no_house, a_dynamic_civ_scout_pct(i_val(25))), MANY_RULES(DEFRULE(c_few_skirm, a_train_vill), MANY_RULES(DEFRULE(c_few_skirm, a_build_barracks), MANY_RULES(DEFRULE(c_few_skirm, a_dynamic_civ_scout_cap(12)), MANY_RULES(DEFRULE(AND(c_many_archer, c_few_watch_tower), a_res_loom), MANY_RULES(DEFRULE(c_few_skirm, a_res_loom), MANY_RULES(DEFRULE(c_no_house, a_dynamic_civ_scout_cap(168)), MANY_RULES(DEFRULE(c_few_skirm, a_train_vill), MANY_RULES(DEFRULE(c_many_ram, a_dynamic_atk_percent(20)), MANY_RULES(DEFRULE(c_some_ram, a_build_house), MANY_RULES(DEFRULE(AND(c_mil_pop_10, c_far_gold), a_dynamic_civ_scout_cap(62)), MANY_RULES(DEFRULE(c_no_house, a_forward_castle), MANY_RULES(DEFRULE(c_few_barracks, a_res_loom), MANY_RULES(DEFRULE(c_no_house, a_dynamic_atk_percent(i_val(168))), MANY_RULES(DEFRULE(c_few_skirm, a_build_barracks), MANY_RULES(DEFRULE(c_few_barracks, a_res_loom), MANY_RULES(DEFRULE(c_few_skirm, a_build_lumber_camp), MANY_RULES(DEFRULE(c_few_skirm, a_train_vill), MANY_RULES(DEFRULE(AND(c_some_ram, c_few_skirm), a_res_loom), MANY_RULES(DEFRULE(c_few_barracks, a_res_loom), MANY_RULES(DEFRULE(c_few_skirm, a_res_farm_2), MANY_RULES(DEFRULE(c_few_skirm, a_build_barracks), MANY_RULES(DEFRULE(c_few_barracks, a_res_loom), MANY_RULES(DEFRULE(c_some_ram, a_build_house), MANY_RULES(DEFRULE(AND(c_some_ram, c_few_skirm), a_res_loom), MANY_RULES(DEFRULE(c_few_skirm, a_res_chemistry), MANY_RULES(DEFRULE(c_few_skirm, a_build_barracks), MANY_RULES(DEFRULE(c_few_barracks, a_res_loom), MANY_RULES(DEFRULE(c_few_skirm, a_res_farm_2), MANY_RULES(DEFRULE(c_few_skirm, a_res_farm_2), MANY_RULES(DEFRULE(AND(c_some_ram, c_few_skirm), a_res_loom), TWO_RULES(DEFRULE(c_few_barracks, a_res_loom), DEFRULE(c_low_wood, a_retreat_castle)))))))))))))))))))))))))))))))))))))))))))))))))))))))))))))))))"
159,44,1825,"MANY_RULES(DEFRULE(AND(c_no_lumber_camp, c_can_res_chain_mail), a_dynamic_group_size(20)), MANY_RULES(DEFRULE(c_few_mill, a_build_house), MANY_RULES(DEFRULE(c_enemy_has_many_pike, a_dynamic_camp_dist(20)), MANY_RULES(DEFRULE(AND(c_few_skirm, c_enemy_has_many_pike), a_res_loom), MANY_RULES(DEFRULE(c_few_barracks, a_build_lumber_camp), MANY_RULES(DEFRULE(AND(c_some_ram, c_many_ram), a_res_loom), MANY_RULES(DEFRULE(c_no_house, a_dynamic_civ_scout_cap(168)), MANY_RULES(DEFRULE(c_few_barracks, a_res_loom), MANY_RULES(DEFRULE(c_no_house, a_dynamic_atk_percent(i_val(62))), MANY_RULES(DEFRULE(c_few_skirm, a_build_barracks), MANY_RULES(DEFRULE(c_few_barracks, a_res_loom), MANY_RULES(DEFRULE(c_few_skirm, a_build_lumber_camp), MANY_RULES(DEFRULE(c_few_barracks, a_res_loom), MANY_RULES(t_empty_rule, MANY_RULES(DEFRULE(c_far_gold, a_train_vill), MANY_RULES(DEFRULE(c_few_skirm, a_res_loom), MANY_RULES(DEFRULE(AND(c_few_skirm, c_enemy_has_many_pike), a_dynamic_civ_scout_cap(12)), MANY_RULES(DEFRULE(c_few_skirm, a_res_loom), MANY_RULES(DEFRULE(c_few_skirm, a_train_vill), MANY_RULES(DEFRULE(c_few_skirm, a_res_loom), MANY_RULES(DEFRULE(c_few_skirm, a_res_farm_2), MANY_RULES(DEFRULE(c_can_buy_food, a_forward_castle), MANY_RULES(DEFRULE(c_many_ram, a_dynamic_civ_scout_cap(168)), MANY_RULES(DEFRULE(c_few_mill, a_dynamic_civ_scout_cap(12)), MANY_RULES(DEFRULE(c_far_gold, a_train_vill), MANY_RULES(DEFRULE(c_few_skirm, a_train_vill), MANY_RULES(DEFRULE(c_few_skirm, a_res_farm_2), MANY_RULES(DEFRULE(c_few_barracks, a_res_loom), MANY_RULES(DEFRULE(c_few_skirm, a_dynamic_civ_scout_cap(168)), MANY_RULES(DEFRULE(AND(c_some_ram, c_few_skirm), a_res_loom), MANY_RULES(DEFRULE(c_no_house, a_dynamic_atk_percent(i_val(3))), MANY_RULES(DEFRULE(c_few_barracks, a_forward_castle), MANY_RULES(DEFRULE(c_many_ram, a_dynamic_civ_scout_cap(20)), MANY_RULES(DEFRULE(c_some_infantry, a_build_house), MANY_RULES(DEFRULE(AND(c_many_archer, c_few_watch_tower), a_res_loom), MANY_RULES(DEFRULE(c_few_skirm, a_res_loom), MANY_RULES(DEFRULE(AND(c_few_skirm, c_can_res_gold_2), a_dynamic_civ_scout_cap(168)), MANY_RULES(DEFRULE(c_few_barracks, a_res_loom), MANY_RULES(DEFRULE(c_no_house, a_dynamic_atk_percent(i_val(20))), MANY_RULES(DEFRULE(c_few_skirm, a_build_barracks), MANY_RULES(DEFRULE(c_few_barracks, a_res_loom), MANY_RULES(DEFRULE(c_few_skirm, a_build_barracks), MANY_RULES(DEFRULE(AND(c_can_res_stone_2, c_few_skirm), a_build_house), TWO_RULES(DEFRULE(c_few_barracks, a_build_lumber_camp), DEFRULE(c_few_barracks, a_res_loom)))))))))))))))))))))))))))))))))))))))))))))"
159,61,1813,"MANY_RULES(DEFRULE(AND(c_no_lumber_camp, c_can_res_chain_mail), a_dynamic_group_size(20)), MANY_RULES(DEFRULE(c_few_skirm, a_build_house), MANY_RULES(DEFRULE(c_enemy_has_many_pike, a_dynamic_camp_dist(20)), MANY_RULES(DEFRULE(c_few_barracks, a_res_loom), MANY_RULES(DEFRULE(c_no_house, a_dynamic_civ_scout_cap(168)), MANY_RULES(DEFRULE(c_few_barracks, a_res_loom), MANY_RULES(DEFRULE(c_no_house, a_dynamic_atk_percent(i_val(168))), MANY_RULES(DEFRULE(c_few_skirm, a_build_barracks), MANY_RULES(DEFRULE(c_few_barracks, a_res_loom), MANY_RULES(DEFRULE(c_few_skirm, a_build_lumber_camp), MANY_RULES(DEFRULE(c_few_skirm, a_train_vill), MANY_RULES(DEFRULE(AND(c_few_watch_tower, c_few_skirm), a_res_loom), MANY_RULES(DEFRULE(c_few_barracks, a_res_loom), MANY_RULES(DEFRULE(c_few_skirm, a_res_farm_2), MANY_RULES(DEFRULE(c_few_skirm, a_build_barracks), MANY_RULES(DEFRULE(c_few_barracks, a_res_loom), MANY_RULES(DEFRULE(c_few_barracks, a_forward_castle), MANY_RULES(DEFRULE(c_few_archery_range, a_res_loom), MANY_RULES(DEFRULE(c_few_skirm, a_dynamic_civ_scout_cap(12)), MANY_RULES(DEFRULE(AND(c_some_ram, c_few_skirm), a_res_loom), MANY_RULES(DEFRULE(c_few_watch_tower, a_train_vill), MANY_RULES(DEFRULE(AND(c_few_skirm, c_enemy_has_many_pike), a_res_farm_2), MANY_RULES(DEFRULE(c_few_barracks, a_forward_castle), MANY_RULES(DEFRULE(c_few_skirm, a_dynamic_civ_scout_cap(20)), MANY_RULES(DEFRULE(c_some_infantry, a_build_house), MANY_RULES(DEFRULE(c_few_skirm, a_train_vill), MANY_RULES(DEFRULE(c_few_skirm, a_res_farm_2), MANY_RULES(DEFRULE(c_few_barracks, a_res_loom), MANY_RULES(DEFRULE(AND(c_few_skirm, c_enemy_has_many_pike), a_res_loom), MANY_RULES(DEFRULE(c_few_barracks, a_res_loom), MANY_RULES(DEFRULE(c_few_barracks, a_res_loom), MANY_RULES(DEFRULE(c_no_house, a_dynamic_civ_scout_cap(i_val(37))), MANY_RULES(DEFRULE(c_few_barracks, a_res_loom), MANY_RULES(DEFRULE(c_no_house, a_dynamic_atk_percent(i_val(168))), MANY_RULES(DEFRULE(c_few_skirm, a_build_barracks), MANY_RULES(DEFRULE(c_few_barracks, a_res_loom), MANY_RULES(DEFRULE(c_few_skirm, a_build_lumber_camp), MANY_RULES(DEFRULE(c_few_skirm, a_res_loom), MANY_RULES(DEFRULE(AND(c_some_ram, c_few_skirm), a_res_loom), MANY_RULES(DEFRULE(c_few_barracks, a_res_loom), MANY_RULES(DEFRULE(c_few_skirm, a_res_farm_2), MANY_RULES(DEFRULE(c_few_skirm, a_build_barracks), MANY_RULES(DEFRULE(c_few_barracks, a_res_loom), MANY_RULES(DEFRULE(c_some_ram, a_build_house), MANY_RULES(DEFRULE(AND(c_some_ram, c_few_skirm), a_res_loom), TWO_RULES(DEFRULE(c_few_barracks, a_build_lumber_camp), DEFRULE(c_low_wood, a_train_vill)))))))))))))))))))))))))))))))))))))))))))))))"
159,47,1798,"MANY_RULES(DEFRULE(AND(c_no_lumber_camp, c_can_res_chain_mail), a_dynamic_group_size(i_val(62))), MANY_RULES(DEFRULE(c_few_skirm, a_build_house), MANY_RULES(DEFRULE(c_enemy_has_many_pike, a_res_loom), MANY_RULES(DEFRULE(AND(AND(c_can_build_town_center, c_few_siege_workshop), c_enemy_has_many_pike), a_res_loom), MANY_RULES(DEFRULE(c_few_skirm, a_build_barracks), MANY_RULES(DEFRULE(c_few_barracks, a_dynamic_civ_scout_cap(168)), MANY_RULES(DEFRULE(c_some_ram, a_dynamic_civ_scout_cap(20)), MANY_RULES(DEFRULE(c_few_skirm, a_res_loom), MANY_RULES(DEFRULE(c_few_skirm, a_train_vill), MANY_RULES(DEFRULE(c_few_skirm, a_res_loom), MANY_RULES(DEFRULE(c_few_skirm, a_res_loom), MANY_RULES(DEFRULE(c_few_skirm, a_dynamic_civ_scout_cap(12)), MANY_RULES(DEFRULE(AND(c_many_archer, c_few_watch_tower), a_res_loom), MANY_RULES(DEFRULE(c_few_skirm, a_res_loom), MANY_RULES(DEFRULE(AND(c_few_skirm, c_can_res_gold_2), a_dynamic_civ_scout_cap(168)), MANY_RULES(DEFRULE(c_few_mill, a_build_house), MANY_RULES(DEFRULE(c_enemy_has_many_pike, a_dynamic_camp_dist(20)), MANY_RULES(DEFRULE(AND(c_few_skirm, c_enemy_has_many_pike), a_res_loom), MANY_RULES(DEFRULE(c_few_barracks, a_res_loom), MANY_RULES(DEFRULE(AND(c_some_ram, c_can_res_farm_3), a_res_loom), MANY_RULES(DEFRULE(c_no_house, a_dynamic_civ_scout_cap(168)), MANY_RULES(DEFRULE(c_few_barracks, a_train_vill), MANY_RULES(DEFRULE(c_no_house, a_dynamic_atk_percent(20)), MANY_RULES(DEFRULE(c_few_skirm, a_build_barracks), MANY_RULES(DEFRULE(c_few_barracks, a_res_loom), MANY_RULES(DEFRULE(c_few_skirm, a_build_lumber_camp), MANY_RULES(DEFRULE(c_few_skirm, a_train_vill), MANY_RULES(DEFRULE(AND(c_some_ram, c_few_skirm), a_res_loom), MANY_RULES(DEFRULE(c_few_barracks, a_res_loom), MANY_RULES(DEFRULE(c_few_skirm, a_res_farm_2), MANY_RULES(DEFRULE(c_few_barracks, a_forward_castle), MANY_RULES(DEFRULE(c_many_ram, a_dynamic_civ_scout_cap(20)), MANY_RULES(DEFRULE(c_some_ram, a_build_house), MANY_RULES(DEFRULE(AND(AND(c_no_mining_camp, c_far_gold), AND(c_few_treb, c_far_gold)), a_train_vill), MANY_RULES(DEFRULE(c_few_skirm, a_train_vill), MANY_RULES(DEFRULE(c_few_skirm, a_res_farm_2), MANY_RULES(DEFRULE(c_is_feudal_age, a_train_monk), MANY_RULES(t_empty_rule, t_empty_list))))))))))))))))))))))))))))))))))))))"
159,48,1791,"MANY_RULES(DEFRULE(AND(c_no_lumber_camp, c_can_res_chain_mail), a_dynamic_group_size(20)), MANY_RULES(DEFRULE(c_few_skirm, a_build_house), MANY_RULES(DEFRULE(c_enemy_has_many_pike, a_dynamic_camp_dist(20)), MANY_RULES(DEFRULE(c_few_skirm, a_sell_food), MANY_RULES(DEFRULE(c_few_barracks, a_res_loom), MANY_RULES(t_empty_rule, MANY_RULES(DEFRULE(c_far_gold, a_train_vill), MANY_RULES(DEFRULE(c_few_barracks, a_res_loom), MANY_RULES(DEFRULE(AND(c_few_skirm, c_enemy_has_many_pike), a_dynamic_civ_scout_cap(12)), MANY_RULES(DEFRULE(c_few_skirm, a_res_loom), MANY_RULES(DEFRULE(c_few_skirm, a_res_loom), MANY_RULES(DEFRULE(c_few_skirm, a_res_farm_2), MANY_RULES(DEFRULE(c_can_buy_food, a_forward_castle), MANY_RULES(DEFRULE(c_many_ram, a_dynamic_civ_scout_cap(168)), MANY_RULES(DEFRULE(AND(c_few_skirm, c_enemy_has_many_pike), a_dynamic_civ_scout_cap(12)), MANY_RULES(DEFRULE(c_far_gold, a_train_vill), MANY_RULES(DEFRULE(c_few_skirm, a_train_vill), MANY_RULES(DEFRULE(c_many_ram, a_res_farm_2), MANY_RULES(DEFRULE(c_few_barracks, a_res_loom), MANY_RULES(DEFRULE(c_few_skirm, a_dynamic_civ_scout_cap(168)), MANY_RULES(DEFRULE(AND(c_some_ram, c_few_skirm), a_res_loom), MANY_RULES(DEFRULE(c_no_house, a_dynamic_atk_percent(i_val(3))), MANY_RULES(DEFRULE(AND(c_few_skirm, c_enemy_has_many_pike), a_res_farm_2), MANY_RULES(DEFRULE(c_few_barracks, a_forward_castle), MANY_RULES(DEFRULE(c_many_ram, a_dynamic_civ_scout_cap(168)), MANY_RULES(DEFRULE(c_some_infantry, a_build_house), MANY_RULES(DEFRULE(c_far_gold, a_train_vill), MANY_RULES(DEFRULE(c_few_skirm, a_train_vill), MANY_RULES(DEFRULE(c_few_skirm, a_res_farm_2), MANY_RULES(DEFRULE(c_few_barracks, a_res_loom), MANY_RULES(DEFRULE(c_few_skirm, a_dynamic_civ_scout_cap(i_val(62))), MANY_RULES(DEFRULE(c_no_house, a_dynamic_atk_percent(i_val(62))), MANY_RULES(DEFRULE(c_few_skirm, a_build_barracks), MANY_RULES(DEFRULE(c_few_barracks, a_res_loom), MANY_RULES(DEFRULE(c_some_ram, a_build_house), MANY_RULES(DEFRULE(AND(c_some_ram, c_few_skirm), a_res_loom), TWO_RULES(DEFRULE(c_few_barracks, a_train_vill), DEFRULE(c_low_wood, a_train_vill))))))))))))))))))))))))))))))))))))))"
159,32,1790,"MANY_RULES(DEFRULE(AND(c_no_lumber_camp, c_can_res_chain_mail), a_dynamic_group_size(20)), MANY_RULES(DEFRULE(c_few_skirm, a_build_house), MANY_RULES(DEFRULE(c_enemy_has_many_pike, a_dynamic_camp_dist(20)), MANY_RULES(DEFRULE(c_few_barracks, a_res_loom), MANY_RULES(DEFRULE(c_no_house, a_dynamic_civ_scout_cap(168)), MANY_RULES(DEFRULE(c_few_barracks, a_res_loom), MANY_RULES(DEFRULE(c_no_house, a_dynamic_atk_percent(i_val(168))), MANY_RULES(DEFRULE(c_few_skirm, a_build_barracks), MANY_RULES(DEFRULE(c_few_barracks, a_res_loom), MANY_RULES(DEFRULE(c_few_skirm, a_build_lumber_camp), MANY_RULES(DEFRULE(c_few_skirm, a_train_vill), MANY_RULES(DEFRULE(AND(c_few_watch_tower, c_few_skirm), a_res_loom), MANY_RULES(DEFRULE(c_few_barracks, a_res_loom), MANY_RULES(DEFRULE(c_few_skirm, a_res_farm_2), MANY_RULES(DEFRULE(c_few_skirm, a_build_barracks), MANY_RULES(DEFRULE(c_few_barracks, a_res_loom), MANY_RULES(DEFRULE(c_few_barracks, a_forward_castle), MANY_RULES(DEFRULE(c_few_archery_range, a_res_loom), MANY_RULES(DEFRULE(c_few_skirm, a_dynamic_civ_scout_cap(12)), MANY_RULES(DEFRULE(AND(c_some_ram, c_few_skirm), a_res_loom), MANY_RULES(DEFRULE(c_few_watch_tower, a_train_vill), MANY_RULES(DEFRULE(AND(c_few_skirm, c_enemy_has_many_pike), a_res_farm_2), MANY_RULES(DEFRULE(c_few_barracks, a_forward_castle), MANY_RULES(DEFRULE(c_many_ram, a_dynamic_civ_scout_cap(20)), MANY_RULES(DEFRULE(c_some_infantry, a_build_house), MANY_RULES(DEFRULE(c_few_skirm, a_train_vill), MANY_RULES(DEFRULE(c_few_skirm, a_res_farm_2), MANY_RULES(DEFRULE(c_few_barracks, a_res_loom), MANY_RULES(DEFRULE(AND(c_few_skirm, c_enemy_has_many_pike), a_res_loom), MANY_RULES(DEFRULE(c_few_barracks, a_res_loom), MANY_RULES(DEFRULE(c_few_barracks, a_res_loom), MANY_RULES(DEFRULE(c_no_house, a_dynamic_civ_scout_cap(168)), MANY_RULES(DEFRULE(c_few_barracks, a_res_loom), MANY_RULES(DEFRULE(c_no_house, a_dynamic_atk_percent(i_val(168))), MANY_RULES(DEFRULE(c_few_skirm, a_build_barracks), MANY_RULES(DEFRULE(c_few_barracks, a_res_loom), MANY_RULES(DEFRULE(c_few_skirm, a_build_lumber_camp), MANY_RULES(DEFRULE(c_few_skirm, a_res_loom), MANY_RULES(DEFRULE(AND(c_some_ram, c_few_skirm), a_res_loom), MANY_RULES(DEFRULE(c_few_barracks, a_res_loom), MANY_RULES(DEFRULE(c_few_skirm, a_res_farm_2), MANY_RULES(DEFRULE(c_few_skirm, a_build_barracks), MANY_RULES(DEFRULE(c_few_barracks, a_res_loom), MANY_RULES(DEFRULE(c_some_ram, a_build_house), MANY_RULES(DEFRULE(AND(c_some_ram, c_few_skirm), a_res_loom), MANY_RULES(DEFRULE(c_few_barracks, a_res_loom), MANY_RULES(DEFRULE(c_few_skirm, a_dynamic_civ_scout_cap(168)), MANY_RULES(DEFRULE(AND(c_some_ram, c_many_ram), a_res_loom), MANY_RULES(DEFRULE(c_no_house, a_dynamic_atk_percent(i_val(3))), MANY_RULES(DEFRULE(AND(c_few_skirm, c_enemy_has_many_pike), a_res_farm_2), MANY_RULES(DEFRULE(c_few_barracks, a_forward_castle), MANY_RULES(DEFRULE(c_many_ram, a_dynamic_civ_scout_cap(20)), MANY_RULES(DEFRULE(c_some_infantry, a_build_house), MANY_RULES(DEFRULE(c_far_gold, a_train_vill), MANY_RULES(DEFRULE(AND(c_many_archer, AND(c_no_blacksmith, c_no_monastery)), a_res_farm_2), MANY_RULES(DEFRULE(c_few_skirm, a_res_farm_2), MANY_RULES(DEFRULE(c_few_barracks, a_res_loom), MANY_RULES(DEFRULE(c_few_skirm, a_dynamic_civ_scout_cap(i_val(62))), MANY_RULES(DEFRULE(c_no_house, a_dynamic_atk_percent(i_val(i_val(62)))), MANY_RULES(DEFRULE(c_few_skirm, a_build_barracks), MANY_RULES(DEFRULE(c_few_barracks, a_res_loom), MANY_RULES(DEFRULE(c_some_ram, a_build_house), MANY_RULES(DEFRULE(AND(c_some_ram, c_few_skirm), a_res_loom), TWO_RULES(DEFRULE(c_few_barracks, a_town_size_20), DEFRULE(c_low_wood, a_train_vill)))))))))))))))))))))))))))))))))))))))))))))))))))))))))))))))))"
159,65,1781,"MANY_RULES(DEFRULE(c_can_res_chain_mail, a_dynamic_group_size(20)), MANY_RULES(DEFRULE(c_few_skirm, a_build_house), MANY_RULES(DEFRULE(c_enemy_has_many_pike, a_dynamic_camp_dist(20)), MANY_RULES(DEFRULE(AND(c_few_skirm, c_enemy_has_many_pike), a_res_loom), MANY_RULES(DEFRULE(c_few_barracks, a_res_loom), MANY_RULES(DEFRULE(c_few_barracks, a_res_loom), MANY_RULES(DEFRULE(c_no_house, a_dynamic_civ_scout_cap(168)), MANY_RULES(DEFRULE(c_few_barracks, a_res_loom), MANY_RULES(DEFRULE(c_no_house, a_dynamic_atk_percent(i_val(12))), MANY_RULES(DEFRULE(c_few_skirm, a_build_barracks), MANY_RULES(DEFRULE(c_few_barracks, a_res_loom), MANY_RULES(DEFRULE(c_few_skirm, a_build_lumber_camp), MANY_RULES(DEFRULE(c_few_skirm, a_train_vill), MANY_RULES(DEFRULE(AND(c_some_ram, c_few_skirm), a_res_loom), MANY_RULES(DEFRULE(c_few_barracks, a_res_loom), MANY_RULES(DEFRULE(c_few_skirm, a_res_farm_2), MANY_RULES(t_empty_rule, MANY_RULES(DEFRULE(c_no_house, a_dynamic_civ_scout_cap(168)), MANY_RULES(DEFRULE(c_few_barracks, a_res_loom), MANY_RULES(DEFRULE(c_no_house, a_dynamic_atk_percent(i_val(168))), MANY_RULES(DEFRULE(c_few_skirm, a_build_barracks), MANY_RULES(DEFRULE(c_few_barracks, a_res_loom), MANY_RULES(DEFRULE(c_few_skirm, a_build_lumber_camp), MANY_RULES(DEFRULE(c_few_skirm, a_train_vill), MANY_RULES(DEFRULE(c_few_skirm, a_res_loom), MANY_RULES(DEFRULE(c_few_barracks, a_res_loom), MANY_RULES(DEFRULE(c_few_skirm, a_res_farm_2), MANY_RULES(DEFRULE(c_few_barracks, a_forward_castle), MANY_RULES(DEFRULE(c_many_ram, a_dynamic_civ_scout_cap(20)), MANY_RULES(DEFRULE(c_some_ram, a_build_house), MANY_RULES(DEFRULE(c_no_house, a_dynamic_civ_scout_cap(168)), MANY_RULES(DEFRULE(c_few_barracks, a_res_loom), MANY_RULES(DEFRULE(c_no_house, a_dynamic_civ_scout_pct(i_val(25))), MANY_RULES(DEFRULE(c_few_skirm, a_train_vill), MANY_RULES(DEFRULE(c_few_skirm, a_build_barracks), MANY_RULES(DEFRULE(c_few_skirm, a_dynamic_civ_scout_cap(12)), MANY_RULES(DEFRULE(AND(c_many_archer, c_few_watch_tower), a_res_loom), MANY_RULES(DEFRULE(c_few_skirm, a_res_loom), MANY_RULES(DEFRULE(c_no_house, a_dynamic_civ_scout_cap(168)), MANY_RULES(DEFRULE(c_few_skirm, a_train_vill), MANY_RULES(DEFRULE(c_many_ram, a_dynamic_atk_percent(20)), MANY_RULES(DEFRULE(c_some_ram, a_build_house), MANY_RULES(DEFRULE(AND(c_mil_pop_10, c_far_gold), a_dynamic_civ_scout_cap(62)), MANY_RULES(DEFRULE(c_no_house, a_forward_castle), MANY_RULES(DEFRULE(c_few_barracks, a_res_loom), MANY_RULES(DEFRULE(c_no_house, a_dynamic_atk_percent(i_val(168))), MANY_RULES(DEFRULE(c_few_skirm, a_build_barracks), MANY_RULES(DEFRULE(c_few_barracks, a_res_loom), MANY_RULES(DEFRULE(c_few_skirm, a_build_lumber_camp), MANY_RULES(DEFRULE(c_few_skirm, a_train_vill), MANY_RULES(DEFRULE(AND(c_some_ram, c_few_skirm), a_res_loom), MANY_RULES(DEFRULE(c_few_barracks, a_res_loom), MANY_RULES(DEFRULE(c_few_skirm, a_res_farm_2), MANY_RULES(DEFRULE(c_few_skirm, a_build_barracks), MANY_RULES(DEFRULE(c_few_barracks, a_res_loom), MANY_RULES(DEFRULE(c_some_ram, a_build_house), MANY_RULES(DEFRULE(AND(c_some_ram, c_few_skirm), a_res_loom), MANY_RULES(DEFRULE(c_few_skirm, a_res_chemistry), MANY_RULES(DEFRULE(c_few_skirm, a_build_barracks), MANY_RULES(DEFRULE(c_few_barracks, a_res_loom), MANY_RULES(DEFRULE(c_few_skirm, a_res_farm_2), MANY_RULES(DEFRULE(c_few_skirm, a_res_farm_2), MANY_RULES(DEFRULE(AND(c_some_ram, c_few_skirm), a_res_loom), TWO_RULES(DEFRULE(c_few_barracks, a_res_loom), DEFRULE(c_low_wood, a_retreat_castle)))))))))))))))))))))))))))))))))))))))))))))))))))))))))))))))))"
159,45,1776,"MANY_RULES(DEFRULE(AND(c_no_lumber_camp, c_can_res_chain_mail), a_dynamic_group_size(20)), MANY_RULES(DEFRULE(c_few_mill, a_build_house), MANY_RULES(DEFRULE(c_enemy_has_many_pike, a_dynamic_camp_dist(20)), MANY_RULES(DEFRULE(AND(c_few_skirm, c_enemy_has_many_pike), a_res_loom), MANY_RULES(DEFRULE(c_few_barracks, a_res_loom), MANY_RULES(DEFRULE(AND(c_some_ram, c_many_ram), a_res_loom), MANY_RULES(DEFRULE(c_no_house, a_dynamic_civ_scout_cap(168)), MANY_RULES(DEFRULE(c_few_barracks, a_res_loom), MANY_RULES(DEFRULE(c_no_house, a_dynamic_atk_percent(i_val(62))), MANY_RULES(DEFRULE(c_few_skirm, a_build_barracks), MANY_RULES(DEFRULE(c_few_barracks, a_res_loom), MANY_RULES(DEFRULE(c_few_skirm, a_res_loom), MANY_RULES(DEFRULE(c_few_barracks, a_res_loom), MANY_RULES(t_empty_rule, MANY_RULES(DEFRULE(c_far_gold, a_train_vill), MANY_RULES(DEFRULE(c_few_skirm, a_res_loom), MANY_RULES(DEFRULE(AND(c_few_skirm, c_enemy_has_many_pike), a_dynamic_civ_scout_cap(12)), MANY_RULES(DEFRULE(c_few_mill, a_build_house), MANY_RULES(DEFRULE(c_few_skirm, a_train_vill), MANY_RULES(DEFRULE(c_few_skirm, a_res_loom), MANY_RULES(DEFRULE(c_few_skirm, a_res_farm_2), MANY_RULES(DEFRULE(c_can_buy_food, a_forward_castle), MANY_RULES(DEFRULE(c_many_ram, a_dynamic_civ_scout_cap(168)), MANY_RULES(DEFRULE(c_few_mill, a_dynamic_civ_scout_cap(12)), MANY_RULES(DEFRULE(c_far_gold, a_train_vill), MANY_RULES(DEFRULE(c_few_skirm, a_train_vill), MANY_RULES(DEFRULE(c_few_skirm, a_res_farm_2), MANY_RULES(DEFRULE(c_few_barracks, a_res_loom), MANY_RULES(DEFRULE(c_few_skirm, a_dynamic_civ_scout_cap(168)), MANY_RULES(DEFRULE(AND(c_some_ram, c_few_skirm), a_res_loom), MANY_RULES(DEFRULE(c_no_house, a_dynamic_atk_percent(i_val(3))), MANY_RULES(DEFRULE(c_few_barracks, a_forward_castle), MANY_RULES(DEFRULE(c_many_ram, a_dynamic_civ_scout_cap(20)), MANY_RULES(DEFRULE(c_some_infantry, a_build_house), MANY_RULES(DEFRULE(c_far_gold, a_train_vill), MANY_RULES(DEFRULE(c_few_skirm, a_train_vill), MANY_RULES(DEFRULE(c_few_skirm, a_res_farm_2), MANY_RULES(DEFRULE(c_few_barracks, a_res_loom), MANY_RULES(DEFRULE(c_few_skirm, a_dynamic_civ_scout_cap(i_val(62))), MANY_RULES(DEFRULE(c_no_house, a_dynamic_atk_percent(i_val(62))), MANY_RULES(t_empty_rule, MANY_RULES(DEFRULE(c_few_barracks, a_res_loom), MANY_RULES(DEFRULE(c_some_ram, a_build_house), MANY_RULES(DEFRULE(AND(c_some_ram, c_few_skirm), a_res_loom), TWO_RULES(DEFRULE(c_few_barracks, a_town_size_20), DEFRULE(c_low_wood, a_train_vill))))))))))))))))))))))))))))))))))))))))))))))"
159,7,1767,"MANY_RULES(DEFRULE(AND(c_no_lumber_camp, c_can_res_chain_mail), a_dynamic_group_size(20)), MANY_RULES(DEFRULE(c_few_mill, a_build_house), MANY_RULES(DEFRULE(c_enemy_has_many_pike, a_dynamic_camp_dist(20)), MANY_RULES(DEFRULE(AND(c_few_skirm, c_enemy_has_many_pike), a_res_loom), MANY_RULES(DEFRULE(c_few_barracks, a_res_loom), MANY_RULES(DEFRULE(AND(c_some_ram, c_many_ram), a_res_loom), MANY_RULES(DEFRULE(c_no_house, a_dynamic_civ_scout_cap(168)), MANY_RULES(DEFRULE(c_few_barracks, a_res_loom), MANY_RULES(DEFRULE(c_no_house, a_dynamic_atk_percent(i_val(62))), MANY_RULES(DEFRULE(c_few_skirm, a_build_barracks), MANY_RULES(DEFRULE(c_few_barracks, a_res_loom), MANY_RULES(DEFRULE(c_few_skirm, a_build_lumber_camp), MANY_RULES(DEFRULE(c_few_barracks, a_res_loom), MANY_RULES(t_empty_rule, MANY_RULES(DEFRULE(c_far_gold, a_train_vill), MANY_RULES(DEFRULE(c_few_skirm, a_res_loom), MANY_RULES(DEFRULE(AND(c_few_skirm, c_enemy_has_many_pike), a_dynamic_civ_scout_cap(12)), MANY_RULES(DEFRULE(c_few_mill, a_build_house), MANY_RULES(DEFRULE(c_few_skirm, a_train_vill), MANY_RULES(DEFRULE(c_few_skirm, a_res_loom), MANY_RULES(DEFRULE(c_few_skirm, a_res_farm_2), MANY_RULES(DEFRULE(c_can_buy_food, a_forward_castle), MANY_RULES(DEFRULE(c_many_ram, a_dynamic_civ_scout_cap(168)), MANY_RULES(DEFRULE(c_few_mill, a_dynamic_civ_scout_cap(12)), MANY_RULES(DEFRULE(c_far_gold, a_train_vill), MANY_RULES(DEFRULE(c_few_skirm, a_train_vill), MANY_RULES(DEFRULE(c_few_skirm, a_dynamic_civ_scout_cap(12)), MANY_RULES(DEFRULE(c_few_barracks, a_res_loom), MANY_RULES(DEFRULE(c_few_skirm, a_dynamic_civ_scout_cap(168)), MANY_RULES(DEFRULE(AND(c_some_ram, c_few_skirm), a_res_loom), MANY_RULES(DEFRULE(c_no_house, a_dynamic_atk_percent(i_val(3))), MANY_RULES(DEFRULE(c_few_barracks, a_forward_castle), MANY_RULES(DEFRULE(c_many_ram, a_dynamic_civ_scout_cap(20)), MANY_RULES(DEFRULE(c_some_infantry, a_build_house), MANY_RULES(DEFRULE(c_far_gold, a_train_vill), MANY_RULES(DEFRULE(c_few_skirm, a_train_vill), MANY_RULES(DEFRULE(c_few_skirm, a_res_farm_2), MANY_RULES(DEFRULE(c_few_barracks, a_res_loom), MANY_RULES(DEFRULE(c_few_skirm, a_dynamic_civ_scout_cap(i_val(62))), MANY_RULES(DEFRULE(c_no_house, a_dynamic_atk_percent(i_val(62))), MANY_RULES(t_empty_rule, MANY_RULES(DEFRULE(c_few_barracks, a_res_loom), MANY_RULES(DEFRULE(c_some_ram, a_build_house), MANY_RULES(DEFRULE(AND(c_some_ram, c_few_skirm), a_res_loom), TWO_RULES(DEFRULE(c_few_barracks, a_town_size_20), DEFRULE(c_low_wood, a_train_vill))))))))))))))))))))))))))))))))))))))))))))))"
159,50,1754,"MANY_RULES(DEFRULE(AND(c_no_lumber_camp, c_can_res_chain_mail), a_dynamic_group_size(168)), MANY_RULES(t_empty_rule, MANY_RULES(DEFRULE(c_far_gold, a_train_vill), MANY_RULES(DEFRULE(c_few_skirm, a_res_loom), MANY_RULES(DEFRULE(AND(c_few_skirm, c_enemy_has_many_pike), a_dynamic_civ_scout_cap(12)), MANY_RULES(DEFRULE(c_few_skirm, a_res_loom), MANY_RULES(DEFRULE(AND(c_can_build_town_center, c_few_siege_workshop), a_train_vill), MANY_RULES(DEFRULE(c_few_skirm, a_res_loom), MANY_RULES(DEFRULE(c_few_skirm, a_res_farm_2), MANY_RULES(DEFRULE(c_few_barracks, a_train_vill), MANY_RULES(DEFRULE(c_many_ram, a_dynamic_civ_scout_cap(20)), MANY_RULES(DEFRULE(c_some_ram, a_build_house), MANY_RULES(DEFRULE(c_few_skirm, a_train_vill), MANY_RULES(DEFRULE(c_few_skirm, a_res_farm_2), MANY_RULES(DEFRULE(c_few_barracks, a_res_loom), MANY_RULES(DEFRULE(c_few_skirm, a_dynamic_civ_scout_cap(12)), MANY_RULES(DEFRULE(AND(c_some_ram, c_few_skirm), a_res_loom), MANY_RULES(DEFRULE(c_no_house, a_dynamic_atk_percent(i_val(3))), MANY_RULES(DEFRULE(AND(c_few_skirm, c_enemy_has_many_pike), a_res_farm_2), MANY_RULES(DEFRULE(c_few_barracks, a_forward_castle), MANY_RULES(DEFRULE(c_many_ram, a_dynamic_civ_scout_cap(20)), MANY_RULES(DEFRULE(c_few_barracks, a_forward_castle), MANY_RULES(DEFRULE(c_far_gold, a_train_vill), MANY_RULES(DEFRULE(c_few_skirm, a_train_vill), MANY_RULES(DEFRULE(c_few_skirm, a_res_farm_2), MANY_RULES(DEFRULE(c_few_barracks, a_res_loom), MANY_RULES(DEFRULE(c_few_skirm, a_dynamic_civ_scout_cap(i_val(62))), MANY_RULES(t_empty_rule, MANY_RULES(DEFRULE(c_few_barracks, a_res_loom), MANY_RULES(DEFRULE(c_no_house, a_dynamic_atk_percent(i_val(62))), MANY_RULES(DEFRULE(c_few_skirm, a_build_barracks), MANY_RULES(DEFRULE(c_few_barracks, a_res_loom), MANY_RULES(DEFRULE(c_few_skirm, a_build_lumber_camp), MANY_RULES(DEFRULE(c_few_skirm, a_train_vill), MANY_RULES(DEFRULE(AND(c_some_ram, c_few_skirm), a_res_loom), MANY_RULES(DEFRULE(c_few_barracks, a_res_loom), MANY_RULES(DEFRULE(c_few_skirm, a_res_farm_2), MANY_RULES(DEFRULE(c_few_barracks, a_forward_castle), MANY_RULES(DEFRULE(c_many_ram, a_dynamic_civ_scout_cap(20)), MANY_RULES(DEFRULE(c_few_barracks, a_forward_castle), MANY_RULES(DEFRULE(c_many_ram, a_dynamic_camp_dist(20)), MANY_RULES(DEFRULE(c_some_ram, a_build_house), MANY_RULES(DEFRULE(c_no_house, a_dynamic_civ_scout_cap(168)), MANY_RULES(DEFRULE(c_few_barracks, a_res_loom), MANY_RULES(DEFRULE(c_no_house, a_dynamic_atk_percent(i_val(62))), MANY_RULES(DEFRULE(c_few_skirm, a_train_vill), MANY_RULES(DEFRULE(c_few_skirm, a_build_barracks), MANY_RULES(DEFRULE(c_few_skirm, a_dynamic_civ_scout_cap(168)), MANY_RULES(DEFRULE(AND(c_many_archer, c_few_watch_tower), a_res_loom), MANY_RULES(DEFRULE(c_few_skirm, a_res_loom), MANY_RULES(DEFRULE(c_no_house, a_dynamic_civ_scout_cap(168)), MANY_RULES(DEFRULE(c_few_barracks, a_train_vill), MANY_RULES(DEFRULE(c_no_house, a_dynamic_atk_percent(20)), MANY_RULES(DEFRULE(c_some_ram, a_build_house), MANY_RULES(DEFRULE(AND(c_mil_pop_10, c_no_archery_range), a_dynamic_civ_scout_cap(62)), MANY_RULES(DEFRULE(c_few_skirm, a_train_vill), MANY_RULES(DEFRULE(c_few_skirm, a_res_farm_2), MANY_RULES(DEFRULE(AND(c_many_archer, c_few_watch_tower), a_res_loom), MANY_RULES(DEFRULE(c_few_skirm, a_dynamic_civ_scout_cap(168)), MANY_RULES(DEFRULE(c_few_barracks, a_forward_castle), MANY_RULES(DEFRULE(c_no_house, a_dynamic_atk_percent(i_val(62))), MANY_RULES(DEFRULE(c_few_skirm, a_build_barracks), MANY_RULES(DEFRULE(c_few_barracks, a_res_loom), MANY_RULES(DEFRULE(c_can_res_blast, a_go_feudal_age), MANY_RULES(t_empty_rule, t_empty_list)))))))))))))))))))))))))))))))))))))))))))))))))))))))))))))))))"
159,79,1750,"MANY_RULES(DEFRULE(c_can_res_chain_mail, a_dynamic_group_size(20)), MANY_RULES(DEFRULE(c_few_skirm, a_build_house), MANY_RULES(DEFRULE(c_enemy_has_many_pike, a_dynamic_camp_dist(20)), MANY_RULES(DEFRULE(AND(c_few_skirm, AND(c_need_farms, c_few_siege_workshop)), a_res_loom), MANY_RULES(DEFRULE(c_few_barracks, a_res_loom), MANY_RULES(DEFRULE(c_few_barracks, a_res_loom), MANY_RULES(DEFRULE(c_no_house, a_dynamic_civ_scout_cap(168)), MANY_RULES(DEFRULE(c_few_barracks, a_res_loom), MANY_RULES(DEFRULE(c_no_house, a_dynamic_atk_percent(i_val(12))), MANY_RULES(DEFRULE(c_few_skirm, a_build_barracks), MANY_RULES(DEFRULE(c_few_barracks, a_res_loom), MANY_RULES(DEFRULE(c_few_skirm, a_build_lumber_camp), MANY_RULES(DEFRULE(c_few_skirm, a_train_vill), MANY_RULES(DEFRULE(AND(c_some_ram, c_few_skirm), a_res_loom), MANY_RULES(DEFRULE(c_few_barracks, a_res_loom), MANY_RULES(DEFRULE(c_few_skirm, a_res_farm_2), MANY_RULES(t_empty_rule, MANY_RULES(DEFRULE(c_no_house, a_dynamic_civ_scout_cap(168)), MANY_RULES(DEFRULE(c_few_barracks, a_res_loom), MANY_RULES(DEFRULE(c_no_house, a_dynamic_atk_percent(i_val(168))), MANY_RULES(DEFRULE(c_few_skirm, a_build_barracks), MANY_RULES(DEFRULE(c_few_barracks, a_res_loom), MANY_RULES(DEFRULE(c_few_skirm, a_build_lumber_camp), MANY_RULES(DEFRULE(c_few_skirm, a_train_vill), MANY_RULES(DEFRULE(AND(c_some_ram, c_few_skirm), a_res_loom), MANY_RULES(DEFRULE(c_few_barracks, a_res_loom), MANY_RULES(DEFRULE(c_few_skirm, a_res_farm_2), MANY_RULES(DEFRULE(c_few_barracks, a_forward_castle), MANY_RULES(DEFRULE(c_many_ram, a_dynamic_civ_scout_cap(20)), MANY_RULES(DEFRULE(c_some_ram, a_build_house), MANY_RULES(DEFRULE(c_no_house, a_dynamic_civ_scout_cap(168)), MANY_RULES(DEFRULE(c_few_barracks, a_res_loom), MANY_RULES(DEFRULE(c_no_house, a_dynamic_civ_scout_pct(i_val(25))), MANY_RULES(DEFRULE(c_few_skirm, a_train_vill), MANY_RULES(DEFRULE(c_few_skirm, a_build_barracks), MANY_RULES(DEFRULE(c_few_skirm, a_dynamic_civ_scout_cap(12)), MANY_RULES(DEFRULE(AND(c_many_archer, c_few_watch_tower), a_res_loom), MANY_RULES(DEFRULE(c_few_skirm, a_res_loom), MANY_RULES(DEFRULE(c_no_house, a_dynamic_civ_scout_cap(168)), MANY_RULES(DEFRULE(c_few_barracks, a_train_vill), MANY_RULES(DEFRULE(c_many_ram, a_dynamic_atk_percent(20)), MANY_RULES(DEFRULE(c_some_ram, a_build_house), MANY_RULES(DEFRULE(AND(c_mil_pop_10, c_far_gold), a_dynamic_civ_scout_cap(62)), MANY_RULES(DEFRULE(c_no_house, a_forward_castle), MANY_RULES(DEFRULE(c_few_barracks, a_res_loom), MANY_RULES(DEFRULE(c_few_barracks, a_dynamic_atk_percent(i_val(168))), MANY_RULES(DEFRULE(c_few_skirm, a_build_barracks), MANY_RULES(DEFRULE(c_few_barracks, a_res_loom), MANY_RULES(DEFRULE(c_few_skirm, a_build_lumber_camp), MANY_RULES(DEFRULE(c_few_skirm, a_train_vill), MANY_RULES(DEFRULE(AND(c_some_ram, c_few_skirm), a_res_loom), MANY_RULES(DEFRULE(c_few_barracks, a_res_loom), MANY_RULES(DEFRULE(c_few_skirm, a_res_farm_2), MANY_RULES(DEFRULE(c_few_skirm, a_build_barracks), MANY_RULES(DEFRULE(c_few_barracks, a_res_loom), MANY_RULES(DEFRULE(c_some_ram, a_build_house), MANY_RULES(DEFRULE(AND(c_some_ram, c_few_skirm), a_res_loom), TWO_RULES(DEFRULE(c_few_barracks, a_build_lumber_camp), DEFRULE(c_low_wood, a_train_vill)))))))))))))))))))))))))))))))))))))))))))))))))))))))))))"
159,82,1749,"MANY_RULES(DEFRULE(c_can_res_chain_mail, a_dynamic_group_size(20)), MANY_RULES(DEFRULE(c_few_skirm, a_build_house), MANY_RULES(DEFRULE(c_enemy_has_many_pike, a_dynamic_camp_dist(20)), MANY_RULES(DEFRULE(AND(c_few_skirm, c_enemy_has_many_pike), a_res_loom), MANY_RULES(DEFRULE(c_few_barracks, a_res_loom), MANY_RULES(DEFRULE(c_few_barracks, a_res_loom), MANY_RULES(DEFRULE(c_no_house, a_dynamic_civ_scout_cap(168)), MANY_RULES(DEFRULE(c_few_barracks, a_res_loom), MANY_RULES(DEFRULE(c_no_house, a_dynamic_atk_percent(i_val(12))), MANY_RULES(DEFRULE(c_few_skirm, a_build_barracks), MANY_RULES(DEFRULE(c_few_barracks, a_res_loom), MANY_RULES(DEFRULE(c_few_skirm, a_build_lumber_camp), MANY_RULES(DEFRULE(c_few_skirm, a_train_vill), MANY_RULES(DEFRULE(AND(c_some_ram, c_few_skirm), a_res_loom), MANY_RULES(DEFRULE(c_few_barracks, a_res_loom), MANY_RULES(DEFRULE(c_few_skirm, a_res_farm_2), MANY_RULES(t_empty_rule, MANY_RULES(DEFRULE(c_no_house, a_dynamic_civ_scout_cap(168)), MANY_RULES(DEFRULE(c_few_barracks, a_res_loom), MANY_RULES(DEFRULE(c_no_house, a_dynamic_atk_percent(i_val(168))), MANY_RULES(DEFRULE(c_few_skirm, a_build_barracks), MANY_RULES(DEFRULE(c_few_barracks, a_res_loom), MANY_RULES(DEFRULE(c_few_skirm, a_build_lumber_camp), MANY_RULES(DEFRULE(c_few_skirm, a_train_vill), MANY_RULES(DEFRULE(AND(c_some_ram, c_few_skirm), a_res_loom), MANY_RULES(DEFRULE(c_few_barracks, a_res_loom), MANY_RULES(DEFRULE(c_few_skirm, a_res_farm_2), MANY_RULES(DEFRULE(c_few_barracks, a_forward_castle), MANY_RULES(DEFRULE(c_many_ram, a_dynamic_civ_scout_cap(20)), MANY_RULES(DEFRULE(c_some_ram, a_build_house), MANY_RULES(DEFRULE(c_no_house, a_dynamic_civ_scout_cap(168)), MANY_RULES(DEFRULE(c_few_barracks, a_res_loom), MANY_RULES(DEFRULE(c_no_house, a_dynamic_civ_scout_pct(i_val(25))), MANY_RULES(DEFRULE(c_few_skirm, a_train_vill), MANY_RULES(DEFRULE(c_few_skirm, a_build_barracks), MANY_RULES(DEFRULE(c_few_skirm, a_dynamic_atk_percent(i_val(214))), MANY_RULES(DEFRULE(AND(c_many_archer, c_few_watch_tower), a_res_loom), MANY_RULES(DEFRULE(c_few_skirm, a_res_loom), MANY_RULES(DEFRULE(c_no_house, a_dynamic_civ_scout_cap(168)), MANY_RULES(DEFRULE(c_few_skirm, a_train_vill), MANY_RULES(DEFRULE(c_many_ram, a_dynamic_atk_percent(20)), MANY_RULES(DEFRULE(c_some_ram, a_build_house), MANY_RULES(DEFRULE(AND(c_mil_pop_10, c_far_gold), a_dynamic_civ_scout_cap(62)), MANY_RULES(DEFRULE(c_no_house, a_forward_castle), MANY_RULES(DEFRULE(c_few_barracks, a_res_loom), MANY_RULES(DEFRULE(c_no_house, a_dynamic_atk_percent(i_val(168))), MANY_RULES(DEFRULE(c_few_skirm, a_build_barracks), MANY_RULES(DEFRULE(c_few_barracks, a_res_loom), MANY_RULES(DEFRULE(c_few_skirm, a_build_lumber_camp), MANY_RULES(DEFRULE(c_few_skirm, a_train_vill), MANY_RULES(DEFRULE(AND(c_some_ram, c_few_skirm), a_res_loom), MANY_RULES(DEFRULE(c_few_barracks, a_res_loom), MANY_RULES(DEFRULE(c_few_skirm, a_res_farm_2), MANY_RULES(DEFRULE(c_few_skirm, a_build_barracks), MANY_RULES(DEFRULE(c_few_barracks, a_res_loom), MANY_RULES(DEFRULE(c_some_ram, a_build_house), MANY_RULES(DEFRULE(AND(c_some_ram, c_few_skirm), a_res_loom), MANY_RULES(DEFRULE(c_few_skirm, a_res_chemistry), MANY_RULES(DEFRULE(c_few_skirm, a_build_barracks), MANY_RULES(DEFRULE(c_few_barracks, a_res_loom), MANY_RULES(DEFRULE(c_few_skirm, a_res_farm_2), MANY_RULES(DEFRULE(c_few_skirm, a_res_farm_2), MANY_RULES(DEFRULE(AND(c_some_ram, c_few_skirm), a_res_loom), TWO_RULES(DEFRULE(c_few_barracks, a_res_loom), DEFRULE(c_low_wood, a_retreat_castle)))))))))))))))))))))))))))))))))))))))))))))))))))))))))))))))))"
159,6,1744,"MANY_RULES(DEFRULE(c_few_skirm, a_dynamic_group_size(i_val(12))), MANY_RULES(DEFRULE(c_few_skirm, a_build_house), MANY_RULES(DEFRULE(c_enemy_has_many_pike, a_build_house), MANY_RULES(DEFRULE(AND(AND(c_can_build_town_center, c_few_siege_workshop), c_enemy_has_many_pike), a_res_loom), MANY_RULES(DEFRULE(c_few_skirm, a_build_barracks), MANY_RULES(DEFRULE(c_few_barracks, a_dynamic_civ_scout_cap(168)), MANY_RULES(DEFRULE(c_some_ram, a_dynamic_civ_scout_cap(20)), MANY_RULES(DEFRULE(c_few_skirm, a_res_loom), MANY_RULES(DEFRULE(c_few_skirm, a_train_vill), MANY_RULES(DEFRULE(c_few_skirm, a_res_loom), MANY_RULES(DEFRULE(c_few_skirm, a_res_loom), MANY_RULES(DEFRULE(c_few_skirm, a_res_farm_2), MANY_RULES(DEFRULE(AND(c_many_archer, c_few_watch_tower), a_res_loom), MANY_RULES(DEFRULE(c_few_skirm, a_res_loom), MANY_RULES(DEFRULE(AND(c_few_skirm, c_can_res_gold_2), a_dynamic_civ_scout_cap(168)), MANY_RULES(DEFRULE(c_few_barracks, a_res_loom), MANY_RULES(DEFRULE(AND(c_few_skirm, c_enemy_has_many_pike), a_dynamic_civ_scout_cap(98)), MANY_RULES(DEFRULE(c_few_skirm, a_build_barracks), MANY_RULES(DEFRULE(c_few_barracks, a_res_loom), MANY_RULES(DEFRULE(c_few_skirm, a_build_barracks), MANY_RULES(DEFRULE(AND(c_can_res_stone_2, c_few_skirm), a_build_house), TWO_RULES(DEFRULE(c_few_barracks, a_build_lumber_camp), DEFRULE(c_has_monk, a_train_vill)))))))))))))))))))))))"
159,69,1738,"MANY_RULES(DEFRULE(AND(c_no_lumber_camp, c_can_res_chain_mail), a_dynamic_group_size(168)), MANY_RULES(t_empty_rule, MANY_RULES(DEFRULE(c_far_gold, a_train_vill), MANY_RULES(DEFRULE(AND(c_no_lumber_camp, c_can_res_chain_mail), a_train_vill), MANY_RULES(DEFRULE(AND(c_few_skirm, c_enemy_has_many_pike), a_res_loom), MANY_RULES(DEFRULE(c_few_skirm, a_res_loom), MANY_RULES(DEFRULE(c_some_ram, a_build_house), MANY_RULES(DEFRULE(AND(AND(c_no_mining_camp, c_far_gold), AND(c_few_treb, c_far_gold)), a_train_vill), MANY_RULES(DEFRULE(c_few_archer, a_train_vill), MANY_RULES(DEFRULE(c_few_skirm, a_res_farm_2), MANY_RULES(DEFRULE(AND(c_many_archer, AND(c_no_blacksmith, c_no_monastery)), a_res_loom), MANY_RULES(DEFRULE(c_few_lumber_camp, a_dynamic_civ_scout_cap(12)), MANY_RULES(DEFRULE(c_few_skirm, a_res_farm_2), MANY_RULES(DEFRULE(c_no_house, a_dynamic_atk_percent(i_val(12))), MANY_RULES(DEFRULE(c_few_skirm, a_build_barracks), MANY_RULES(DEFRULE(c_many_knight, a_res_loom), MANY_RULES(DEFRULE(c_few_skirm, a_res_farm_2), MANY_RULES(DEFRULE(c_few_barracks, a_res_loom), MANY_RULES(DEFRULE(AND(c_few_skirm, c_few_skirm), a_res_loom), TWO_RULES(DEFRULE(c_few_barracks, a_res_loom), DEFRULE(c_low_wood, a_retreat_castle)))))))))))))))))))))"
159,40,1730,"MANY_RULES(DEFRULE(AND(c_no_lumber_camp, c_can_res_chain_mail), a_dynamic_group_size(i_val(12))), MANY_RULES(DEFRULE(c_few_skirm, a_build_house), MANY_RULES(DEFRULE(c_enemy_has_many_pike, a_build_house), MANY_RULES(DEFRULE(AND(AND(c_can_build_town_center, c_few_skirm), c_enemy_has_many_pike), a_res_loom), MANY_RULES(DEFRULE(c_few_skirm, a_build_barracks), MANY_RULES(DEFRULE(c_few_barracks, a_dynamic_civ_scout_cap(168)), MANY_RULES(DEFRULE(c_some_ram, a_dynamic_civ_scout_cap(20)), MANY_RULES(DEFRULE(c_few_skirm, a_res_loom), MANY_RULES(DEFRULE(c_few_skirm, a_train_vill), MANY_RULES(DEFRULE(c_few_skirm, a_res_loom), MANY_RULES(DEFRULE(c_few_skirm, a_res_loom), MANY_RULES(DEFRULE(c_few_skirm, a_dynamic_civ_scout_cap(12)), MANY_RULES(DEFRULE(AND(c_many_archer, c_few_watch_tower), a_res_loom), MANY_RULES(DEFRULE(c_few_skirm, a_res_loom), MANY_RULES(DEFRULE(AND(c_few_skirm, c_can_res_gold_2), a_dynamic_civ_scout_cap(168)), MANY_RULES(DEFRULE(c_few_barracks, a_res_loom), MANY_RULES(DEFRULE(c_no_house, a_dynamic_civ_scout_cap(98)), MANY_RULES(DEFRULE(c_few_skirm, a_build_barracks), MANY_RULES(DEFRULE(c_few_barracks, a_res_loom), TWO_RULES(t_empty_rule, t_empty_rule))))))))))))))))))))"
159,78,1730,"MANY_RULES(DEFRULE(AND(c_no_lumber_camp, c_can_res_chain_mail), a_dynamic_group_size(168)), MANY_RULES(t_empty_rule, MANY_RULES(DEFRULE(c_far_gold, a_train_vill), MANY_RULES(DEFRULE(c_few_skirm, a_res_loom), MANY_RULES(DEFRULE(AND(c_few_skirm, c_enemy_has_many_pike), a_dynamic_civ_scout_cap(12)), MANY_RULES(DEFRULE(c_few_skirm, a_res_loom), MANY_RULES(DEFRULE(c_few_skirm, a_train_vill), MANY_RULES(DEFRULE(c_few_skirm, a_res_loom), MANY_RULES(DEFRULE(c_few_skirm, a_res_farm_2), MANY_RULES(DEFRULE(c_few_barracks, a_train_vill), MANY_RULES(DEFRULE(c_many_ram, a_dynamic_civ_scout_cap(20)), MANY_RULES(DEFRULE(c_some_ram, a_build_house), MANY_RULES(DEFRULE(c_few_skirm, a_train_vill), MANY_RULES(DEFRULE(c_few_skirm, a_res_farm_2), MANY_RULES(DEFRULE(c_few_barracks, a_res_loom), MANY_RULES(DEFRULE(c_few_skirm, a_dynamic_civ_scout_cap(12)), MANY_RULES(DEFRULE(AND(c_some_ram, c_few_skirm), a_res_loom), MANY_RULES(DEFRULE(c_no_house, a_dynamic_atk_percent(i_val(3))), MANY_RULES(DEFRULE(AND(c_few_skirm, c_enemy_has_many_pike), a_res_farm_2), MANY_RULES(DEFRULE(c_few_barracks, a_forward_castle), MANY_RULES(DEFRULE(c_many_ram, a_dynamic_civ_scout_cap(20)), MANY_RULES(DEFRULE(c_few_barracks, a_forward_castle), MANY_RULES(DEFRULE(c_far_gold, a_train_vill), MANY_RULES(DEFRULE(c_few_skirm, a_train_vill), MANY_RULES(DEFRULE(c_few_skirm, a_res_farm_2), MANY_RULES(DEFRULE(c_few_barracks, a_res_loom), MANY_RULES(DEFRULE(c_few_skirm, a_dynamic_civ_scout_cap(i_val(62))), MANY_RULES(t_empty_rule, MANY_RULES(DEFRULE(c_few_barracks, a_res_loom), MANY_RULES(DEFRULE(c_no_house, a_dynamic_atk_percent(i_val(62))), MANY_RULES(DEFRULE(c_few_skirm, a_build_barracks), MANY_RULES(DEFRULE(c_few_barracks, a_res_loom), MANY_RULES(DEFRULE(c_few_skirm, a_build_lumber_camp), MANY_RULES(DEFRULE(c_few_skirm, a_train_vill), MANY_RULES(DEFRULE(AND(c_some_ram, c_few_skirm), a_res_loom), MANY_RULES(DEFRULE(c_few_barracks, a_res_loom), MANY_RULES(DEFRULE(c_few_skirm, a_res_farm_2), MANY_RULES(DEFRULE(c_few_barracks, a_forward_castle), MANY_RULES(DEFRULE(c_many_ram, a_dynamic_civ_scout_cap(20)), MANY_RULES(DEFRULE(c_few_barracks, a_forward_castle), MANY_RULES(DEFRULE(c_many_ram, a_dynamic_camp_dist(20)), MANY_RULES(DEFRULE(c_some_ram, a_build_house), MANY_RULES(DEFRULE(c_no_house, a_dynamic_civ_scout_cap(168)), MANY_RULES(DEFRULE(c_no_house, a_dynamic_atk_percent(i_val(62))), MANY_RULES(DEFRULE(c_few_skirm, a_train_vill), MANY_RULES(DEFRULE(c_enemy_has_few_archer, a_build_barracks), MANY_RULES(DEFRULE(c_few_skirm, a_dynamic_civ_scout_cap(168)), MANY_RULES(DEFRULE(AND(c_many_archer, c_few_watch_tower), a_res_loom), MANY_RULES(DEFRULE(c_few_skirm, a_res_loom), MANY_RULES(DEFRULE(c_no_house, a_dynamic_civ_scout_cap(168)), MANY_RULES(DEFRULE(c_few_barracks, a_train_vill), MANY_RULES(DEFRULE(c_no_house, a_dynamic_atk_percent(20)), MANY_RULES(DEFRULE(c_some_ram, a_build_house), MANY_RULES(DEFRULE(AND(c_mil_pop_10, c_no_archery_range), a_dynamic_civ_scout_cap(62)), MANY_RULES(DEFRULE(c_few_skirm, a_train_vill), MANY_RULES(DEFRULE(c_few_skirm, a_res_farm_2), MANY_RULES(DEFRULE(AND(c_many_archer, c_few_watch_tower), a_res_loom), MANY_RULES(DEFRULE(c_few_skirm, a_dynamic_civ_scout_cap(168)), MANY_RULES(DEFRULE(c_few_barracks, a_forward_castle), MANY_RULES(DEFRULE(c_no_house, a_dynamic_atk_percent(i_val(62))), MANY_RULES(DEFRULE(c_few_skirm, a_build_barracks), MANY_RULES(DEFRULE(c_few_barracks, a_res_loom), MANY_RULES(DEFRULE(c_can_res_blast, a_go_feudal_age), MANY_RULES(t_empty_rule, t_empty_list))))))))))))))))))))))))))))))))))))))))))))))))))))))))))))))))"
159,31,1728,"MANY_RULES(DEFRULE(AND(c_no_lumber_camp, c_can_res_chain_mail), a_dynamic_group_size(168)), MANY_RULES(t_empty_rule, MANY_RULES(DEFRULE(c_far_gold, a_train_vill), MANY_RULES(DEFRULE(c_few_skirm, a_res_loom), MANY_RULES(DEFRULE(AND(c_few_skirm, c_enemy_has_many_pike), a_dynamic_civ_scout_cap(12)), MANY_RULES(DEFRULE(c_few_skirm, a_res_loom), MANY_RULES(DEFRULE(c_few_skirm, a_train_vill), MANY_RULES(DEFRULE(c_few_skirm, a_res_loom), MANY_RULES(DEFRULE(c_few_skirm, a_res_farm_2), MANY_RULES(DEFRULE(c_few_barracks, a_forward_castle), MANY_RULES(DEFRULE(c_few_skirm, a_dynamic_civ_scout_cap(20)), MANY_RULES(DEFRULE(c_some_ram, a_build_house), MANY_RULES(DEFRULE(c_far_gold, a_train_vill), MANY_RULES(DEFRULE(c_few_skirm, a_train_vill), MANY_RULES(DEFRULE(c_few_skirm, a_res_farm_2), MANY_RULES(DEFRULE(c_few_archery_range, a_res_loom), MANY_RULES(DEFRULE(c_few_skirm, a_dynamic_civ_scout_cap(12)), MANY_RULES(DEFRULE(AND(c_some_ram, c_few_skirm), a_res_loom), MANY_RULES(DEFRULE(c_few_watch_tower, a_train_vill), MANY_RULES(DEFRULE(AND(c_few_skirm, c_enemy_has_many_pike), a_res_farm_2), MANY_RULES(DEFRULE(c_few_barracks, a_forward_castle), MANY_RULES(DEFRULE(AND(c_some_ram, c_few_skirm), a_res_loom), MANY_RULES(DEFRULE(c_some_infantry, a_build_house), MANY_RULES(DEFRULE(c_many_mangonel, a_train_skirm), TWO_RULES(t_empty_rule, t_empty_rule)))))))))))))))))))))))))"
159,24,1722,"MANY_RULES(DEFRULE(c_can_res_chain_mail, a_dynamic_group_size(20)), MANY_RULES(DEFRULE(c_few_skirm, a_build_house), MANY_RULES(DEFRULE(c_enemy_has_many_pike, a_dynamic_camp_dist(20)), MANY_RULES(DEFRULE(AND(c_few_skirm, c_enemy_has_many_pike), a_res_loom), MANY_RULES(DEFRULE(c_few_barracks, a_res_loom), MANY_RULES(DEFRULE(c_few_barracks, a_res_loom), MANY_RULES(DEFRULE(c_no_house, a_dynamic_civ_scout_cap(168)), MANY_RULES(DEFRULE(c_few_barracks, a_res_loom), MANY_RULES(DEFRULE(c_no_house, a_dynamic_atk_percent(i_val(12))), MANY_RULES(DEFRULE(c_few_skirm, a_build_barracks), MANY_RULES(DEFRULE(c_few_barracks, a_res_loom), MANY_RULES(DEFRULE(c_few_skirm, a_build_lumber_camp), MANY_RULES(DEFRULE(c_few_skirm, a_train_vill), MANY_RULES(DEFRULE(AND(c_some_ram, c_few_skirm), a_res_loom), MANY_RULES(DEFRULE(c_few_barracks, a_res_loom), MANY_RULES(DEFRULE(c_few_skirm, a_res_farm_2), MANY_RULES(t_empty_rule, MANY_RULES(DEFRULE(c_no_house, a_dynamic_civ_scout_cap(168)), MANY_RULES(DEFRULE(c_few_barracks, a_res_loom), MANY_RULES(DEFRULE(c_no_house, a_dynamic_atk_percent(i_val(168))), MANY_RULES(DEFRULE(c_few_skirm, a_build_barracks), MANY_RULES(DEFRULE(c_few_barracks, a_res_loom), MANY_RULES(DEFRULE(c_few_skirm, a_build_lumber_camp), MANY_RULES(DEFRULE(c_few_skirm, a_train_vill), MANY_RULES(DEFRULE(AND(c_some_ram, c_few_skirm), a_res_loom), MANY_RULES(DEFRULE(c_few_barracks, a_res_loom), MANY_RULES(DEFRULE(c_few_skirm, a_res_farm_2), MANY_RULES(DEFRULE(c_few_barracks, a_forward_castle), MANY_RULES(DEFRULE(c_many_ram, a_dynamic_civ_scout_cap(20)), MANY_RULES(DEFRULE(c_some_ram, a_build_house), MANY_RULES(DEFRULE(c_no_house, a_dynamic_civ_scout_cap(168)), MANY_RULES(DEFRULE(c_few_barracks, a_res_loom), MANY_RULES(DEFRULE(c_no_house, a_dynamic_civ_scout_pct(i_val(25))), MANY_RULES(DEFRULE(c_few_skirm, a_train_vill), MANY_RULES(DEFRULE(c_few_skirm, a_build_barracks), MANY_RULES(DEFRULE(c_few_skirm, a_dynamic_civ_scout_cap(12)), MANY_RULES(DEFRULE(AND(c_many_archer, c_few_watch_tower), a_res_loom), MANY_RULES(DEFRULE(c_few_skirm, a_res_loom), MANY_RULES(DEFRULE(c_no_house, a_dynamic_civ_scout_cap(168)), MANY_RULES(DEFRULE(c_few_barracks, a_train_vill), MANY_RULES(DEFRULE(c_many_ram, a_dynamic_atk_percent(20)), MANY_RULES(DEFRULE(c_some_ram, a_build_house), MANY_RULES(DEFRULE(c_few_skirm, a_res_farm_2), MANY_RULES(DEFRULE(c_no_house, a_dynamic_civ_scout_cap(12)), MANY_RULES(DEFRULE(c_few_barracks, a_res_loom), MANY_RULES(DEFRULE(c_few_barracks, a_dynamic_atk_percent(i_val(168))), MANY_RULES(DEFRULE(c_few_skirm, a_build_barracks), MANY_RULES(DEFRULE(c_few_barracks, a_res_loom), MANY_RULES(DEFRULE(c_few_skirm, a_build_lumber_camp), MANY_RULES(DEFRULE(c_few_skirm, a_train_vill), MANY_RULES(DEFRULE(AND(c_some_ram, c_few_skirm), a_res_loom), MANY_RULES(DEFRULE(c_few_barracks, a_res_loom), MANY_RULES(DEFRULE(c_few_skirm, a_res_farm_2), MANY_RULES(DEFRULE(c_few_skirm, a_build_barracks), MANY_RULES(DEFRULE(c_few_barracks, a_res_loom), MANY_RULES(DEFRULE(c_some_ram, a_build_house), MANY_RULES(DEFRULE(AND(c_some_ram, c_few_skirm), a_res_loom), TWO_RULES(DEFRULE(c_few_barracks, a_build_lumber_camp), DEFRULE(c_low_wood, a_train_vill)))))))))))))))))))))))))))))))))))))))))))))))))))))))))))"
159,71,1712,"MANY_RULES(DEFRULE(AND(c_no_lumber_camp, c_some_pike), a_dynamic_group_size(20)), MANY_RULES(DEFRULE(c_few_mill, a_build_house), MANY_RULES(DEFRULE(c_enemy_has_many_pike, a_dynamic_camp_dist(20)), MANY_RULES(DEFRULE(AND(c_few_skirm, c_enemy_has_many_pike), a_res_loom), MANY_RULES(DEFRULE(c_few_barracks, a_res_loom), MANY_RULES(DEFRULE(c_few_skirm, a_res_farm_2), MANY_RULES(DEFRULE(c_no_house, a_dynamic_civ_scout_cap(168)), MANY_RULES(DEFRULE(c_few_barracks, a_res_loom), MANY_RULES(DEFRULE(c_no_house, a_dynamic_atk_percent(i_val(i_val(3)))), MANY_RULES(DEFRULE(c_few_skirm, a_build_barracks), MANY_RULES(DEFRULE(c_few_barracks, a_res_loom), MANY_RULES(DEFRULE(c_few_skirm, a_build_lumber_camp), MANY_RULES(DEFRULE(c_few_skirm, a_train_vill), MANY_RULES(DEFRULE(AND(c_some_ram, c_few_skirm), a_res_loom), MANY_RULES(DEFRULE(c_few_barracks, a_res_loom), MANY_RULES(DEFRULE(c_few_skirm, a_res_farm_2), MANY_RULES(DEFRULE(c_few_barracks, a_forward_castle), MANY_RULES(DEFRULE(c_many_ram, a_dynamic_civ_scout_cap(20)), MANY_RULES(DEFRULE(c_some_ram, a_build_house), MANY_RULES(DEFRULE(AND(AND(c_no_mining_camp, c_far_gold), AND(c_few_treb, c_far_gold)), a_train_vill), MANY_RULES(DEFRULE(c_few_skirm, a_train_vill), MANY_RULES(DEFRULE(c_few_skirm, a_res_farm_2), MANY_RULES(DEFRULE(AND(c_many_archer, AND(c_no_blacksmith, c_no_monastery)), a_res_loom), MANY_RULES(DEFRULE(c_few_skirm, a_dynamic_civ_scout_cap(168)), MANY_RULES(DEFRULE(c_few_skirm, a_res_farm_2), MANY_RULES(DEFRULE(c_no_house, a_dynamic_atk_percent(3)), MANY_RULES(DEFRULE(c_few_skirm, a_build_barracks), MANY_RULES(DEFRULE(c_few_barracks, a_res_loom), MANY_RULES(DEFRULE(c_few_skirm, a_res_farm_2), MANY_RULES(DEFRULE(c_few_barracks, a_res_loom), MANY_RULES(DEFRULE(AND(c_few_skirm, c_few_skirm), a_res_loom), TWO_RULES(DEFRULE(c_few_barracks, a_res_loom), DEFRULE(c_low_wood, a_retreat_castle)))))))))))))))))))))))))))))))))"
159,37,1695,"MANY_RULES(DEFRULE(AND(c_no_lumber_camp, c_can_res_chain_mail), a_dynamic_group_size(20)), MANY_RULES(DEFRULE(c_few_mill, a_build_house), MANY_RULES(DEFRULE(c_enemy_has_many_pike, a_dynamic_camp_dist(20)), MANY_RULES(DEFRULE(AND(c_few_skirm, c_enemy_has_many_pike), a_res_loom), MANY_RULES(DEFRULE(c_few_barracks, a_res_loom), MANY_RULES(DEFRULE(c_few_skirm, a_res_farm_2), MANY_RULES(DEFRULE(c_no_house, a_dynamic_civ_scout_cap(168)), MANY_RULES(DEFRULE(c_few_barracks, a_res_loom), MANY_RULES(DEFRULE(c_no_house, a_dynamic_atk_percent(i_val(i_val(3)))), MANY_RULES(DEFRULE(c_few_skirm, a_build_barracks), MANY_RULES(DEFRULE(c_few_barracks, a_res_loom), MANY_RULES(DEFRULE(c_few_skirm, a_build_lumber_camp), MANY_RULES(DEFRULE(c_few_skirm, a_train_vill), MANY_RULES(DEFRULE(AND(c_some_ram, c_few_skirm), a_res_loom), MANY_RULES(DEFRULE(c_few_barracks, a_res_loom), MANY_RULES(DEFRULE(c_few_skirm, a_res_farm_2), MANY_RULES(DEFRULE(c_few_barracks, a_forward_castle), MANY_RULES(DEFRULE(c_many_ram, a_dynamic_civ_scout_cap(20)), MANY_RULES(DEFRULE(c_some_ram, a_build_house), MANY_RULES(DEFRULE(AND(AND(c_no_mining_camp, c_far_gold), AND(c_few_treb, c_far_gold)), a_train_vill), MANY_RULES(DEFRULE(c_few_skirm, a_train_vill), MANY_RULES(DEFRULE(c_few_skirm, a_res_farm_2), MANY_RULES(DEFRULE(AND(c_many_archer, AND(c_no_blacksmith, c_no_monastery)), a_res_loom), MANY_RULES(DEFRULE(c_few_skirm, a_dynamic_civ_scout_cap(168)), MANY_RULES(DEFRULE(c_few_skirm, a_train_vill), MANY_RULES(DEFRULE(c_no_house, a_dynamic_atk_percent(3)), MANY_RULES(DEFRULE(c_few_skirm, a_build_barracks), MANY_RULES(DEFRULE(c_few_barracks, a_res_loom), MANY_RULES(DEFRULE(c_few_skirm, a_res_farm_2), MANY_RULES(DEFRULE(c_few_barracks, a_res_loom), MANY_RULES(DEFRULE(AND(c_few_skirm, c_few_skirm), a_res_loom), TWO_RULES(DEFRULE(c_few_barracks, a_res_loom), DEFRULE(c_low_wood, a_retreat_castle)))))))))))))))))))))))))))))))))"
159,52,1695,"MANY_RULES(DEFRULE(AND(c_no_lumber_camp, c_can_res_chain_mail), a_dynamic_group_size(i_val(12))), MANY_RULES(DEFRULE(c_few_skirm, a_build_house), MANY_RULES(DEFRULE(c_enemy_has_many_pike, a_build_house), MANY_RULES(DEFRULE(AND(AND(c_can_build_town_center, AND(AND(c_can_res_fletching, c_few_ram), AND(c_enemy_has_many_archer, c_can_res_farm_3))), c_enemy_has_many_pike), a_res_loom), MANY_RULES(DEFRULE(c_few_skirm, a_build_barracks), MANY_RULES(DEFRULE(c_few_barracks, a_dynamic_civ_scout_cap(168)), MANY_RULES(DEFRULE(c_some_ram, a_dynamic_civ_scout_cap(20)), MANY_RULES(DEFRULE(c_few_skirm, a_res_loom), MANY_RULES(DEFRULE(AND(AND(c_can_build_town_center, c_few_siege_workshop), c_enemy_has_many_pike), a_res_loom), MANY_RULES(DEFRULE(c_few_skirm, a_build_barracks), MANY_RULES(DEFRULE(c_few_barracks, a_dynamic_civ_scout_cap(168)), MANY_RULES(DEFRULE(c_few_skirm, a_res_loom), MANY_RULES(DEFRULE(c_few_skirm, a_train_vill), t_empty_list)))))))))))))"
159,36,1692,"MANY_RULES(DEFRULE(AND(c_no_lumber_camp, c_can_res_chain_mail), a_dynamic_group_size(168)), MANY_RULES(t_empty_rule, MANY_RULES(DEFRULE(c_far_gold, a_train_vill), MANY_RULES(DEFRULE(c_few_skirm, a_res_loom), MANY_RULES(DEFRULE(c_few_skirm, a_dynamic_civ_scout_cap(12)), MANY_RULES(DEFRULE(c_few_skirm, a_res_loom), MANY_RULES(DEFRULE(c_few_skirm, a_res_farm_2), MANY_RULES(DEFRULE(c_few_skirm, a_res_loom), MANY_RULES(DEFRULE(c_few_skirm, a_res_farm_2), MANY_RULES(DEFRULE(c_few_barracks, a_forward_castle), MANY_RULES(DEFRULE(c_few_skirm, a_dynamic_civ_scout_cap(20)), MANY_RULES(DEFRULE(c_some_ram, a_build_house), MANY_RULES(DEFRULE(c_far_gold, a_train_vill), MANY_RULES(DEFRULE(c_few_skirm, a_train_vill), MANY_RULES(DEFRULE(c_few_skirm, a_res_farm_2), MANY_RULES(DEFRULE(c_few_archery_range, a_res_loom), MANY_RULES(DEFRULE(c_few_skirm, a_dynamic_civ_scout_cap(12)), MANY_RULES(DEFRULE(AND(c_some_ram, c_few_skirm), a_res_loom), MANY_RULES(DEFRULE(c_few_watch_tower, a_train_vill), MANY_RULES(DEFRULE(AND(c_few_skirm, c_enemy_has_many_pike), a_res_farm_2), MANY_RULES(DEFRULE(c_few_barracks, a_forward_castle), MANY_RULES(DEFRULE(c_many_ram, a_dynamic_civ_scout_cap(20)), MANY_RULES(DEFRULE(c_some_infantry, a_build_house), MANY_RULES(DEFRULE(c_few_skirm, a_build_house), MANY_RULES(DEFRULE(c_few_skirm, a_train_vill), MANY_RULES(DEFRULE(c_few_skirm, a_res_farm_2), MANY_RULES(DEFRULE(c_few_barracks, a_res_loom), MANY_RULES(DEFRULE(AND(c_few_skirm, c_enemy_has_many_pike), a_res_loom), MANY_RULES(DEFRULE(c_few_barracks, a_res_loom), MANY_RULES(DEFRULE(c_few_barracks, a_res_loom), MANY_RULES(DEFRULE(c_no_house, a_dynamic_civ_scout_cap(168)), MANY_RULES(DEFRULE(c_few_barracks, a_res_loom), MANY_RULES(DEFRULE(c_no_house, a_dynamic_atk_percent(i_val(168))), MANY_RULES(DEFRULE(c_few_skirm, a_build_barracks), MANY_RULES(DEFRULE(c_few_barracks, a_res_loom), MANY_RULES(DEFRULE(c_few_skirm, a_build_lumber_camp), MANY_RULES(DEFRULE(c_few_skirm, a_train_vill), MANY_RULES(DEFRULE(AND(c_some_ram, c_few_skirm), a_res_loom), MANY_RULES(DEFRULE(c_few_barracks, a_res_loom), MANY_RULES(DEFRULE(c_few_skirm, a_res_farm_2), MANY_RULES(DEFRULE(c_few_skirm, a_build_barracks), MANY_RULES(DEFRULE(c_few_barracks, a_res_bracer), MANY_RULES(DEFRULE(c_some_ram, a_build_house), MANY_RULES(DEFRULE(AND(c_some_ram, c_few_skirm), a_res_loom), TWO_RULES(DEFRULE(c_few_barracks, a_build_lumber_camp), DEFRULE(c_low_wood, a_train_vill))))))))))))))))))))))))))))))))))))))))))))))"
159,46,1691,"MANY_RULES(DEFRULE(AND(c_no_lumber_camp, c_can_res_chain_mail), a_dynamic_group_size(168)), MANY_RULES(t_empty_rule, MANY_RULES(DEFRULE(c_far_gold, a_train_vill), MANY_RULES(DEFRULE(c_few_skirm, a_res_loom), MANY_RULES(DEFRULE(AND(c_few_skirm, c_enemy_has_many_pike), a_dynamic_civ_scout_cap(12)), MANY_RULES(DEFRULE(c_few_skirm, a_res_loom), MANY_RULES(DEFRULE(c_few_skirm, a_train_vill), MANY_RULES(DEFRULE(c_few_skirm, a_res_loom), MANY_RULES(DEFRULE(c_few_skirm, a_res_farm_2), MANY_RULES(DEFRULE(c_few_barracks, a_forward_castle), MANY_RULES(DEFRULE(c_few_skirm, a_dynamic_civ_scout_cap(20)), MANY_RULES(DEFRULE(c_some_ram, a_build_house), MANY_RULES(DEFRULE(c_far_gold, a_train_vill), MANY_RULES(DEFRULE(c_few_skirm, a_train_vill), MANY_RULES(DEFRULE(c_few_skirm, a_res_farm_2), MANY_RULES(DEFRULE(c_few_archery_range, a_res_loom), MANY_RULES(DEFRULE(c_few_skirm, a_dynamic_civ_scout_cap(12)), MANY_RULES(DEFRULE(AND(c_some_ram, c_few_skirm), a_res_loom), MANY_RULES(DEFRULE(c_few_watch_tower, a_train_vill), MANY_RULES(DEFRULE(AND(c_few_skirm, c_enemy_has_many_pike), a_res_farm_2), MANY_RULES(DEFRULE(c_few_barracks, a_forward_castle), MANY_RULES(DEFRULE(c_many_ram, a_dynamic_civ_scout_cap(20)), MANY_RULES(DEFRULE(c_some_infantry, a_build_house), MANY_RULES(DEFRULE(c_few_skirm, a_build_house), MANY_RULES(DEFRULE(c_few_skirm, a_train_vill), MANY_RULES(DEFRULE(c_few_skirm, a_res_farm_2), MANY_RULES(DEFRULE(c_few_barracks, a_res_loom), MANY_RULES(DEFRULE(AND(c_few_skirm, c_enemy_has_many_pike), a_res_loom), MANY_RULES(DEFRULE(c_few_barracks, a_res_loom), MANY_RULES(DEFRULE(c_few_barracks, a_res_loom), MANY_RULES(DEFRULE(c_no_house, a_dynamic_civ_scout_cap(168)), MANY_RULES(DEFRULE(c_few_barracks, a_res_loom), MANY_RULES(DEFRULE(c_no_house, a_dynamic_atk_percent(i_val(168))), MANY_RULES(DEFRULE(c_few_skirm, a_build_barracks), MANY_RULES(DEFRULE(c_few_barracks, a_res_loom), MANY_RULES(DEFRULE(c_few_skirm, a_build_lumber_camp), MANY_RULES(DEFRULE(c_few_skirm, a_train_vill), MANY_RULES(DEFRULE(AND(c_some_ram, c_few_skirm), a_res_loom), MANY_RULES(DEFRULE(c_few_barracks, a_res_loom), MANY_RULES(DEFRULE(c_few_skirm, a_res_farm_2), MANY_RULES(DEFRULE(c_few_skirm, a_build_barracks), MANY_RULES(DEFRULE(c_few_barracks, a_res_bracer), MANY_RULES(DEFRULE(c_some_ram, a_build_house), MANY_RULES(DEFRULE(AND(c_some_ram, c_few_skirm), a_res_loom), TWO_RULES(DEFRULE(c_few_barracks, a_build_lumber_camp), DEFRULE(c_low_wood, a_train_vill))))))))))))))))))))))))))))))))))))))))))))))"
159,22,1677,"MANY_RULES(DEFRULE(AND(c_no_lumber_camp, c_can_res_chain_mail), a_dynamic_group_size(i_val(62))), MANY_RULES(DEFRULE(c_few_skirm, a_build_house), MANY_RULES(DEFRULE(c_enemy_has_many_pike, a_res_loom), MANY_RULES(DEFRULE(AND(AND(c_can_build_town_center, c_few_siege_workshop), c_enemy_has_many_pike), a_res_loom), MANY_RULES(DEFRULE(c_few_skirm, a_build_barracks), MANY_RULES(DEFRULE(c_few_barracks, a_dynamic_civ_scout_cap(168)), MANY_RULES(DEFRULE(c_some_ram, a_dynamic_civ_scout_cap(20)), MANY_RULES(DEFRULE(c_few_skirm, a_res_loom), MANY_RULES(DEFRULE(c_few_skirm, a_train_vill), MANY_RULES(DEFRULE(c_few_skirm, a_res_loom), MANY_RULES(DEFRULE(c_few_skirm, a_res_loom), MANY_RULES(DEFRULE(c_few_skirm, a_forward_castle), MANY_RULES(DEFRULE(AND(c_many_archer, c_few_watch_tower), a_res_loom), MANY_RULES(DEFRULE(c_few_skirm, a_res_loom), MANY_RULES(DEFRULE(AND(c_few_skirm, c_can_res_gold_2), a_dynamic_civ_scout_cap(168)), MANY_RULES(DEFRULE(c_few_mill, a_build_house), MANY_RULES(DEFRULE(c_enemy_has_many_pike, a_dynamic_camp_dist(20)), MANY_RULES(DEFRULE(AND(c_few_skirm, c_enemy_has_many_pike), a_res_loom), MANY_RULES(DEFRULE(c_few_barracks, a_res_loom), MANY_RULES(DEFRULE(AND(c_some_ram, c_can_res_farm_3), a_res_loom), MANY_RULES(DEFRULE(c_no_house, a_dynamic_civ_scout_cap(168)), MANY_RULES(DEFRULE(c_few_barracks, a_train_vill), MANY_RULES(DEFRULE(c_no_house, a_dynamic_atk_percent(20)), MANY_RULES(DEFRULE(c_few_skirm, a_build_barracks), MANY_RULES(DEFRULE(c_few_barracks, a_res_loom), MANY_RULES(DEFRULE(c_few_skirm, a_build_lumber_camp), MANY_RULES(DEFRULE(c_few_skirm, a_train_vill), MANY_RULES(DEFRULE(AND(c_some_ram, c_few_skirm), a_res_loom), MANY_RULES(DEFRULE(c_few_barracks, a_res_loom), MANY_RULES(DEFRULE(c_few_skirm, a_res_farm_2), MANY_RULES(DEFRULE(c_few_barracks, a_forward_castle), MANY_RULES(DEFRULE(c_many_ram, a_dynamic_civ_scout_cap(20)), MANY_RULES(DEFRULE(c_some_ram, a_build_house), MANY_RULES(DEFRULE(AND(AND(c_no_mining_camp, AND(AND(c_no_mining_camp, c_far_gold), AND(c_few_treb, c_far_gold))), AND(c_few_treb, c_far_gold)), a_train_vill), MANY_RULES(DEFRULE(c_few_skirm, a_train_vill), MANY_RULES(DEFRULE(c_few_skirm, a_res_farm_2), MANY_RULES(DEFRULE(c_is_feudal_age, a_train_monk), MANY_RULES(t_empty_rule, t_empty_list))))))))))))))))))))))))))))))))))))))"
159,59,1673,"MANY_RULES(DEFRULE(AND(c_no_lumber_camp, c_can_res_chain_mail), a_dynamic_group_size(20)), MANY_RULES(DEFRULE(c_few_mill, a_build_house), MANY_RULES(DEFRULE(c_enemy_has_many_pike, a_dynamic_camp_dist(20)), MANY_RULES(DEFRULE(AND(c_few_skirm, c_enemy_has_many_pike), a_res_loom), MANY_RULES(DEFRULE(c_few_barracks, a_res_loom), MANY_RULES(DEFRULE(AND(c_some_ram, c_many_ram), a_res_loom), MANY_RULES(DEFRULE(c_no_house, a_dynamic_civ_scout_cap(168)), MANY_RULES(DEFRULE(c_few_barracks, a_res_loom), MANY_RULES(DEFRULE(c_some_ram, a_build_house), MANY_RULES(DEFRULE(c_few_barracks, a_res_loom), MANY_RULES(DEFRULE(c_few_skirm, a_build_lumber_camp), MANY_RULES(DEFRULE(c_few_skirm, a_train_vill), MANY_RULES(DEFRULE(AND(c_some_ram, c_few_skirm), a_res_loom), MANY_RULES(DEFRULE(c_few_barracks, a_res_loom), MANY_RULES(DEFRULE(c_few_skirm, a_res_farm_2), MANY_RULES(DEFRULE(c_few_barracks, a_forward_castle), MANY_RULES(DEFRULE(c_many_ram, a_dynamic_civ_scout_cap(20)), MANY_RULES(DEFRULE(c_some_ram, a_build_house), MANY_RULES(DEFRULE(AND(AND(c_no_mining_camp, c_far_gold), AND(c_few_treb, c_far_gold)), a_train_vill), MANY_RULES(DEFRULE(c_few_skirm, a_train_vill), MANY_RULES(DEFRULE(c_few_skirm, a_res_farm_2), MANY_RULES(DEFRULE(AND(c_few_watch_tower, AND(c_no_blacksmith, c_no_monastery)), a_res_loom), MANY_RULES(DEFRULE(c_few_skirm, a_dynamic_civ_scout_cap(168)), MANY_RULES(DEFRULE(c_few_skirm, a_res_farm_2), MANY_RULES(DEFRULE(c_no_house, a_dynamic_atk_percent(i_val(62))), MANY_RULES(DEFRULE(c_few_skirm, a_build_barracks), MANY_RULES(DEFRULE(c_few_barracks, a_res_loom), MANY_RULES(DEFRULE(c_few_skirm, a_res_farm_2), MANY_RULES(DEFRULE(c_few_barracks, a_res_loom), MANY_RULES(DEFRULE(AND(c_few_skirm, c_few_skirm), a_res_loom), TWO_RULES(DEFRULE(c_few_barracks, a_res_loom), DEFRULE(c_low_wood, a_retreat_castle))))))))))))))))))))))))))))))))"
159,12,1661,"MANY_RULES(DEFRULE(AND(c_no_lumber_camp, c_can_res_chain_mail), a_dynamic_group_size(168)), MANY_RULES(t_empty_rule, MANY_RULES(DEFRULE(c_far_gold, a_train_vill), MANY_RULES(DEFRULE(c_few_skirm, a_res_loom), MANY_RULES(DEFRULE(AND(c_few_skirm, c_enemy_has_many_pike), a_dynamic_civ_scout_cap(12)), MANY_RULES(DEFRULE(c_few_skirm, a_res_loom), MANY_RULES(DEFRULE(c_few_skirm, a_train_vill), MANY_RULES(DEFRULE(c_few_skirm, a_res_loom), MANY_RULES(DEFRULE(c_few_skirm, a_res_farm_2), MANY_RULES(DEFRULE(c_few_barracks, a_train_vill), MANY_RULES(DEFRULE(c_many_ram, a_dynamic_civ_scout_cap(20)), MANY_RULES(DEFRULE(c_some_ram, a_build_house), MANY_RULES(DEFRULE(c_few_skirm, a_train_vill), MANY_RULES(DEFRULE(c_few_skirm, a_res_farm_2), MANY_RULES(DEFRULE(c_few_barracks, a_res_loom), MANY_RULES(DEFRULE(c_few_skirm, a_dynamic_civ_scout_cap(12)), MANY_RULES(DEFRULE(AND(c_some_ram, c_few_skirm), a_res_loom), MANY_RULES(DEFRULE(c_no_house, a_dynamic_atk_percent(i_val(3))), MANY_RULES(DEFRULE(AND(c_few_skirm, c_enemy_has_many_pike), a_res_farm_2), MANY_RULES(DEFRULE(c_few_barracks, a_forward_castle), MANY_RULES(DEFRULE(c_many_ram, a_dynamic_civ_scout_cap(20)), MANY_RULES(DEFRULE(c_few_barracks, a_forward_castle), MANY_RULES(DEFRULE(c_far_gold, a_train_vill), MANY_RULES(DEFRULE(c_few_skirm, a_train_vill), MANY_RULES(DEFRULE(c_few_skirm, a_res_farm_2), MANY_RULES(DEFRULE(c_few_barracks, a_res_loom), MANY_RULES(DEFRULE(c_few_skirm, a_dynamic_civ_scout_cap(i_val(62))), MANY_RULES(t_empty_rule, MANY_RULES(DEFRULE(c_few_barracks, a_res_loom), MANY_RULES(DEFRULE(c_no_house, a_dynamic_atk_percent(i_val(62))), MANY_RULES(DEFRULE(c_few_skirm, a_build_barracks), MANY_RULES(DEFRULE(c_few_barracks, a_res_loom), MANY_RULES(DEFRULE(c_few_skirm, a_build_lumber_camp), MANY_RULES(DEFRULE(c_few_skirm, a_dynamic_group_size(253)), MANY_RULES(DEFRULE(AND(c_some_ram, c_few_skirm), a_res_loom), MANY_RULES(DEFRULE(c_few_barracks, a_res_loom), MANY_RULES(DEFRULE(c_few_skirm, a_res_farm_2), MANY_RULES(DEFRULE(c_few_barracks, a_forward_castle), MANY_RULES(DEFRULE(c_many_ram, a_dynamic_civ_scout_cap(20)), MANY_RULES(DEFRULE(c_few_barracks, a_forward_castle), MANY_RULES(DEFRULE(c_many_ram, a_dynamic_camp_dist(20)), MANY_RULES(DEFRULE(c_some_ram, a_build_house), MANY_RULES(DEFRULE(c_no_house, a_dynamic_civ_scout_cap(168)), MANY_RULES(DEFRULE(c_few_barracks, a_res_loom), MANY_RULES(DEFRULE(c_no_house, a_dynamic_atk_percent(i_val(62))), MANY_RULES(DEFRULE(c_few_skirm, a_train_vill), MANY_RULES(DEFRULE(c_few_skirm, a_build_barracks), MANY_RULES(DEFRULE(c_few_skirm, a_dynamic_civ_scout_cap(168)), MANY_RULES(DEFRULE(AND(c_many_archer, c_few_watch_tower), a_res_loom), MANY_RULES(DEFRULE(c_few_skirm, a_res_loom), MANY_RULES(DEFRULE(c_no_house, a_dynamic_civ_scout_cap(168)), MANY_RULES(DEFRULE(c_few_barracks, a_train_vill), MANY_RULES(DEFRULE(c_no_house, a_dynamic_atk_percent(20)), MANY_RULES(DEFRULE(c_some_ram, a_build_house), MANY_RULES(DEFRULE(AND(c_mil_pop_10, c_no_archery_range), a_dynamic_civ_scout_cap(62)), MANY_RULES(DEFRULE(c_few_skirm, a_train_vill), MANY_RULES(DEFRULE(c_few_skirm, a_res_farm_2), MANY_RULES(DEFRULE(AND(c_many_archer, c_few_watch_tower), a_res_loom), MANY_RULES(DEFRULE(c_few_skirm, a_dynamic_civ_scout_cap(168)), MANY_RULES(DEFRULE(c_few_barracks, a_forward_castle), MANY_RULES(DEFRULE(c_no_house, a_dynamic_atk_percent(i_val(62))), MANY_RULES(DEFRULE(c_few_skirm, a_build_barracks), MANY_RULES(DEFRULE(c_few_barracks, a_res_loom), MANY_RULES(DEFRULE(c_can_res_blast, a_go_feudal_age), MANY_RULES(t_empty_rule, t_empty_list)))))))))))))))))))))))))))))))))))))))))))))))))))))))))))))))))"
159,53,1640,"MANY_RULES(DEFRULE(AND(c_no_lumber_camp, c_can_res_chain_mail), a_dynamic_group_size(i_val(37))), MANY_RULES(DEFRULE(c_few_skirm, a_build_house), MANY_RULES(DEFRULE(c_enemy_has_many_pike, a_res_loom), MANY_RULES(DEFRULE(c_few_skirm, a_train_vill), MANY_RULES(DEFRULE(c_few_skirm, a_res_loom), MANY_RULES(DEFRULE(c_few_skirm, a_res_loom), MANY_RULES(DEFRULE(c_few_skirm, a_dynamic_civ_scout_cap(12)), MANY_RULES(DEFRULE(AND(c_many_archer, c_few_watch_tower), a_res_loom), MANY_RULES(DEFRULE(c_few_skirm, a_res_loom), MANY_RULES(DEFRULE(AND(c_few_skirm, c_can_res_gold_2), a_dynamic_civ_scout_cap(168)), MANY_RULES(DEFRULE(c_can_res_axe_2, a_retreat_castle), TWO_RULES(t_empty_rule, t_empty_rule))))))))))))"
159,73,1636,"MANY_RULES(DEFRULE(c_few_skirm, a_dynamic_group_size(i_val(12))), MANY_RULES(DEFRULE(c_few_skirm, a_build_house), MANY_RULES(DEFRULE(c_enemy_has_many_pike, a_build_house), MANY_RULES(DEFRULE(AND(AND(c_can_build_town_center, c_few_siege_workshop), c_enemy_has_many_pike), a_res_loom), MANY_RULES(DEFRULE(c_few_skirm, a_build_barracks), MANY_RULES(DEFRULE(c_few_barracks, a_dynamic_civ_scout_cap(168)), MANY_RULES(DEFRULE(c_some_ram, a_dynamic_civ_scout_cap(20)), MANY_RULES(DEFRULE(c_few_skirm, a_res_loom), MANY_RULES(DEFRULE(c_few_skirm, a_train_vill), MANY_RULES(DEFRULE(c_few_skirm, a_res_loom), MANY_RULES(DEFRULE(c_few_skirm, a_res_loom), MANY_RULES(DEFRULE(c_few_skirm, a_dynamic_civ_scout_cap(12)), MANY_RULES(DEFRULE(AND(c_many_archer, c_few_watch_tower), a_res_loom), MANY_RULES(DEFRULE(c_few_skirm, a_res_loom), MANY_RULES(DEFRULE(AND(c_few_skirm, c_can_res_gold_2), a_dynamic_civ_scout_cap(168)), MANY_RULES(DEFRULE(c_few_barracks, a_res_loom), MANY_RULES(DEFRULE(AND(c_few_skirm, c_enemy_has_many_pike), a_dynamic_civ_scout_cap(98)), MANY_RULES(DEFRULE(c_few_barracks, a_res_loom), MANY_RULES(DEFRULE(c_few_skirm, a_build_barracks), MANY_RULES(DEFRULE(AND(c_can_res_stone_2, c_few_skirm), a_build_house), TWO_RULES(DEFRULE(c_few_barracks, a_build_lumber_camp), DEFRULE(c_has_monk, a_train_vill))))))))))))))))))))))"
159,34,1625,"MANY_RULES(DEFRULE(AND(c_no_lumber_camp, c_can_res_chain_mail), a_dynamic_group_size(i_val(62))), MANY_RULES(DEFRULE(c_few_skirm, a_build_house), MANY_RULES(DEFRULE(c_enemy_has_many_pike, a_res_loom), MANY_RULES(DEFRULE(AND(AND(c_can_build_town_center, c_few_siege_workshop), c_enemy_has_many_pike), a_res_loom), MANY_RULES(DEFRULE(c_few_skirm, a_build_barracks), MANY_RULES(DEFRULE(c_few_barracks, a_dynamic_civ_scout_cap(168)), MANY_RULES(DEFRULE(c_some_ram, a_dynamic_civ_scout_cap(20)), MANY_RULES(DEFRULE(c_few_skirm, a_res_loom), MANY_RULES(DEFRULE(c_few_skirm, a_train_vill), MANY_RULES(DEFRULE(c_few_skirm, a_res_loom), MANY_RULES(DEFRULE(c_few_skirm, a_res_loom), MANY_RULES(DEFRULE(c_few_skirm, a_forward_castle), MANY_RULES(DEFRULE(AND(c_many_archer, c_few_watch_tower), a_res_loom), MANY_RULES(DEFRULE(c_few_skirm, a_res_loom), MANY_RULES(DEFRULE(AND(c_few_skirm, c_can_res_gold_2), a_dynamic_civ_scout_cap(168)), MANY_RULES(DEFRULE(c_few_mill, a_build_house), MANY_RULES(DEFRULE(c_enemy_has_many_pike, a_dynamic_camp_dist(20)), MANY_RULES(DEFRULE(AND(c_few_skirm, c_enemy_has_many_pike), a_res_loom), MANY_RULES(DEFRULE(c_few_barracks, a_res_loom), MANY_RULES(DEFRULE(AND(c_some_ram, c_can_res_farm_3), a_res_loom), MANY_RULES(DEFRULE(c_no_house, a_dynamic_civ_scout_cap(168)), MANY_RULES(DEFRULE(c_few_barracks, a_train_vill), MANY_RULES(DEFRULE(c_no_house, a_dynamic_atk_percent(20)), MANY_RULES(DEFRULE(c_few_skirm, a_build_barracks), MANY_RULES(DEFRULE(c_few_barracks, a_res_loom), MANY_RULES(DEFRULE(c_few_skirm, a_build_lumber_camp), MANY_RULES(DEFRULE(c_few_skirm, a_train_vill), MANY_RULES(DEFRULE(AND(c_some_ram, c_few_skirm), a_res_loom), MANY_RULES(DEFRULE(c_few_barracks, a_res_loom), MANY_RULES(DEFRULE(c_few_skirm, a_res_farm_2), MANY_RULES(DEFRULE(c_few_barracks, a_forward_castle), MANY_RULES(DEFRULE(c_many_ram, a_dynamic_civ_scout_cap(20)), MANY_RULES(DEFRULE(c_some_ram, a_build_house), MANY_RULES(DEFRULE(AND(AND(c_no_mining_camp, c_far_gold), AND(c_few_treb, c_far_gold)), a_res_loom), MANY_RULES(DEFRULE(c_few_skirm, a_train_vill), MANY_RULES(DEFRULE(c_few_skirm, a_res_farm_2), MANY_RULES(DEFRULE(c_is_feudal_age, a_train_monk), MANY_RULES(t_empty_rule, t_empty_list))))))))))))))))))))))))))))))))))))))"
159,62,1617,"MANY_RULES(DEFRULE(AND(c_no_lumber_camp, c_can_res_chain_mail), a_dynamic_group_size(20)), MANY_RULES(DEFRULE(c_few_skirm, a_build_house), MANY_RULES(DEFRULE(c_enemy_has_many_pike, a_dynamic_camp_dist(20)), MANY_RULES(DEFRULE(c_few_barracks, a_res_loom), MANY_RULES(DEFRULE(c_no_house, a_dynamic_civ_scout_cap(168)), MANY_RULES(DEFRULE(c_few_barracks, a_res_loom), MANY_RULES(DEFRULE(c_no_house, a_dynamic_atk_percent(i_val(168))), MANY_RULES(DEFRULE(c_few_skirm, a_build_barracks), MANY_RULES(DEFRULE(c_few_barracks, a_res_loom), MANY_RULES(DEFRULE(c_few_skirm, a_build_lumber_camp), MANY_RULES(DEFRULE(c_few_skirm, a_train_vill), MANY_RULES(DEFRULE(AND(c_few_watch_tower, c_few_skirm), a_res_loom), MANY_RULES(DEFRULE(c_few_barracks, a_res_loom), MANY_RULES(DEFRULE(c_few_skirm, a_res_farm_2), MANY_RULES(DEFRULE(c_few_skirm, a_build_barracks), MANY_RULES(DEFRULE(c_few_barracks, a_res_loom), MANY_RULES(DEFRULE(c_few_barracks, a_forward_castle), MANY_RULES(DEFRULE(c_few_archery_range, a_res_loom), MANY_RULES(DEFRULE(c_few_skirm, a_dynamic_civ_scout_cap(12)), MANY_RULES(DEFRULE(AND(c_some_ram, c_few_skirm), a_res_loom), MANY_RULES(DEFRULE(c_few_watch_tower, a_train_vill), MANY_RULES(DEFRULE(AND(c_few_skirm, c_enemy_has_many_pike), a_res_farm_2), MANY_RULES(DEFRULE(c_few_barracks, a_forward_castle), MANY_RULES(DEFRULE(c_many_ram, a_dynamic_civ_scout_cap(20)), MANY_RULES(DEFRULE(c_some_infantry, a_build_house), MANY_RULES(DEFRULE(c_few_skirm, a_train_vill), MANY_RULES(DEFRULE(c_few_skirm, a_res_farm_2), MANY_RULES(DEFRULE(AND(c_few_skirm, c_enemy_has_many_pike), a_res_loom), MANY_RULES(DEFRULE(c_few_barracks, a_res_loom), MANY_RULES(DEFRULE(c_few_barracks, a_res_loom), MANY_RULES(DEFRULE(c_no_house, a_dynamic_civ_scout_cap(168)), MANY_RULES(DEFRULE(c_few_barracks, a_res_loom), MANY_RULES(DEFRULE(c_no_house, a_dynamic_atk_percent(i_val(168))), MANY_RULES(DEFRULE(c_few_skirm, a_build_barracks), MANY_RULES(DEFRULE(c_few_barracks, a_res_loom), MANY_RULES(DEFRULE(c_few_skirm, a_build_lumber_camp), MANY_RULES(DEFRULE(c_few_skirm, a_res_loom), MANY_RULES(DEFRULE(AND(c_some_ram, c_few_skirm), a_res_loom), MANY_RULES(DEFRULE(c_few_barracks, a_res_loom), MANY_RULES(DEFRULE(c_few_skirm, a_res_farm_2), MANY_RULES(DEFRULE(c_few_skirm, a_build_barracks), MANY_RULES(DEFRULE(c_few_barracks, a_res_loom), MANY_RULES(DEFRULE(c_some_ram, a_build_house), MANY_RULES(DEFRULE(AND(c_some_ram, c_few_skirm), a_res_loom), MANY_RULES(DEFRULE(c_few_barracks, a_res_loom), MANY_RULES(DEFRULE(c_few_skirm, a_dynamic_civ_scout_cap(168)), MANY_RULES(DEFRULE(AND(c_some_ram, c_many_ram), a_res_loom), MANY_RULES(DEFRULE(c_no_house, a_dynamic_atk_percent(i_val(3))), MANY_RULES(DEFRULE(AND(c_few_skirm, c_enemy_has_many_pike), a_res_farm_2), MANY_RULES(DEFRULE(c_few_barracks, a_forward_castle), MANY_RULES(DEFRULE(c_many_ram, a_dynamic_civ_scout_cap(20)), MANY_RULES(DEFRULE(c_some_infantry, a_build_house), MANY_RULES(DEFRULE(c_far_gold, a_train_vill), MANY_RULES(DEFRULE(AND(c_many_archer, AND(c_no_blacksmith, c_no_monastery)), a_res_loom), MANY_RULES(DEFRULE(c_few_skirm, a_res_farm_2), MANY_RULES(DEFRULE(c_few_barracks, a_res_loom), MANY_RULES(DEFRULE(c_few_skirm, a_dynamic_civ_scout_cap(i_val(62))), MANY_RULES(DEFRULE(c_no_house, a_dynamic_atk_percent(i_val(i_val(62)))), MANY_RULES(DEFRULE(c_few_skirm, a_build_barracks), MANY_RULES(DEFRULE(c_few_barracks, a_res_loom), MANY_RULES(DEFRULE(c_some_ram, a_build_house), MANY_RULES(DEFRULE(AND(c_some_ram, c_few_skirm), a_res_loom), TWO_RULES(DEFRULE(c_few_barracks, a_town_size_20), DEFRULE(c_low_wood, a_train_vill))))))))))))))))))))))))))))))))))))))))))))))))))))))))))))))))"
159,74,1610,"MANY_RULES(DEFRULE(AND(c_no_lumber_camp, c_can_res_chain_mail), a_dynamic_group_size(168)), MANY_RULES(t_empty_rule, MANY_RULES(DEFRULE(c_far_gold, a_train_vill), MANY_RULES(DEFRULE(AND(c_no_lumber_camp, c_can_res_chain_mail), a_train_vill), MANY_RULES(DEFRULE(AND(c_few_skirm, c_enemy_has_many_pike), a_dynamic_civ_scout_cap(12)), MANY_RULES(DEFRULE(c_few_skirm, a_res_loom), MANY_RULES(DEFRULE(c_few_skirm, a_train_vill), MANY_RULES(DEFRULE(c_few_skirm, a_res_loom), MANY_RULES(DEFRULE(c_few_skirm, a_train_mangonel), MANY_RULES(DEFRULE(c_no_house, a_forward_castle), MANY_RULES(DEFRULE(c_no_house, a_dynamic_atk_percent(i_val(3))), MANY_RULES(DEFRULE(AND(AND(c_no_dock, c_few_treb), c_few_barracks), a_build_house), MANY_RULES(DEFRULE(c_few_skirm, a_train_vill), MANY_RULES(DEFRULE(c_few_skirm, a_train_vill), MANY_RULES(DEFRULE(c_few_skirm, a_res_farm_2), MANY_RULES(DEFRULE(c_few_barracks, a_res_loom), TWO_RULES(DEFRULE(c_few_barracks, a_build_lumber_camp), DEFRULE(c_low_wood, a_train_vill))))))))))))))))))"
159,58,1605,"MANY_RULES(DEFRULE(c_can_res_chain_mail, a_dynamic_group_size(20)), MANY_RULES(DEFRULE(c_few_skirm, a_build_house), MANY_RULES(DEFRULE(c_enemy_has_many_pike, a_dynamic_camp_dist(20)), MANY_RULES(DEFRULE(AND(c_few_skirm, c_enemy_has_many_pike), a_res_loom), MANY_RULES(DEFRULE(c_few_barracks, a_res_loom), MANY_RULES(DEFRULE(c_few_barracks, a_res_loom), MANY_RULES(DEFRULE(c_no_house, a_dynamic_civ_scout_cap(168)), MANY_RULES(DEFRULE(c_few_barracks, a_res_loom), MANY_RULES(DEFRULE(c_no_house, a_dynamic_atk_percent(i_val(12))), MANY_RULES(DEFRULE(c_few_skirm, a_build_barracks), MANY_RULES(DEFRULE(c_few_barracks, a_res_loom), MANY_RULES(DEFRULE(c_few_skirm, a_build_lumber_camp), MANY_RULES(DEFRULE(c_few_skirm, a_train_vill), MANY_RULES(DEFRULE(AND(c_some_ram, c_few_skirm), a_res_loom), MANY_RULES(DEFRULE(c_few_barracks, a_res_loom), MANY_RULES(DEFRULE(c_few_skirm, a_res_farm_2), MANY_RULES(t_empty_rule, MANY_RULES(DEFRULE(c_no_house, a_dynamic_civ_scout_cap(168)), MANY_RULES(DEFRULE(c_few_barracks, a_res_loom), MANY_RULES(DEFRULE(c_no_house, a_dynamic_atk_percent(i_val(168))), MANY_RULES(DEFRULE(c_few_skirm, a_build_barracks), MANY_RULES(DEFRULE(c_few_barracks, a_res_loom), MANY_RULES(DEFRULE(c_few_skirm, a_build_lumber_camp), MANY_RULES(DEFRULE(c_few_skirm, a_train_vill), MANY_RULES(DEFRULE(AND(c_some_ram, c_few_skirm), a_res_loom), MANY_RULES(DEFRULE(c_few_barracks, a_res_loom), MANY_RULES(DEFRULE(c_few_skirm, a_res_farm_2), MANY_RULES(DEFRULE(c_few_barracks, a_forward_castle), MANY_RULES(DEFRULE(c_many_ram, a_dynamic_civ_scout_cap(20)), MANY_RULES(DEFRULE(c_some_ram, a_build_house), MANY_RULES(DEFRULE(c_no_house, a_dynamic_civ_scout_cap(168)), MANY_RULES(DEFRULE(c_few_barracks, a_res_loom), MANY_RULES(DEFRULE(c_no_house, a_dynamic_civ_scout_pct(i_val(25))), MANY_RULES(DEFRULE(c_few_skirm, a_train_vill), MANY_RULES(DEFRULE(c_few_skirm, a_build_barracks), MANY_RULES(DEFRULE(c_few_skirm, a_dynamic_civ_scout_cap(12)), MANY_RULES(DEFRULE(AND(c_many_archer, c_few_watch_tower), a_res_loom), MANY_RULES(DEFRULE(c_few_skirm, a_res_loom), MANY_RULES(DEFRULE(c_no_house, a_dynamic_civ_scout_cap(168)), MANY_RULES(DEFRULE(c_few_barracks, a_train_vill), MANY_RULES(DEFRULE(c_many_ram, a_dynamic_atk_percent(20)), MANY_RULES(DEFRULE(c_some_ram, a_build_house), MANY_RULES(DEFRULE(AND(c_mil_pop_10, c_far_gold), a_dynamic_civ_scout_cap(62)), MANY_RULES(DEFRULE(c_no_house, a_forward_castle), MANY_RULES(DEFRULE(c_few_barracks, a_res_loom), MANY_RULES(DEFRULE(c_few_barracks, a_dynamic_atk_percent(i_val(168))), MANY_RULES(DEFRULE(c_few_skirm, a_build_barracks), MANY_RULES(DEFRULE(c_few_barracks, a_res_loom), MANY_RULES(DEFRULE(c_few_skirm, a_build_lumber_camp), MANY_RULES(DEFRULE(c_few_skirm, a_train_vill), MANY_RULES(DEFRULE(AND(c_some_ram, c_few_skirm), a_res_loom), MANY_RULES(DEFRULE(c_few_barracks, a_res_loom), MANY_RULES(DEFRULE(c_few_skirm, a_res_farm_2), MANY_RULES(DEFRULE(AND(c_no_lumber_camp, c_can_res_chain_mail), a_build_barracks), MANY_RULES(DEFRULE(c_few_barracks, a_res_loom), MANY_RULES(DEFRULE(c_some_ram, a_build_house), MANY_RULES(DEFRULE(AND(c_some_ram, c_few_skirm), a_res_loom), TWO_RULES(DEFRULE(c_few_barracks, a_build_lumber_camp), DEFRULE(c_low_wood, a_train_vill)))))))))))))))))))))))))))))))))))))))))))))))))))))))))))"
159,23,1604,"MANY_RULES(DEFRULE(AND(c_no_lumber_camp, c_can_res_chain_mail), a_dynamic_group_size(20)), MANY_RULES(DEFRULE(c_few_mill, a_build_house), MANY_RULES(DEFRULE(c_enemy_has_many_pike, a_dynamic_camp_dist(20)), MANY_RULES(DEFRULE(AND(c_few_skirm, c_enemy_has_many_pike), a_res_loom), MANY_RULES(DEFRULE(c_few_barracks, a_res_loom), MANY_RULES(DEFRULE(c_no_stable, a_res_farm_2), MANY_RULES(DEFRULE(c_no_house, a_dynamic_civ_scout_cap(168)), MANY_RULES(DEFRULE(c_few_treb, a_res_loom), MANY_RULES(DEFRULE(c_no_house, a_dynamic_atk_percent(i_val(62))), MANY_RULES(DEFRULE(c_few_skirm, a_build_barracks), MANY_RULES(DEFRULE(c_few_barracks, a_res_loom), MANY_RULES(DEFRULE(c_few_skirm, a_build_lumber_camp), MANY_RULES(DEFRULE(c_few_skirm, a_train_vill), MANY_RULES(DEFRULE(AND(c_some_ram, c_few_skirm), a_res_loom), MANY_RULES(DEFRULE(c_few_barracks, a_res_loom), MANY_RULES(DEFRULE(c_few_skirm, a_res_farm_2), MANY_RULES(DEFRULE(c_few_barracks, a_forward_castle), MANY_RULES(DEFRULE(c_many_ram, a_dynamic_civ_scout_cap(20)), MANY_RULES(DEFRULE(c_some_ram, a_build_house), MANY_RULES(DEFRULE(c_far_gold, a_train_vill), MANY_RULES(DEFRULE(c_few_skirm, a_train_vill), MANY_RULES(DEFRULE(c_few_skirm, a_res_farm_2), MANY_RULES(DEFRULE(AND(c_many_archer, AND(c_no_blacksmith, c_no_monastery)), a_res_loom), MANY_RULES(DEFRULE(c_few_skirm, a_dynamic_civ_scout_cap(168)), MANY_RULES(DEFRULE(c_few_skirm, a_res_farm_2), MANY_RULES(DEFRULE(c_no_house, a_dynamic_atk_percent(i_val(20))), MANY_RULES(DEFRULE(c_few_skirm, a_build_barracks), MANY_RULES(DEFRULE(c_few_barracks, a_res_loom), MANY_RULES(DEFRULE(c_few_skirm, a_res_farm_2), MANY_RULES(DEFRULE(c_few_barracks, a_res_loom), MANY_RULES(DEFRULE(AND(c_few_skirm, c_few_skirm), a_res_loom), TWO_RULES(DEFRULE(c_few_barracks, a_res_loom), DEFRULE(c_low_wood, a_retreat_castle)))))))))))))))))))))))))))))))))"
159,66,1595,"MANY_RULES(DEFRULE(AND(c_no_lumber_camp, c_can_res_chain_mail), a_dynamic_group_size(168)), MANY_RULES(t_empty_rule, MANY_RULES(DEFRULE(c_far_gold, a_train_vill), MANY_RULES(DEFRULE(c_few_skirm, a_res_loom), MANY_RULES(DEFRULE(AND(c_few_skirm, c_enemy_has_many_pike), a_dynamic_civ_scout_cap(12)), MANY_RULES(DEFRULE(c_few_skirm, a_res_loom), MANY_RULES(DEFRULE(c_few_skirm, a_train_vill), MANY_RULES(DEFRULE(c_few_skirm, a_res_loom), MANY_RULES(DEFRULE(c_few_skirm, a_res_farm_2), MANY_RULES(DEFRULE(c_few_barracks, a_forward_castle), MANY_RULES(DEFRULE(c_few_skirm, a_dynamic_civ_scout_cap(20)), MANY_RULES(DEFRULE(c_some_ram, a_build_house), MANY_RULES(DEFRULE(c_far_gold, a_train_vill), MANY_RULES(DEFRULE(c_few_skirm, a_train_vill), MANY_RULES(DEFRULE(c_few_skirm, a_res_farm_2), MANY_RULES(DEFRULE(c_few_archery_range, a_res_loom), MANY_RULES(DEFRULE(c_few_skirm, a_dynamic_civ_scout_cap(12)), MANY_RULES(DEFRULE(AND(c_some_ram, c_few_skirm), a_res_loom), MANY_RULES(DEFRULE(c_few_watch_tower, a_train_vill), MANY_RULES(DEFRULE(AND(c_few_skirm, c_enemy_has_many_pike), a_res_farm_2), MANY_RULES(DEFRULE(c_few_barracks, a_forward_castle), MANY_RULES(DEFRULE(c_many_ram, a_dynamic_civ_scout_cap(20)), MANY_RULES(DEFRULE(c_some_infantry, a_build_house), MANY_RULES(DEFRULE(c_few_skirm, a_build_house), MANY_RULES(DEFRULE(c_few_skirm, a_train_vill), MANY_RULES(DEFRULE(c_few_skirm, a_res_farm_2), MANY_RULES(DEFRULE(c_few_barracks, a_res_loom), MANY_RULES(DEFRULE(AND(c_few_skirm, c_enemy_has_many_pike), a_res_loom), TWO_RULES(t_empty_rule, t_empty_rule)))))))))))))))))))))))))))))"
159,60,1585,"MANY_RULES(DEFRULE(AND(c_no_lumber_camp, c_can_res_chain_mail), a_dynamic_group_size(168)), MANY_RULES(t_empty_rule, MANY_RULES(DEFRULE(c_far_gold, a_train_vill), MANY_RULES(DEFRULE(c_few_skirm, a_res_loom), MANY_RULES(DEFRULE(AND(c_few_skirm, c_enemy_has_many_pike), a_dynamic_civ_scout_cap(12)), MANY_RULES(DEFRULE(c_few_skirm, a_res_loom), MANY_RULES(DEFRULE(c_few_skirm, a_train_vill), MANY_RULES(DEFRULE(c_few_skirm, a_res_loom), MANY_RULES(DEFRULE(c_few_skirm, a_res_farm_2), MANY_RULES(DEFRULE(c_few_barracks, a_forward_castle), MANY_RULES(DEFRULE(c_few_skirm, a_dynamic_civ_scout_cap(20)), MANY_RULES(DEFRULE(c_some_ram, a_build_house), MANY_RULES(DEFRULE(c_far_gold, a_train_vill), MANY_RULES(DEFRULE(c_few_skirm, a_train_vill), MANY_RULES(DEFRULE(c_few_skirm, a_res_farm_2), MANY_RULES(DEFRULE(c_few_archery_range, a_res_loom), MANY_RULES(DEFRULE(c_few_skirm, a_dynamic_civ_scout_cap(12)), MANY_RULES(DEFRULE(AND(c_some_ram, c_few_skirm), a_res_loom), MANY_RULES(DEFRULE(c_few_watch_tower, a_train_vill), MANY_RULES(DEFRULE(AND(c_few_skirm, c_enemy_has_many_pike), a_res_farm_2), MANY_RULES(DEFRULE(c_few_barracks, a_forward_castle), MANY_RULES(DEFRULE(c_many_ram, a_dynamic_civ_scout_cap(20)), MANY_RULES(DEFRULE(c_some_infantry, a_build_house), MANY_RULES(DEFRULE(c_few_skirm, a_build_house), MANY_RULES(DEFRULE(c_few_skirm, a_train_vill), MANY_RULES(DEFRULE(c_few_skirm, a_res_farm_2), MANY_RULES(DEFRULE(c_few_barracks, a_res_loom), MANY_RULES(DEFRULE(AND(c_few_skirm, c_enemy_has_many_pike), a_res_loom), MANY_RULES(DEFRULE(c_few_barracks, a_res_loom), MANY_RULES(DEFRULE(c_few_barracks, a_res_loom), MANY_RULES(DEFRULE(c_no_house, a_dynamic_civ_scout_cap(168)), MANY_RULES(DEFRULE(c_few_barracks, a_res_loom), MANY_RULES(DEFRULE(c_no_house, a_dynamic_atk_percent(i_val(168))), MANY_RULES(DEFRULE(c_few_skirm, a_build_barracks), MANY_RULES(DEFRULE(c_few_barracks, a_res_loom), MANY_RULES(DEFRULE(c_few_skirm, a_build_lumber_camp), MANY_RULES(DEFRULE(c_few_skirm, a_train_vill), MANY_RULES(DEFRULE(AND(c_some_ram, c_few_skirm), a_res_loom), MANY_RULES(DEFRULE(c_few_barracks, a_res_loom), MANY_RULES(DEFRULE(c_few_skirm, a_res_farm_2), MANY_RULES(DEFRULE(c_few_skirm, a_build_barracks), MANY_RULES(DEFRULE(c_few_barracks, a_res_bracer), MANY_RULES(DEFRULE(c_some_ram, a_build_house), MANY_RULES(DEFRULE(AND(c_some_ram, c_few_skirm), a_res_loom), TWO_RULES(DEFRULE(c_few_barracks, a_build_lumber_camp), DEFRULE(c_low_wood, a_train_vill))))))))))))))))))))))))))))))))))))))))))))))"
159,75,1580,"MANY_RULES(DEFRULE(AND(c_no_lumber_camp, c_can_res_chain_mail), a_dynamic_group_size(20)), MANY_RULES(DEFRULE(c_few_skirm, a_build_house), MANY_RULES(DEFRULE(c_enemy_has_many_pike, a_dynamic_camp_dist(20)), MANY_RULES(DEFRULE(c_few_barracks, a_res_loom), MANY_RULES(DEFRULE(c_no_house, a_dynamic_civ_scout_cap(168)), MANY_RULES(DEFRULE(c_few_barracks, a_res_loom), MANY_RULES(DEFRULE(c_no_house, a_dynamic_atk_percent(i_val(168))), MANY_RULES(DEFRULE(c_few_skirm, a_build_barracks), MANY_RULES(DEFRULE(c_few_barracks, a_res_loom), MANY_RULES(DEFRULE(c_few_skirm, a_build_lumber_camp), MANY_RULES(DEFRULE(c_few_skirm, a_train_vill), MANY_RULES(DEFRULE(AND(c_few_watch_tower, c_few_skirm), a_res_loom), MANY_RULES(DEFRULE(c_few_barracks, a_res_loom), MANY_RULES(DEFRULE(c_few_skirm, a_res_farm_2), MANY_RULES(DEFRULE(c_few_skirm, a_build_barracks), MANY_RULES(DEFRULE(c_few_barracks, a_res_loom), MANY_RULES(DEFRULE(c_few_barracks, a_forward_castle), MANY_RULES(DEFRULE(c_few_archery_range, a_res_loom), MANY_RULES(DEFRULE(c_few_skirm, a_dynamic_civ_scout_cap(12)), MANY_RULES(DEFRULE(AND(c_some_ram, c_few_skirm), a_res_loom), MANY_RULES(DEFRULE(c_few_watch_tower, a_train_vill), MANY_RULES(DEFRULE(AND(c_few_skirm, c_enemy_has_many_pike), a_res_farm_2), MANY_RULES(DEFRULE(c_few_barracks, a_forward_castle), MANY_RULES(DEFRULE(c_few_skirm, a_dynamic_civ_scout_cap(20)), MANY_RULES(DEFRULE(c_some_infantry, a_build_house), MANY_RULES(DEFRULE(c_few_skirm, a_train_vill), MANY_RULES(DEFRULE(c_few_skirm, a_res_farm_2), MANY_RULES(DEFRULE(c_few_barracks, a_res_loom), MANY_RULES(DEFRULE(AND(c_few_skirm, c_enemy_has_many_pike), a_res_loom), MANY_RULES(DEFRULE(c_few_barracks, a_res_loom), MANY_RULES(DEFRULE(c_few_barracks, a_res_loom), MANY_RULES(DEFRULE(c_no_house, a_dynamic_civ_scout_cap(168)), MANY_RULES(DEFRULE(c_few_barracks, a_res_loom), MANY_RULES(DEFRULE(c_no_house, a_dynamic_atk_percent(i_val(168))), MANY_RULES(DEFRULE(c_few_skirm, a_build_barracks), MANY_RULES(DEFRULE(c_few_barracks, a_res_loom), MANY_RULES(DEFRULE(c_few_skirm, a_build_lumber_camp), MANY_RULES(DEFRULE(c_few_skirm, a_res_loom), MANY_RULES(DEFRULE(AND(c_some_ram, c_few_skirm), a_res_loom), MANY_RULES(DEFRULE(c_few_barracks, a_res_loom), MANY_RULES(DEFRULE(c_few_skirm, a_res_farm_2), MANY_RULES(DEFRULE(c_few_skirm, a_build_barracks), MANY_RULES(DEFRULE(c_has_stone, a_res_loom), MANY_RULES(DEFRULE(c_some_ram, a_build_house), MANY_RULES(DEFRULE(AND(c_some_ram, c_few_skirm), a_res_loom), TWO_RULES(DEFRULE(c_few_barracks, a_build_lumber_camp), DEFRULE(c_low_wood, a_train_vill)))))))))))))))))))))))))))))))))))))))))))))))"
159,35,1519,"MANY_RULES(DEFRULE(AND(c_no_lumber_camp, c_can_res_chain_mail), a_dynamic_group_size(20)), MANY_RULES(DEFRULE(c_few_mill, a_build_house), MANY_RULES(DEFRULE(c_enemy_has_many_pike, a_dynamic_camp_dist(20)), MANY_RULES(DEFRULE(AND(c_few_skirm, c_enemy_has_many_pike), a_res_loom), MANY_RULES(DEFRULE(c_few_barracks, a_res_loom), MANY_RULES(DEFRULE(c_no_stable, a_res_farm_2), MANY_RULES(DEFRULE(c_no_house, a_dynamic_civ_scout_cap(168)), MANY_RULES(DEFRULE(c_few_treb, a_res_loom), MANY_RULES(DEFRULE(c_no_house, a_dynamic_atk_percent(i_val(62))), MANY_RULES(DEFRULE(c_few_skirm, a_build_barracks), MANY_RULES(DEFRULE(c_few_barracks, a_res_loom), MANY_RULES(DEFRULE(c_few_skirm, a_build_lumber_camp), MANY_RULES(DEFRULE(c_few_skirm, a_train_vill), MANY_RULES(DEFRULE(AND(c_some_ram, c_few_skirm), a_train_vill), MANY_RULES(DEFRULE(c_few_barracks, a_res_loom), MANY_RULES(DEFRULE(c_few_skirm, a_res_farm_2), MANY_RULES(DEFRULE(c_few_barracks, a_forward_castle), MANY_RULES(DEFRULE(c_many_ram, a_dynamic_civ_scout_cap(20)), MANY_RULES(DEFRULE(c_some_ram, a_build_house), MANY_RULES(DEFRULE(AND(AND(c_no_mining_camp, c_far_gold), AND(c_few_treb, c_far_gold)), a_train_vill), MANY_RULES(DEFRULE(c_few_skirm, a_train_vill), MANY_RULES(DEFRULE(c_few_skirm, a_res_farm_2), MANY_RULES(DEFRULE(AND(c_many_archer, AND(c_no_blacksmith, c_no_monastery)), a_res_loom), MANY_RULES(DEFRULE(c_few_skirm, a_dynamic_civ_scout_cap(168)), MANY_RULES(DEFRULE(c_few_skirm, a_res_farm_2), MANY_RULES(DEFRULE(c_no_house, a_dynamic_atk_percent(i_val(20))), MANY_RULES(DEFRULE(c_few_skirm, a_build_barracks), MANY_RULES(DEFRULE(c_few_barracks, a_res_loom), MANY_RULES(DEFRULE(c_few_skirm, a_res_farm_2), MANY_RULES(DEFRULE(c_few_barracks, a_res_loom), MANY_RULES(DEFRULE(AND(c_few_skirm, c_few_skirm), a_res_loom), TWO_RULES(DEFRULE(c_few_barracks, a_res_loom), DEFRULE(c_low_wood, a_retreat_castle)))))))))))))))))))))))))))))))))"
159,70,1475,"MANY_RULES(DEFRULE(AND(c_no_lumber_camp, c_can_res_chain_mail), a_dynamic_group_size(20)), MANY_RULES(DEFRULE(c_few_mill, a_build_house), MANY_RULES(DEFRULE(c_enemy_has_many_pike, a_dynamic_camp_dist(20)), MANY_RULES(DEFRULE(AND(c_few_skirm, c_enemy_has_many_pike), a_res_loom), MANY_RULES(DEFRULE(c_few_barracks, a_res_loom), MANY_RULES(DEFRULE(AND(c_some_ram, c_can_res_farm_3), a_res_loom), MANY_RULES(DEFRULE(c_no_house, a_dynamic_camp_dist(168)), MANY_RULES(DEFRULE(c_few_barracks, a_res_loom), MANY_RULES(DEFRULE(c_no_house, a_dynamic_atk_percent(i_val(62))), MANY_RULES(DEFRULE(c_few_skirm, a_build_barracks), MANY_RULES(DEFRULE(c_few_barracks, a_res_loom), MANY_RULES(DEFRULE(c_few_skirm, a_build_lumber_camp), MANY_RULES(DEFRULE(c_few_skirm, a_train_vill), MANY_RULES(DEFRULE(AND(AND(c_few_mill, c_few_watch_tower), AND(c_many_infantry, c_some_knight)), a_res_loom), MANY_RULES(DEFRULE(c_few_barracks, a_res_loom), MANY_RULES(DEFRULE(c_few_skirm, a_res_farm_2), MANY_RULES(DEFRULE(c_few_skirm, a_res_farm_2), MANY_RULES(DEFRULE(c_many_ram, a_dynamic_civ_scout_cap(20)), MANY_RULES(DEFRULE(c_some_ram, a_dynamic_civ_scout_pct(i_val(189))), MANY_RULES(DEFRULE(AND(AND(c_no_mining_camp, c_far_gold), AND(c_few_treb, c_far_gold)), a_train_vill), MANY_RULES(DEFRULE(c_can_build_blacksmith, a_train_vill), MANY_RULES(DEFRULE(c_few_skirm, a_res_farm_2), MANY_RULES(DEFRULE(c_is_feudal_age, a_train_monk), MANY_RULES(t_empty_rule, t_empty_list))))))))))))))))))))))))"
159,77,1437,"MANY_RULES(DEFRULE(AND(c_no_lumber_camp, c_can_res_chain_mail), a_dynamic_group_size(20)), MANY_RULES(DEFRULE(c_few_mill, a_build_house), MANY_RULES(DEFRULE(c_enemy_has_many_pike, a_dynamic_camp_dist(20)), MANY_RULES(DEFRULE(AND(c_few_skirm, c_enemy_has_many_pike), a_res_loom), MANY_RULES(DEFRULE(c_few_barracks, a_res_loom), MANY_RULES(DEFRULE(AND(c_some_ram, c_can_res_farm_3), a_res_loom), MANY_RULES(DEFRULE(c_no_house, a_dynamic_camp_dist(168)), MANY_RULES(DEFRULE(c_few_barracks, a_res_loom), MANY_RULES(DEFRULE(c_no_house, a_dynamic_atk_percent(i_val(62))), MANY_RULES(DEFRULE(c_few_skirm, a_build_barracks), MANY_RULES(DEFRULE(c_few_barracks, a_res_loom), MANY_RULES(DEFRULE(c_few_skirm, a_build_lumber_camp), MANY_RULES(DEFRULE(c_few_skirm, a_train_vill), MANY_RULES(DEFRULE(AND(AND(c_few_mill, c_few_watch_tower), AND(c_many_infantry, c_some_knight)), a_res_loom), MANY_RULES(DEFRULE(c_few_barracks, a_res_loom), MANY_RULES(DEFRULE(AND(c_many_skirm, c_enemy_has_many_pike), DO_BOTH(a_build_lumber_camp, a_build_university)), MANY_RULES(DEFRULE(c_few_skirm, a_res_farm_2), MANY_RULES(DEFRULE(c_many_ram, a_dynamic_civ_scout_cap(20)), MANY_RULES(DEFRULE(c_some_ram, a_dynamic_civ_scout_pct(i_val(189))), MANY_RULES(DEFRULE(AND(AND(c_no_mining_camp, c_far_gold), AND(c_few_treb, c_far_gold)), a_train_vill), MANY_RULES(DEFRULE(c_few_skirm, a_train_vill), MANY_RULES(DEFRULE(c_few_skirm, a_res_farm_2), MANY_RULES(DEFRULE(c_is_feudal_age, a_train_monk), MANY_RULES(t_empty_rule, t_empty_list))))))))))))))))))))))))"
159,21,1343,"MANY_RULES(DEFRULE(AND(c_no_lumber_camp, c_can_res_chain_mail), a_dynamic_group_size(20)), MANY_RULES(DEFRULE(c_few_skirm, a_build_house), MANY_RULES(DEFRULE(c_enemy_has_many_pike, a_dynamic_camp_dist(20)), MANY_RULES(DEFRULE(c_few_barracks, a_res_loom), MANY_RULES(DEFRULE(c_no_house, a_dynamic_civ_scout_cap(168)), MANY_RULES(DEFRULE(c_few_barracks, a_res_loom), MANY_RULES(DEFRULE(c_no_house, a_dynamic_atk_percent(i_val(168))), MANY_RULES(DEFRULE(c_few_skirm, a_build_barracks), MANY_RULES(DEFRULE(c_few_barracks, a_res_loom), MANY_RULES(DEFRULE(c_few_skirm, a_build_lumber_camp), MANY_RULES(DEFRULE(c_few_skirm, a_train_vill), MANY_RULES(DEFRULE(AND(c_few_watch_tower, c_few_skirm), a_res_loom), MANY_RULES(DEFRULE(c_few_barracks, a_res_loom), MANY_RULES(DEFRULE(c_no_house, a_res_farm_2), MANY_RULES(DEFRULE(c_few_skirm, a_build_barracks), MANY_RULES(DEFRULE(c_few_barracks, a_res_loom), MANY_RULES(DEFRULE(c_few_barracks, a_forward_castle), TWO_RULES(DEFRULE(c_few_barracks, a_build_lumber_camp), DEFRULE(c_low_wood, a_train_vill)))))))))))))))))))"
159,81,1266,"MANY_RULES(DEFRULE(AND(c_no_lumber_camp, c_can_res_chain_mail), a_dynamic_group_size(20)), MANY_RULES(DEFRULE(c_few_mill, a_build_house), MANY_RULES(DEFRULE(c_enemy_has_many_pike, a_dynamic_camp_dist(20)), MANY_RULES(DEFRULE(AND(c_few_skirm, c_enemy_has_many_pike), a_res_loom), MANY_RULES(DEFRULE(c_few_barracks, a_res_loom), MANY_RULES(DEFRULE(AND(c_some_ram, c_many_ram), a_res_loom), MANY_RULES(DEFRULE(c_no_house, a_dynamic_civ_scout_cap(168)), MANY_RULES(DEFRULE(c_few_barracks, a_res_loom), MANY_RULES(DEFRULE(c_no_house, a_dynamic_atk_percent(i_val(62))), MANY_RULES(DEFRULE(c_few_skirm, a_build_barracks), MANY_RULES(DEFRULE(c_few_barracks, a_res_loom), MANY_RULES(DEFRULE(c_few_skirm, a_build_lumber_camp), MANY_RULES(DEFRULE(c_few_barracks, a_res_loom), MANY_RULES(t_empty_rule, MANY_RULES(DEFRULE(c_far_gold, a_train_vill), MANY_RULES(DEFRULE(c_few_skirm, a_res_loom), MANY_RULES(DEFRULE(AND(c_few_skirm, c_enemy_has_many_pike), a_dynamic_civ_scout_cap(12)), MANY_RULES(DEFRULE(c_few_skirm, a_res_loom), MANY_RULES(DEFRULE(c_few_skirm, a_train_vill), MANY_RULES(DEFRULE(c_can_res_farm_2, a_forward_tower), MANY_RULES(t_empty_rule, t_empty_list)))))))))))))))))))))"
159,83,1223,"MANY_RULES(DEFRULE(AND(c_no_lumber_camp, c_can_res_chain_mail), a_dynamic_group_size(168)), MANY_RULES(t_empty_rule, MANY_RULES(DEFRULE(c_far_gold, a_train_vill), MANY_RULES(DEFRULE(AND(c_no_lumber_camp, c_can_res_chain_mail), a_train_vill), MANY_RULES(DEFRULE(AND(c_few_skirm, c_enemy_has_many_pike), a_dynamic_civ_scout_cap(12)), MANY_RULES(DEFRULE(c_few_skirm, a_res_loom), MANY_RULES(DEFRULE(c_few_skirm, a_train_vill), MANY_RULES(DEFRULE(c_few_skirm, a_res_loom), MANY_RULES(DEFRULE(c_few_skirm, a_res_farm_2), MANY_RULES(DEFRULE(c_no_house, a_forward_castle), MANY_RULES(DEFRULE(c_no_house, a_dynamic_civ_scout_cap(i_val(26))), MANY_RULES(DEFRULE(AND(AND(c_no_dock, c_few_treb), c_few_barracks), a_build_house), MANY_RULES(DEFRULE(c_few_skirm, a_train_vill), MANY_RULES(DEFRULE(c_few_skirm, a_train_vill), MANY_RULES(DEFRULE(c_few_skirm, a_res_farm_2), MANY_RULES(DEFRULE(c_few_barracks, a_res_loom), TWO_RULES(DEFRULE(c_few_barracks, a_build_lumber_camp), DEFRULE(c_low_wood, a_train_vill))))))))))))))))))"
159,80,1188,"MANY_RULES(DEFRULE(AND(c_no_lumber_camp, c_can_res_chain_mail), a_dynamic_group_size(168)), MANY_RULES(t_empty_rule, MANY_RULES(DEFRULE(c_far_gold, a_train_vill), MANY_RULES(DEFRULE(c_few_skirm, a_res_loom), MANY_RULES(DEFRULE(AND(c_few_skirm, c_enemy_has_many_pike), a_dynamic_civ_scout_cap(12)), MANY_RULES(DEFRULE(c_few_skirm, a_res_loom), MANY_RULES(DEFRULE(c_few_skirm, a_train_vill), MANY_RULES(DEFRULE(c_few_skirm, a_res_loom), MANY_RULES(DEFRULE(c_few_skirm, a_res_farm_2), MANY_RULES(DEFRULE(c_few_barracks, a_train_vill), MANY_RULES(DEFRULE(c_many_ram, a_dynamic_civ_scout_cap(20)), MANY_RULES(DEFRULE(c_some_ram, a_build_house), MANY_RULES(DEFRULE(c_few_skirm, a_train_vill), MANY_RULES(DEFRULE(c_few_skirm, a_res_farm_2), MANY_RULES(DEFRULE(c_few_barracks, a_res_loom), MANY_RULES(DEFRULE(c_few_skirm, a_dynamic_civ_scout_cap(12)), MANY_RULES(DEFRULE(AND(c_some_ram, c_few_skirm), a_res_loom), MANY_RULES(DEFRULE(c_no_house, a_dynamic_atk_percent(i_val(3))), MANY_RULES(DEFRULE(AND(c_few_skirm, c_enemy_has_many_pike), a_res_farm_2), MANY_RULES(DEFRULE(c_few_barracks, a_forward_castle), MANY_RULES(DEFRULE(c_many_ram, a_dynamic_civ_scout_cap(20)), MANY_RULES(DEFRULE(c_few_barracks, a_forward_castle), MANY_RULES(DEFRULE(c_far_gold, a_train_vill), MANY_RULES(DEFRULE(c_few_skirm, a_train_vill), MANY_RULES(DEFRULE(c_few_skirm, a_res_farm_2), MANY_RULES(DEFRULE(c_few_barracks, a_res_loom), MANY_RULES(DEFRULE(c_few_skirm, a_dynamic_civ_scout_cap(i_val(62))), MANY_RULES(t_empty_rule, MANY_RULES(DEFRULE(c_few_barracks, a_res_loom), MANY_RULES(DEFRULE(c_no_house, a_dynamic_atk_percent(i_val(62))), MANY_RULES(DEFRULE(c_few_skirm, a_build_watch_tower), MANY_RULES(DEFRULE(c_few_barracks, a_res_loom), MANY_RULES(DEFRULE(c_few_skirm, a_build_lumber_camp), MANY_RULES(DEFRULE(c_few_skirm, a_train_vill), MANY_RULES(DEFRULE(AND(c_some_ram, c_few_skirm), a_res_loom), MANY_RULES(DEFRULE(c_few_barracks, a_res_loom), MANY_RULES(DEFRULE(c_few_skirm, a_res_farm_2), MANY_RULES(DEFRULE(c_few_barracks, a_forward_castle), MANY_RULES(DEFRULE(c_many_ram, a_dynamic_civ_scout_cap(20)), MANY_RULES(DEFRULE(c_few_barracks, a_forward_castle), MANY_RULES(DEFRULE(c_many_ram, a_dynamic_camp_dist(20)), MANY_RULES(DEFRULE(c_some_ram, a_build_house), MANY_RULES(DEFRULE(c_no_house, a_dynamic_civ_scout_cap(168)), MANY_RULES(DEFRULE(c_few_barracks, a_res_loom), MANY_RULES(DEFRULE(c_no_house, a_dynamic_atk_percent(i_val(62))), MANY_RULES(DEFRULE(c_few_skirm, a_train_vill), MANY_RULES(DEFRULE(c_few_skirm, a_build_barracks), MANY_RULES(DEFRULE(c_few_skirm, a_dynamic_civ_scout_cap(168)), MANY_RULES(DEFRULE(AND(c_many_archer, c_few_watch_tower), a_res_loom), MANY_RULES(DEFRULE(c_few_skirm, a_res_loom), MANY_RULES(DEFRULE(c_no_house, a_dynamic_civ_scout_cap(168)), MANY_RULES(DEFRULE(c_few_barracks, a_train_vill), MANY_RULES(DEFRULE(c_no_house, a_dynamic_atk_percent(20)), MANY_RULES(DEFRULE(c_some_ram, a_build_house), MANY_RULES(DEFRULE(AND(c_mil_pop_10, c_no_archery_range), a_dynamic_civ_scout_cap(62)), MANY_RULES(DEFRULE(c_few_skirm, a_train_vill), MANY_RULES(DEFRULE(c_few_skirm, a_res_farm_2), MANY_RULES(DEFRULE(AND(c_many_archer, c_few_watch_tower), a_res_loom), MANY_RULES(DEFRULE(c_few_skirm, a_dynamic_civ_scout_cap(168)), MANY_RULES(DEFRULE(c_few_barracks, a_forward_castle), MANY_RULES(DEFRULE(c_no_house, a_dynamic_atk_percent(i_val(62))), MANY_RULES(DEFRULE(c_few_skirm, a_build_barracks), MANY_RULES(DEFRULE(c_few_barracks, a_res_loom), MANY_RULES(DEFRULE(c_can_res_blast, a_go_feudal_age), MANY_RULES(t_empty_rule, t_empty_list)))))))))))))))))))))))))))))))))))))))))))))))))))))))))))))))))"
159,18,1159,"MANY_RULES(DEFRULE(AND(c_no_lumber_camp, c_can_res_chain_mail), a_dynamic_group_size(i_val(12))), MANY_RULES(DEFRULE(c_few_skirm, a_build_house), MANY_RULES(DEFRULE(c_enemy_has_many_pike, a_res_loom), MANY_RULES(DEFRULE(AND(AND(c_can_build_town_center, c_few_siege_workshop), c_enemy_has_many_pike), a_res_loom), MANY_RULES(DEFRULE(c_few_skirm, a_build_barracks), MANY_RULES(DEFRULE(c_few_barracks, a_dynamic_civ_scout_cap(168)), MANY_RULES(DEFRULE(c_some_ram, a_dynamic_civ_scout_cap(20)), MANY_RULES(DEFRULE(c_few_skirm, a_dynamic_atk_percent(20)), MANY_RULES(DEFRULE(c_few_skirm, a_train_vill), MANY_RULES(DEFRULE(c_few_skirm, a_res_loom), MANY_RULES(DEFRULE(c_few_skirm, a_res_loom), MANY_RULES(DEFRULE(c_many_ram, a_dynamic_civ_scout_cap(20)), MANY_RULES(DEFRULE(c_some_ram, a_build_house), MANY_RULES(DEFRULE(AND(AND(c_no_mining_camp, c_far_gold), AND(c_few_treb, c_far_gold)), a_train_vill), MANY_RULES(DEFRULE(c_few_skirm, a_train_vill), MANY_RULES(DEFRULE(c_few_skirm, a_res_farm_2), MANY_RULES(DEFRULE(AND(c_many_archer, AND(c_no_blacksmith, c_no_monastery)), a_res_loom), MANY_RULES(DEFRULE(c_few_skirm, a_dynamic_civ_scout_cap(168)), MANY_RULES(DEFRULE(c_few_skirm, a_res_farm_2), MANY_RULES(DEFRULE(c_no_house, a_dynamic_atk_percent(i_val(62))), MANY_RULES(DEFRULE(c_few_skirm, a_build_barracks), MANY_RULES(DEFRULE(c_few_barracks, a_res_loom), MANY_RULES(DEFRULE(c_few_skirm, a_res_farm_2), MANY_RULES(DEFRULE(c_few_barracks, a_res_loom), MANY_RULES(DEFRULE(AND(c_few_skirm, c_few_skirm), a_res_loom), TWO_RULES(DEFRULE(c_few_barracks, a_res_loom), DEFRULE(c_low_wood, a_retreat_castle)))))))))))))))))))))))))))"
159,68,1079,"MANY_RULES(DEFRULE(AND(c_no_lumber_camp, c_can_res_chain_mail), a_dynamic_group_size(i_val(12))), MANY_RULES(DEFRULE(c_few_skirm, a_build_house), MANY_RULES(DEFRULE(c_enemy_has_many_pike, a_build_house), MANY_RULES(DEFRULE(AND(AND(c_can_build_town_center, c_few_siege_workshop), c_enemy_has_many_pike), a_res_loom), MANY_RULES(DEFRULE(c_few_skirm, a_build_barracks), MANY_RULES(DEFRULE(c_some_ram, a_dynamic_civ_scout_cap(20)), MANY_RULES(DEFRULE(c_few_skirm, a_res_loom), MANY_RULES(DEFRULE(c_few_skirm, a_train_vill), MANY_RULES(DEFRULE(c_few_skirm, a_res_loom), MANY_RULES(DEFRULE(c_few_skirm, a_res_loom), MANY_RULES(DEFRULE(c_few_skirm, a_dynamic_civ_scout_cap(12)), MANY_RULES(DEFRULE(AND(c_many_archer, c_few_watch_tower), a_res_loom), MANY_RULES(DEFRULE(c_few_skirm, a_res_loom), MANY_RULES(DEFRULE(AND(c_few_skirm, c_can_res_gold_2), a_dynamic_civ_scout_cap(168)), MANY_RULES(DEFRULE(c_few_barracks, a_res_loom), MANY_RULES(DEFRULE(c_no_house, a_dynamic_civ_scout_cap(98)), MANY_RULES(DEFRULE(c_few_skirm, a_build_barracks), MANY_RULES(DEFRULE(c_few_barracks, a_res_loom), MANY_RULES(DEFRULE(c_few_watch_tower, a_build_barracks), MANY_RULES(DEFRULE(AND(c_can_res_stone_2, c_few_skirm), a_build_house), TWO_RULES(DEFRULE(c_few_barracks, a_build_lumber_camp), DEFRULE(c_has_monk, a_train_vill))))))))))))))))))))))"
159,56,785,"MANY_RULES(DEFRULE(AND(c_can_build_university, c_can_res_gold_1), a_dynamic_group_size(14)), MANY_RULES(t_empty_rule, MANY_RULES(DEFRULE(c_no_house, a_res_loom), MANY_RULES(DEFRULE(c_few_barracks, a_res_loom), MANY_RULES(DEFRULE(c_no_house, a_dynamic_atk_percent(i_val(62))), MANY_RULES(DEFRULE(c_few_skirm, a_build_barracks), MANY_RULES(DEFRULE(c_few_barracks, a_res_loom), MANY_RULES(DEFRULE(c_few_skirm, a_build_lumber_camp), MANY_RULES(DEFRULE(c_few_skirm, a_train_vill), MANY_RULES(DEFRULE(AND(c_some_ram, c_few_skirm), a_build_house), MANY_RULES(DEFRULE(c_few_barracks, a_res_loom), MANY_RULES(DEFRULE(c_few_skirm, a_res_farm_2), MANY_RULES(DEFRULE(c_few_barracks, a_forward_castle), MANY_RULES(DEFRULE(c_many_ram, a_dynamic_civ_scout_cap(20)), MANY_RULES(DEFRULE(c_few_barracks, a_forward_castle), MANY_RULES(DEFRULE(c_many_ram, a_dynamic_civ_scout_cap(20)), MANY_RULES(DEFRULE(c_some_ram, a_build_house), MANY_RULES(DEFRULE(c_no_house, a_dynamic_civ_scout_cap(168)), MANY_RULES(DEFRULE(c_few_barracks, a_res_loom), MANY_RULES(DEFRULE(c_no_house, a_dynamic_atk_percent(i_val(62))), MANY_RULES(DEFRULE(c_few_skirm, a_train_vill), MANY_RULES(DEFRULE(c_few_skirm, a_build_barracks), MANY_RULES(DEFRULE(c_few_skirm, a_dynamic_civ_scout_cap(168)), MANY_RULES(DEFRULE(c_few_skirm, a_res_loom), MANY_RULES(DEFRULE(c_no_house, a_dynamic_civ_scout_cap(168)), MANY_RULES(DEFRULE(c_few_barracks, a_train_vill), MANY_RULES(DEFRULE(c_no_house, a_dynamic_atk_percent(20)), MANY_RULES(DEFRULE(c_mil_pop_10, a_dynamic_civ_scout_cap(62)), MANY_RULES(DEFRULE(c_few_skirm, a_train_vill), MANY_RULES(DEFRULE(c_few_skirm, a_res_farm_2), MANY_RULES(DEFRULE(AND(c_many_archer, c_few_watch_tower), a_res_loom), MANY_RULES(DEFRULE(c_few_skirm, a_dynamic_civ_scout_cap(168)), MANY_RULES(DEFRULE(c_few_barracks, a_forward_castle), MANY_RULES(DEFRULE(c_no_house, a_dynamic_atk_percent(i_val(62))), MANY_RULES(DEFRULE(c_few_skirm, a_build_barracks), MANY_RULES(DEFRULE(c_few_barracks, a_res_loom), MANY_RULES(DEFRULE(c_can_res_blast, a_go_feudal_age), MANY_RULES(t_empty_rule, t_empty_list))))))))))))))))))))))))))))))))))))))"
159,20,621,"MANY_RULES(DEFRULE(AND(c_can_build_university, c_can_res_gold_1), a_dynamic_group_size(14)), MANY_RULES(t_empty_rule, MANY_RULES(DEFRULE(c_no_house, a_res_loom), MANY_RULES(DEFRULE(c_few_barracks, a_res_loom), MANY_RULES(DEFRULE(c_no_house, a_dynamic_atk_percent(i_val(62))), MANY_RULES(DEFRULE(c_few_skirm, a_build_barracks), MANY_RULES(DEFRULE(c_few_barracks, a_res_loom), MANY_RULES(DEFRULE(c_few_skirm, a_build_lumber_camp), MANY_RULES(DEFRULE(c_few_skirm, a_train_vill), MANY_RULES(DEFRULE(AND(c_some_ram, c_few_skirm), a_build_house), MANY_RULES(DEFRULE(c_few_barracks, a_res_loom), MANY_RULES(DEFRULE(c_few_skirm, a_res_farm_2), MANY_RULES(DEFRULE(c_few_barracks, a_forward_castle), MANY_RULES(DEFRULE(c_many_ram, a_dynamic_civ_scout_cap(20)), MANY_RULES(DEFRULE(c_few_barracks, a_forward_castle), MANY_RULES(DEFRULE(c_many_ram, a_dynamic_civ_scout_cap(20)), MANY_RULES(DEFRULE(c_some_ram, a_build_house), MANY_RULES(DEFRULE(c_no_house, a_dynamic_civ_scout_cap(168)), MANY_RULES(DEFRULE(c_few_barracks, a_res_loom), MANY_RULES(DEFRULE(c_no_house, a_dynamic_atk_percent(i_val(62))), MANY_RULES(DEFRULE(c_few_skirm, a_train_vill), MANY_RULES(DEFRULE(c_few_skirm, a_build_barracks), MANY_RULES(DEFRULE(c_few_skirm, a_dynamic_civ_scout_cap(168)), MANY_RULES(DEFRULE(c_few_skirm, a_res_loom), MANY_RULES(DEFRULE(c_no_house, a_dynamic_civ_scout_cap(168)), MANY_RULES(DEFRULE(c_few_barracks, a_train_vill), MANY_RULES(DEFRULE(c_no_house, a_dynamic_atk_percent(20)), MANY_RULES(DEFRULE(AND(c_mil_pop_10, c_no_archery_range), a_dynamic_civ_scout_cap(62)), MANY_RULES(DEFRULE(c_few_skirm, a_train_vill), MANY_RULES(DEFRULE(c_few_skirm, a_res_farm_2), MANY_RULES(DEFRULE(AND(c_many_archer, c_few_watch_tower), a_res_loom), MANY_RULES(DEFRULE(c_few_skirm, a_dynamic_civ_scout_cap(168)), MANY_RULES(DEFRULE(c_few_barracks, a_forward_castle), MANY_RULES(DEFRULE(c_no_house, a_dynamic_atk_percent(i_val(62))), MANY_RULES(DEFRULE(c_few_skirm, a_build_barracks), MANY_RULES(DEFRULE(c_few_barracks, a_res_loom), MANY_RULES(DEFRULE(c_can_res_blast, a_go_feudal_age), MANY_RULES(t_empty_rule, t_empty_list))))))))))))))))))))))))))))))))))))))"
159,14,605,"MANY_RULES(DEFRULE(AND(c_no_lumber_camp, AND(c_some_ram, c_few_skirm)), a_dynamic_group_size(i_val(12))), MANY_RULES(DEFRULE(c_few_skirm, a_build_house), MANY_RULES(DEFRULE(c_enemy_has_many_pike, a_res_loom), MANY_RULES(DEFRULE(AND(AND(c_can_build_town_center, c_few_siege_workshop), c_enemy_has_many_pike), a_res_loom), MANY_RULES(DEFRULE(c_few_skirm, a_build_barracks), MANY_RULES(DEFRULE(c_few_barracks, a_dynamic_civ_scout_cap(168)), MANY_RULES(DEFRULE(c_some_ram, a_dynamic_civ_scout_cap(20)), MANY_RULES(DEFRULE(c_few_skirm, a_res_loom), MANY_RULES(DEFRULE(c_has_monk, a_train_vill), MANY_RULES(DEFRULE(c_few_skirm, a_res_loom), MANY_RULES(DEFRULE(c_few_skirm, a_res_loom), MANY_RULES(DEFRULE(c_few_skirm, a_dynamic_civ_scout_cap(12)), MANY_RULES(DEFRULE(AND(c_many_archer, c_few_watch_tower), a_res_loom), MANY_RULES(DEFRULE(c_few_skirm, a_res_loom), MANY_RULES(DEFRULE(AND(c_few_skirm, c_can_res_gold_2), a_dynamic_civ_scout_cap(168)), MANY_RULES(DEFRULE(c_few_skirm, a_res_loom), MANY_RULES(DEFRULE(c_enemy_has_many_pike, a_dynamic_camp_dist(20)), MANY_RULES(DEFRULE(AND(c_few_skirm, c_enemy_has_many_pike), a_res_loom), MANY_RULES(DEFRULE(c_few_barracks, a_res_loom), MANY_RULES(DEFRULE(AND(c_some_ram, c_can_res_farm_3), a_res_loom), MANY_RULES(DEFRULE(c_no_house, a_dynamic_civ_scout_cap(168)), MANY_RULES(DEFRULE(c_few_barracks, a_res_loom), MANY_RULES(DEFRULE(c_no_house, a_dynamic_atk_percent(20)), MANY_RULES(DEFRULE(c_few_skirm, a_build_barracks), MANY_RULES(DEFRULE(c_few_barracks, a_res_loom), MANY_RULES(DEFRULE(c_few_barracks, a_res_loom), MANY_RULES(DEFRULE(AND(c_few_skirm, c_few_skirm), a_res_loom), TWO_RULES(DEFRULE(c_few_barracks, a_res_loom), DEFRULE(c_low_wood, a_retreat_castle)))))))))))))))))))))))))))))"
159,84,438,"TWO_RULES(DEFRULE(c_many_pike, a_go_imperial_age), DEFRULE(c_can_res_scale_mail, a_train_knight))"
159,86,372,"MANY_RULES(DEFRULE(c_some_skirm, a_go_castle_age), TWO_RULES(t_empty_rule, t_empty_rule))"
159,95,351,"TWO_RULES(DEFRULE(c_enemy_has_few_archer, a_town_size_20), DEFRULE(c_can_res_fletching, a_buy_stone))"
159,92,350,"TWO_RULES(DEFRULE(AND(AND(c_some_treb, c_enemy_has_many_archer), AND(c_few_ram, c_enemy_has_few_pike)), DO_BOTH(DO_BOTH(a_buy_wood, a_train_mangonel), a_dynamic_civ_scout_cap(38))), DEFRULE(AND(AND(c_can_res_wheel_barrow, c_far_gold), AND(c_can_build_mining_camp, c_can_build_lumber_camp)), a_dynamic_group_size(i_val(29))))"
159,90,303,"TWO_RULES(DEFRULE(c_some_treb, a_disable_scout), DEFRULE(c_can_build_siege_workshop, a_buy_food))"
159,88,285,"TWO_RULES(DEFRULE(c_can_res_axe_2, a_res_gold_1), DEFRULE(c_is_dark_age, a_sell_wood))"
159,89,266,"TWO_RULES(DEFRULE(AND(c_some_scout, c_under_attack), a_dynamic_group_size(145)), DEFRULE(AND(c_few_pike, c_enemy_has_few_knight), a_dynamic_camp_dist(9)))"
159,91,257,"TWO_RULES(DEFRULE(c_can_build_mill, a_forward_barracks), DEFRULE(c_some_skirm, a_build_lumber_camp))"
159,94,252,"TWO_RULES(DEFRULE(c_mil_pop_50, a_forward_tower), DEFRULE(c_low_stone, a_res_hand_cart))"
159,93,236,"TWO_RULES(DEFRULE(c_has_stone, a_buy_stone), DEFRULE(c_some_treb, a_zone_forward))"
159,85,199,"MANY_RULES(DEFRULE(AND(AND(c_far_gold, c_no_stable), AND(c_low_food, c_some_treb)), a_dynamic_group_size(i_val(49))), MANY_RULES(DEFRULE(AND(c_low_stone, c_can_res_forging), a_dynamic_atk_percent(3)), TWO_RULES(DEFRULE(c_can_build_castle, a_build_mining_camp), DEFRULE(c_few_lumber_camp, a_train_archer))))"
159,87,199,"MANY_RULES(DEFRULE(AND(c_has_food, c_is_dark_age), a_dynamic_atk_percent(129)), MANY_RULES(DEFRULE(c_far_wood, a_go_imperial_age), TWO_RULES(t_empty_rule, t_empty_rule)))"
160,0,584.9712,"MANY_RULES(DEFRULE(AND(c_can_build_university, c_can_res_gold_1), a_dynamic_group_size(14)), MANY_RULES(t_empty_rule, MANY_RULES(DEFRULE(c_no_house, a_res_loom), MANY_RULES(DEFRULE(c_few_barracks, a_res_loom), MANY_RULES(DEFRULE(c_no_house, a_dynamic_atk_percent(i_val(62))), MANY_RULES(DEFRULE(c_few_skirm, a_build_barracks), MANY_RULES(DEFRULE(c_few_barracks, a_res_loom), MANY_RULES(DEFRULE(c_few_skirm, a_build_lumber_camp), MANY_RULES(DEFRULE(c_few_skirm, a_train_vill), MANY_RULES(DEFRULE(AND(c_some_ram, c_few_skirm), a_build_house), MANY_RULES(DEFRULE(c_few_barracks, a_res_loom), MANY_RULES(DEFRULE(c_few_skirm, a_res_farm_2), MANY_RULES(DEFRULE(c_few_barracks, a_forward_castle), MANY_RULES(DEFRULE(c_many_ram, a_dynamic_civ_scout_cap(20)), MANY_RULES(DEFRULE(c_few_barracks, a_forward_castle), MANY_RULES(DEFRULE(c_many_ram, a_dynamic_civ_scout_cap(20)), MANY_RULES(DEFRULE(c_some_ram, a_build_house), MANY_RULES(DEFRULE(c_no_house, a_dynamic_civ_scout_cap(168)), MANY_RULES(DEFRULE(c_no_house, a_dynamic_atk_percent(i_val(62))), MANY_RULES(DEFRULE(c_few_skirm, a_train_vill), MANY_RULES(DEFRULE(c_few_skirm, a_build_barracks), MANY_RULES(DEFRULE(c_few_skirm, a_dynamic_civ_scout_cap(168)), MANY_RULES(DEFRULE(AND(c_many_archer, c_few_watch_tower), a_res_loom), MANY_RULES(DEFRULE(c_few_skirm, a_res_loom), MANY_RULES(DEFRULE(c_no_house, a_dynamic_civ_scout_cap(168)), MANY_RULES(DEFRULE(c_few_barracks, a_train_vill), MANY_RULES(DEFRULE(c_no_house, a_dynamic_atk_percent(20)), MANY_RULES(DEFRULE(AND(c_mil_pop_10, c_no_archery_range), a_dynamic_civ_scout_cap(62)), MANY_RULES(DEFRULE(c_few_skirm, a_train_vill), MANY_RULES(DEFRULE(c_few_skirm, a_res_farm_2), MANY_RULES(DEFRULE(AND(c_many_archer, c_few_watch_tower), a_res_loom), MANY_RULES(DEFRULE(c_few_skirm, a_dynamic_civ_scout_cap(168)), MANY_RULES(DEFRULE(c_few_barracks, a_forward_castle), MANY_RULES(DEFRULE(c_no_house, a_dynamic_atk_percent(i_val(62))), MANY_RULES(DEFRULE(c_few_skirm, a_build_barracks), MANY_RULES(DEFRULE(c_few_barracks, a_res_loom), MANY_RULES(DEFRULE(c_can_res_blast, a_go_feudal_age), MANY_RULES(t_empty_rule, t_empty_list))))))))))))))))))))))))))))))))))))))"
160,39,568.542,"MANY_RULES(DEFRULE(AND(c_no_lumber_camp, c_can_res_chain_mail), a_dynamic_group_size(168)), MANY_RULES(t_empty_rule, MANY_RULES(DEFRULE(c_far_gold, a_train_vill), MANY_RULES(DEFRULE(c_few_skirm, a_res_loom), MANY_RULES(DEFRULE(AND(c_few_skirm, c_enemy_has_many_pike), a_dynamic_civ_scout_cap(12)), MANY_RULES(DEFRULE(c_few_skirm, a_res_loom), MANY_RULES(DEFRULE(c_few_skirm, a_train_vill), MANY_RULES(DEFRULE(c_few_skirm, a_res_loom), MANY_RULES(DEFRULE(c_few_skirm, a_res_farm_2), MANY_RULES(DEFRULE(c_few_barracks, a_train_vill), MANY_RULES(DEFRULE(c_many_ram, a_dynamic_civ_scout_cap(20)), MANY_RULES(DEFRULE(c_some_ram, a_build_house), MANY_RULES(DEFRULE(c_few_skirm, a_train_vill), MANY_RULES(DEFRULE(c_few_skirm, a_res_farm_2), MANY_RULES(DEFRULE(c_few_barracks, a_res_loom), MANY_RULES(DEFRULE(c_few_skirm, a_dynamic_civ_scout_cap(12)), MANY_RULES(DEFRULE(AND(c_some_ram, c_few_skirm), a_res_loom), MANY_RULES(DEFRULE(c_no_house, a_dynamic_atk_percent(i_val(3))), MANY_RULES(DEFRULE(AND(c_few_skirm, c_enemy_has_many_pike), a_res_farm_2), MANY_RULES(DEFRULE(c_few_barracks, a_forward_castle), MANY_RULES(DEFRULE(c_many_ram, a_dynamic_civ_scout_cap(20)), MANY_RULES(DEFRULE(AND(AND(c_no_mining_camp, c_far_gold), AND(c_few_treb, c_far_gold)), a_train_vill), MANY_RULES(DEFRULE(c_far_gold, a_train_vill), MANY_RULES(DEFRULE(c_few_skirm, a_train_vill), MANY_RULES(DEFRULE(c_few_skirm, a_res_farm_2), MANY_RULES(DEFRULE(c_few_barracks, a_res_loom), MANY_RULES(DEFRULE(c_few_skirm, a_dynamic_civ_scout_cap(i_val(62))), MANY_RULES(t_empty_rule, MANY_RULES(DEFRULE(c_few_barracks, a_res_loom), MANY_RULES(DEFRULE(c_no_house, a_dynamic_atk_percent(i_val(62))), MANY_RULES(DEFRULE(c_few_skirm, a_build_barracks), MANY_RULES(DEFRULE(c_few_barracks, a_res_loom), MANY_RULES(DEFRULE(c_few_skirm, a_build_lumber_camp), MANY_RULES(DEFRULE(c_few_skirm, a_train_vill), MANY_RULES(DEFRULE(AND(c_some_ram, c_few_skirm), a_res_loom), MANY_RULES(DEFRULE(c_few_barracks, a_res_loom), MANY_RULES(DEFRULE(c_few_skirm, a_res_farm_2), MANY_RULES(DEFRULE(c_few_barracks, a_forward_castle), MANY_RULES(DEFRULE(c_many_ram, a_dynamic_civ_scout_cap(20)), MANY_RULES(DEFRULE(c_few_barracks, a_forward_castle), MANY_RULES(DEFRULE(c_many_ram, a_dynamic_camp_dist(20)), MANY_RULES(DEFRULE(c_some_ram, a_build_house), MANY_RULES(DEFRULE(c_no_house, a_dynamic_civ_scout_cap(168)), MANY_RULES(DEFRULE(c_few_barracks, a_res_loom), MANY_RULES(DEFRULE(c_no_house, a_dynamic_atk_percent(i_val(62))), MANY_RULES(DEFRULE(c_few_skirm, a_train_vill), MANY_RULES(DEFRULE(c_enemy_has_few_archer, a_build_barracks), MANY_RULES(DEFRULE(c_few_skirm, a_dynamic_civ_scout_cap(168)), MANY_RULES(DEFRULE(AND(c_many_archer, c_few_watch_tower), a_res_loom), MANY_RULES(DEFRULE(c_few_skirm, a_res_loom), MANY_RULES(DEFRULE(c_no_house, a_dynamic_civ_scout_cap(168)), MANY_RULES(DEFRULE(c_few_barracks, a_train_vill), MANY_RULES(DEFRULE(c_no_house, a_dynamic_atk_percent(20)), MANY_RULES(DEFRULE(c_some_ram, a_build_house), MANY_RULES(DEFRULE(AND(c_mil_pop_10, c_no_archery_range), a_dynamic_civ_scout_cap(62)), MANY_RULES(DEFRULE(c_few_skirm, a_train_vill), MANY_RULES(DEFRULE(c_few_skirm, a_res_farm_2), MANY_RULES(DEFRULE(AND(c_many_archer, c_few_watch_tower), a_res_loom), MANY_RULES(DEFRULE(c_few_skirm, a_dynamic_civ_scout_cap(168)), MANY_RULES(DEFRULE(c_few_barracks, a_forward_castle), MANY_RULES(DEFRULE(c_no_house, a_dynamic_atk_percent(i_val(168))), MANY_RULES(DEFRULE(c_few_skirm, a_build_barracks), MANY_RULES(DEFRULE(c_few_barracks, a_res_loom), MANY_RULES(DEFRULE(c_can_res_blast, a_go_feudal_age), MANY_RULES(t_empty_rule, t_empty_list)))))))))))))))))))))))))))))))))))))))))))))))))))))))))))))))))"
160,5,551.226,"MANY_RULES(DEFRULE(AND(c_no_lumber_camp, c_can_res_chain_mail), a_dynamic_group_size(20)), MANY_RULES(DEFRULE(c_few_skirm, a_build_house), MANY_RULES(DEFRULE(c_enemy_has_many_pike, a_dynamic_camp_dist(20)), MANY_RULES(DEFRULE(c_few_barracks, a_res_loom), MANY_RULES(DEFRULE(c_no_house, a_dynamic_civ_scout_cap(168)), MANY_RULES(DEFRULE(c_few_barracks, a_res_loom), MANY_RULES(DEFRULE(c_no_house, a_dynamic_atk_percent(i_val(168))), MANY_RULES(DEFRULE(c_few_skirm, a_build_barracks), MANY_RULES(DEFRULE(c_few_barracks, a_res_loom), MANY_RULES(DEFRULE(c_few_skirm, a_build_lumber_camp), MANY_RULES(DEFRULE(c_few_skirm, a_train_vill), MANY_RULES(DEFRULE(AND(c_few_watch_tower, c_few_skirm), a_res_loom), MANY_RULES(DEFRULE(c_few_barracks, a_res_loom), MANY_RULES(DEFRULE(c_few_skirm, a_res_farm_2), MANY_RULES(DEFRULE(c_few_skirm, a_build_barracks), MANY_RULES(DEFRULE(c_few_barracks, a_dynamic_civ_scout_cap(168)), MANY_RULES(DEFRULE(c_few_barracks, a_forward_castle), MANY_RULES(DEFRULE(c_few_archery_range, a_res_loom), MANY_RULES(DEFRULE(c_few_skirm, a_dynamic_civ_scout_cap(12)), MANY_RULES(DEFRULE(AND(c_some_ram, c_few_skirm), a_res_loom), MANY_RULES(DEFRULE(c_few_watch_tower, a_train_vill), MANY_RULES(DEFRULE(AND(c_few_skirm, c_enemy_has_many_pike), a_res_farm_2), MANY_RULES(DEFRULE(c_few_barracks, a_forward_castle), MANY_RULES(DEFRULE(c_many_ram, a_dynamic_civ_scout_cap(20)), MANY_RULES(DEFRULE(c_some_infantry, a_build_house), MANY_RULES(DEFRULE(c_few_skirm, a_train_vill), MANY_RULES(DEFRULE(c_few_skirm, a_res_farm_2), MANY_RULES(DEFRULE(c_few_barracks, a_res_loom), MANY_RULES(DEFRULE(AND(c_few_skirm, c_enemy_has_many_pike), a_res_loom), MANY_RULES(DEFRULE(c_few_barracks, a_res_loom), MANY_RULES(DEFRULE(c_few_barracks, a_res_loom), MANY_RULES(DEFRULE(c_no_house, a_dynamic_civ_scout_cap(168)), MANY_RULES(DEFRULE(c_few_barracks, a_res_loom), MANY_RULES(DEFRULE(c_no_house, a_dynamic_atk_percent(i_val(168))), MANY_RULES(DEFRULE(c_few_skirm, a_build_barracks), MANY_RULES(DEFRULE(c_few_barracks, a_res_loom), MANY_RULES(DEFRULE(c_few_skirm, a_build_lumber_camp), MANY_RULES(DEFRULE(c_few_skirm, a_res_loom), MANY_RULES(DEFRULE(AND(c_some_ram, c_few_skirm), a_res_loom), MANY_RULES(DEFRULE(c_few_barracks, a_res_loom), MANY_RULES(DEFRULE(c_few_skirm, a_res_farm_2), MANY_RULES(DEFRULE(c_few_skirm, a_build_barracks), MANY_RULES(DEFRULE(c_few_barracks, a_res_loom), MANY_RULES(DEFRULE(c_some_ram, a_build_house), MANY_RULES(DEFRULE(AND(c_some_ram, c_few_skirm), a_res_loom), MANY_RULES(DEFRULE(c_few_barracks, a_res_loom), MANY_RULES(DEFRULE(c_few_skirm, a_dynamic_civ_scout_cap(168)), MANY_RULES(DEFRULE(AND(c_some_ram, c_many_ram), a_res_loom), MANY_RULES(DEFRULE(c_no_house, a_dynamic_atk_percent(i_val(3))), MANY_RULES(DEFRULE(AND(c_few_skirm, c_enemy_has_many_pike), a_res_farm_2), MANY_RULES(DEFRULE(c_few_barracks, a_forward_castle), MANY_RULES(DEFRULE(c_many_ram, a_dynamic_civ_scout_cap(20)), MANY_RULES(DEFRULE(c_some_infantry, a_build_house), MANY_RULES(DEFRULE(c_far_gold, a_train_vill), MANY_RULES(DEFRULE(AND(c_many_archer, AND(c_no_blacksmith, c_no_monastery)), a_res_farm_2), MANY_RULES(DEFRULE(c_few_skirm, a_res_farm_2), MANY_RULES(DEFRULE(c_few_barracks, a_res_loom), MANY_RULES(DEFRULE(c_few_skirm, a_dynamic_civ_scout_cap(i_val(62))), MANY_RULES(DEFRULE(c_no_house, a_dynamic_atk_percent(i_val(i_val(62)))), MANY_RULES(DEFRULE(c_few_skirm, a_build_barracks), MANY_RULES(DEFRULE(c_few_barracks, a_res_loom), MANY_RULES(DEFRULE(c_some_ram, a_build_house), MANY_RULES(DEFRULE(AND(c_some_ram, c_few_skirm), a_res_loom), TWO_RULES(DEFRULE(c_few_barracks, a_town_size_20), DEFRULE(c_low_wood, a_train_vill)))))))))))))))))))))))))))))))))))))))))))))))))))))))))))))))))"
160,63,523.406,"MANY_RULES(DEFRULE(AND(c_no_lumber_camp, c_can_res_chain_mail), a_dynamic_group_size(20)), MANY_RULES(DEFRULE(c_few_mill, a_build_house), MANY_RULES(DEFRULE(c_enemy_has_many_pike, a_dynamic_camp_dist(20)), MANY_RULES(DEFRULE(AND(c_few_skirm, c_enemy_has_many_pike), a_res_loom), MANY_RULES(DEFRULE(c_few_barracks, a_build_lumber_camp), MANY_RULES(DEFRULE(AND(c_some_ram, c_many_ram), a_res_loom), MANY_RULES(DEFRULE(c_no_house, a_dynamic_civ_scout_cap(168)), MANY_RULES(DEFRULE(c_few_barracks, a_res_loom), MANY_RULES(DEFRULE(c_no_house, a_dynamic_atk_percent(i_val(62))), MANY_RULES(DEFRULE(c_few_skirm, a_build_barracks), MANY_RULES(DEFRULE(c_few_barracks, a_res_loom), MANY_RULES(DEFRULE(c_few_skirm, a_build_lumber_camp), MANY_RULES(DEFRULE(c_few_barracks, a_res_loom), MANY_RULES(t_empty_rule, MANY_RULES(DEFRULE(c_far_gold, a_train_vill), MANY_RULES(DEFRULE(c_few_skirm, a_res_loom), MANY_RULES(DEFRULE(AND(c_few_skirm, c_enemy_has_many_pike), a_dynamic_civ_scout_cap(12)), MANY_RULES(DEFRULE(c_few_skirm, a_res_loom), MANY_RULES(DEFRULE(c_few_skirm, a_train_vill), MANY_RULES(DEFRULE(c_few_skirm, a_res_loom), MANY_RULES(DEFRULE(c_few_skirm, a_res_farm_2), MANY_RULES(DEFRULE(c_can_buy_food, a_forward_castle), MANY_RULES(DEFRULE(c_many_ram, a_dynamic_civ_scout_cap(168)), MANY_RULES(DEFRULE(c_few_mill, a_dynamic_civ_scout_cap(12)), MANY_RULES(DEFRULE(AND(AND(c_few_market, c_can_build_blacksmith), AND(c_mil_pop_10, c_many_pike)), a_train_vill), MANY_RULES(DEFRULE(c_few_skirm, a_train_vill), MANY_RULES(DEFRULE(c_few_skirm, a_res_farm_2), MANY_RULES(DEFRULE(c_few_barracks, a_res_loom), MANY_RULES(DEFRULE(c_few_skirm, a_dynamic_civ_scout_cap(168)), MANY_RULES(DEFRULE(AND(c_some_ram, c_few_skirm), a_res_loom), MANY_RULES(DEFRULE(c_no_house, a_dynamic_atk_percent(i_val(3))), MANY_RULES(DEFRULE(c_few_barracks, a_forward_castle), MANY_RULES(DEFRULE(c_many_ram, a_dynamic_civ_scout_cap(20)), MANY_RULES(DEFRULE(c_some_infantry, a_build_house), MANY_RULES(DEFRULE(AND(c_many_archer, c_few_watch_tower), a_res_loom), MANY_RULES(DEFRULE(c_few_skirm, a_res_loom), MANY_RULES(DEFRULE(AND(c_few_skirm, c_can_res_gold_2), a_dynamic_civ_scout_cap(168)), MANY_RULES(DEFRULE(c_few_barracks, a_res_loom), MANY_RULES(DEFRULE(c_no_house, a_dynamic_atk_percent(i_val(20))), MANY_RULES(DEFRULE(c_few_skirm, a_build_barracks), MANY_RULES(DEFRULE(c_few_barracks, a_res_loom), MANY_RULES(DEFRULE(c_few_skirm, a_build_barracks), MANY_RULES(DEFRULE(AND(c_can_res_stone_2, c_few_skirm), a_build_house), TWO_RULES(DEFRULE(c_few_barracks, a_build_lumber_camp), DEFRULE(c_few_barracks, a_res_loom)))))))))))))))))))))))))))))))))))))))))))))"
160,58,486.772,"MANY_RULES(DEFRULE(AND(c_no_lumber_camp, c_can_res_chain_mail), a_dynamic_group_size(168)), MANY_RULES(t_empty_rule, MANY_RULES(DEFRULE(c_far_gold, a_train_vill), MANY_RULES(DEFRULE(c_few_skirm, a_res_loom), MANY_RULES(DEFRULE(AND(c_few_skirm, c_enemy_has_many_pike), a_dynamic_civ_scout_cap(12)), MANY_RULES(DEFRULE(c_few_skirm, a_res_loom), MANY_RULES(DEFRULE(c_few_skirm, a_train_vill), MANY_RULES(DEFRULE(c_few_skirm, a_res_loom), MANY_RULES(DEFRULE(c_few_skirm, a_res_farm_2), MANY_RULES(DEFRULE(c_few_barracks, a_train_vill), MANY_RULES(DEFRULE(c_many_ram, a_dynamic_civ_scout_cap(20)), MANY_RULES(DEFRULE(c_some_ram, a_build_house), MANY_RULES(DEFRULE(c_few_skirm, a_train_vill), MANY_RULES(DEFRULE(c_few_skirm, a_res_farm_2), MANY_RULES(DEFRULE(c_few_barracks, a_res_loom), MANY_RULES(DEFRULE(c_few_skirm, a_dynamic_civ_scout_cap(12)), MANY_RULES(DEFRULE(AND(c_some_ram, c_few_skirm), a_res_loom), MANY_RULES(DEFRULE(c_few_barracks, a_forward_castle), MANY_RULES(DEFRULE(AND(c_few_skirm, c_enemy_has_many_pike), a_res_farm_2), MANY_RULES(DEFRULE(c_few_barracks, a_forward_castle), MANY_RULES(DEFRULE(c_many_ram, a_dynamic_civ_scout_cap(20)), MANY_RULES(DEFRULE(c_few_barracks, a_forward_castle), MANY_RULES(DEFRULE(c_far_gold, a_train_vill), MANY_RULES(DEFRULE(c_few_skirm, a_train_vill), MANY_RULES(DEFRULE(c_few_skirm, a_res_farm_2), MANY_RULES(DEFRULE(c_few_barracks, a_res_loom), MANY_RULES(DEFRULE(c_few_skirm, a_dynamic_civ_scout_cap(i_val(62))), MANY_RULES(t_empty_rule, MANY_RULES(DEFRULE(c_few_barracks, a_res_loom), MANY_RULES(DEFRULE(c_no_house, a_dynamic_atk_percent(i_val(62))), MANY_RULES(DEFRULE(c_few_skirm, a_build_barracks), MANY_RULES(DEFRULE(c_few_barracks, a_res_loom), MANY_RULES(DEFRULE(c_few_skirm, a_build_lumber_camp), MANY_RULES(DEFRULE(c_few_skirm, a_train_vill), MANY_RULES(DEFRULE(AND(c_some_ram, c_few_skirm), a_res_loom), MANY_RULES(DEFRULE(c_few_barracks, a_res_loom), MANY_RULES(DEFRULE(c_few_skirm, a_res_farm_2), MANY_RULES(DEFRULE(c_few_barracks, a_forward_castle), MANY_RULES(DEFRULE(c_many_ram, a_dynamic_civ_scout_cap(20)), MANY_RULES(DEFRULE(c_few_barracks, a_forward_castle), MANY_RULES(DEFRULE(c_many_ram, a_dynamic_camp_dist(20)), MANY_RULES(DEFRULE(c_some_ram, a_build_house), MANY_RULES(DEFRULE(c_no_house, a_dynamic_civ_scout_cap(168)), MANY_RULES(DEFRULE(c_few_barracks, a_res_loom), MANY_RULES(DEFRULE(c_no_house, a_dynamic_atk_percent(i_val(62))), MANY_RULES(DEFRULE(c_few_skirm, a_train_vill), MANY_RULES(DEFRULE(c_few_skirm, a_res_hand_cart), MANY_RULES(DEFRULE(c_few_skirm, a_dynamic_civ_scout_cap(168)), MANY_RULES(DEFRULE(AND(c_many_archer, c_few_watch_tower), a_res_loom), MANY_RULES(DEFRULE(c_few_skirm, a_res_loom), MANY_RULES(DEFRULE(c_no_house, a_dynamic_civ_scout_cap(168)), MANY_RULES(DEFRULE(c_few_barracks, a_train_vill), MANY_RULES(DEFRULE(c_no_house, a_dynamic_atk_percent(20)), MANY_RULES(DEFRULE(c_some_ram, a_build_house), MANY_RULES(DEFRULE(AND(c_mil_pop_10, c_no_archery_range), a_dynamic_civ_scout_cap(62)), MANY_RULES(DEFRULE(c_few_skirm, a_train_vill), MANY_RULES(DEFRULE(c_few_skirm, a_res_farm_2), MANY_RULES(DEFRULE(AND(c_many_archer, c_few_watch_tower), a_res_loom), MANY_RULES(DEFRULE(c_few_skirm, a_dynamic_civ_scout_cap(168)), MANY_RULES(DEFRULE(c_few_barracks, a_forward_castle), MANY_RULES(DEFRULE(c_no_house, a_dynamic_atk_percent(i_val(62))), MANY_RULES(DEFRULE(c_few_skirm, a_build_barracks), MANY_RULES(DEFRULE(c_few_barracks, a_res_loom), MANY_RULES(DEFRULE(c_can_res_blast, a_go_feudal_age), MANY_RULES(t_empty_rule, t_empty_list)))))))))))))))))))))))))))))))))))))))))))))))))))))))))))))))))"
160,53,475.228,"MANY_RULES(DEFRULE(c_can_res_chain_mail, a_dynamic_group_size(20)), MANY_RULES(DEFRULE(c_few_skirm, a_build_house), MANY_RULES(DEFRULE(c_enemy_has_many_pike, a_dynamic_camp_dist(20)), MANY_RULES(DEFRULE(AND(c_few_skirm, c_enemy_has_many_pike), a_res_loom), MANY_RULES(DEFRULE(c_few_barracks, a_res_loom), MANY_RULES(DEFRULE(c_few_barracks, a_res_loom), MANY_RULES(DEFRULE(c_no_house, a_dynamic_civ_scout_cap(168)), MANY_RULES(DEFRULE(c_few_barracks, a_res_loom), MANY_RULES(DEFRULE(c_no_house, a_dynamic_atk_percent(i_val(12))), MANY_RULES(DEFRULE(c_few_skirm, a_build_barracks), MANY_RULES(DEFRULE(c_few_barracks, a_res_loom), MANY_RULES(DEFRULE(c_few_skirm, a_build_lumber_camp), MANY_RULES(DEFRULE(c_few_skirm, a_train_vill), MANY_RULES(DEFRULE(AND(c_some_ram, c_few_skirm), a_res_loom), MANY_RULES(DEFRULE(c_few_barracks, a_res_loom), MANY_RULES(DEFRULE(c_few_skirm, a_res_farm_2), MANY_RULES(t_empty_rule, MANY_RULES(DEFRULE(c_no_house, a_dynamic_civ_scout_cap(168)), MANY_RULES(DEFRULE(c_few_barracks, a_res_loom), MANY_RULES(DEFRULE(c_no_house, a_dynamic_atk_percent(i_val(168))), MANY_RULES(DEFRULE(c_few_skirm, a_build_barracks), MANY_RULES(DEFRULE(c_few_barracks, a_res_loom), MANY_RULES(DEFRULE(c_few_skirm, a_build_lumber_camp), MANY_RULES(DEFRULE(c_few_skirm, a_train_vill), MANY_RULES(DEFRULE(AND(c_some_ram, c_few_skirm), a_res_loom), MANY_RULES(DEFRULE(c_few_barracks, a_res_loom), MANY_RULES(DEFRULE(c_few_skirm, a_res_farm_2), MANY_RULES(DEFRULE(c_few_barracks, a_forward_castle), MANY_RULES(DEFRULE(c_many_ram, a_dynamic_civ_scout_cap(20)), MANY_RULES(DEFRULE(c_some_ram, a_build_house), MANY_RULES(DEFRULE(c_no_house, a_dynamic_civ_scout_cap(168)), MANY_RULES(DEFRULE(c_few_barracks, a_res_loom), MANY_RULES(DEFRULE(c_no_house, a_dynamic_civ_scout_pct(i_val(25))), MANY_RULES(DEFRULE(c_few_skirm, a_train_vill), MANY_RULES(DEFRULE(c_few_skirm, a_build_barracks), MANY_RULES(DEFRULE(c_few_skirm, a_dynamic_civ_scout_cap(12)), MANY_RULES(DEFRULE(AND(c_many_archer, c_few_watch_tower), a_res_loom), MANY_RULES(DEFRULE(c_few_skirm, a_res_loom), MANY_RULES(DEFRULE(c_no_house, a_dynamic_civ_scout_cap(168)), MANY_RULES(DEFRULE(c_few_skirm, a_train_vill), MANY_RULES(DEFRULE(c_many_ram, a_dynamic_atk_percent(20)), MANY_RULES(DEFRULE(c_some_ram, a_build_house), MANY_RULES(DEFRULE(AND(c_mil_pop_10, c_far_gold), a_dynamic_civ_scout_cap(62)), MANY_RULES(DEFRULE(c_no_house, a_forward_castle), MANY_RULES(DEFRULE(c_few_barracks, a_res_loom), MANY_RULES(DEFRULE(c_no_house, a_dynamic_atk_percent(i_val(168))), MANY_RULES(DEFRULE(c_few_skirm, a_build_barracks), MANY_RULES(DEFRULE(c_few_barracks, a_res_loom), MANY_RULES(DEFRULE(c_few_skirm, a_build_lumber_camp), MANY_RULES(DEFRULE(c_few_skirm, a_train_vill), MANY_RULES(DEFRULE(AND(c_some_ram, c_few_skirm), a_res_loom), MANY_RULES(DEFRULE(c_few_barracks, a_res_loom), MANY_RULES(DEFRULE(c_few_skirm, a_res_farm_2), MANY_RULES(DEFRULE(c_few_skirm, a_build_barracks), MANY_RULES(DEFRULE(c_few_barracks, a_res_loom), MANY_RULES(DEFRULE(c_some_ram, a_build_house), MANY_RULES(DEFRULE(AND(c_some_ram, c_few_skirm), a_res_loom), MANY_RULES(DEFRULE(c_few_skirm, a_res_chemistry), MANY_RULES(DEFRULE(c_few_skirm, a_build_barracks), MANY_RULES(DEFRULE(c_few_barracks, a_res_loom), MANY_RULES(DEFRULE(c_few_skirm, a_res_farm_2), MANY_RULES(DEFRULE(c_few_skirm, a_res_farm_2), MANY_RULES(DEFRULE(AND(c_some_ram, c_few_skirm), a_res_loom), TWO_RULES(DEFRULE(c_few_barracks, a_res_loom), DEFRULE(c_low_wood, a_retreat_castle)))))))))))))))))))))))))))))))))))))))))))))))))))))))))))))))))"
160,13,462.7036,"MANY_RULES(DEFRULE(c_few_skirm, a_dynamic_group_size(i_val(12))), MANY_RULES(DEFRULE(c_few_skirm, a_build_house), MANY_RULES(DEFRULE(c_enemy_has_many_pike, a_build_house), MANY_RULES(DEFRULE(AND(AND(c_can_build_town_center, c_few_siege_workshop), c_enemy_has_many_pike), a_res_loom), MANY_RULES(DEFRULE(c_few_skirm, a_build_barracks), MANY_RULES(DEFRULE(c_few_barracks, a_dynamic_civ_scout_cap(168)), MANY_RULES(DEFRULE(c_some_ram, a_dynamic_civ_scout_cap(20)), MANY_RULES(DEFRULE(c_few_skirm, a_res_loom), MANY_RULES(DEFRULE(c_few_skirm, a_train_vill), MANY_RULES(DEFRULE(c_few_skirm, a_res_loom), MANY_RULES(DEFRULE(c_few_skirm, a_res_loom), MANY_RULES(DEFRULE(c_few_skirm, a_res_farm_2), MANY_RULES(DEFRULE(AND(c_many_archer, c_few_watch_tower), a_res_loom), MANY_RULES(DEFRULE(c_few_skirm, a_res_loom), MANY_RULES(DEFRULE(AND(c_few_skirm, c_can_res_gold_2), a_dynamic_civ_scout_cap(168)), MANY_RULES(DEFRULE(c_few_barracks, a_res_loom), MANY_RULES(DEFRULE(AND(c_few_skirm, c_enemy_has_many_pike), a_dynamic_civ_scout_cap(98)), MANY_RULES(DEFRULE(c_few_skirm, a_build_barracks), MANY_RULES(DEFRULE(c_few_barracks, a_res_loom), MANY_RULES(DEFRULE(c_few_skirm, a_build_barracks), MANY_RULES(DEFRULE(AND(c_can_res_stone_2, c_few_skirm), a_build_house), TWO_RULES(DEFRULE(c_few_barracks, a_build_lumber_camp), DEFRULE(c_has_monk, a_build_lumber_camp)))))))))))))))))))))))"
160,70,459.4464,"MANY_RULES(DEFRULE(AND(c_no_lumber_camp, c_can_res_chain_mail), a_dynamic_group_size(20)), MANY_RULES(DEFRULE(c_few_skirm, a_build_house), MANY_RULES(DEFRULE(c_enemy_has_many_pike, a_dynamic_camp_dist(20)), MANY_RULES(DEFRULE(c_few_barracks, a_res_loom), MANY_RULES(DEFRULE(c_no_house, a_dynamic_civ_scout_cap(168)), MANY_RULES(DEFRULE(c_few_barracks, a_res_loom), MANY_RULES(DEFRULE(c_no_house, a_dynamic_atk_percent(i_val(168))), MANY_RULES(DEFRULE(c_few_skirm, a_build_barracks), MANY_RULES(DEFRULE(c_few_barracks, a_res_loom), MANY_RULES(DEFRULE(c_few_skirm, a_build_lumber_camp), MANY_RULES(DEFRULE(c_few_skirm, a_train_vill), MANY_RULES(DEFRULE(AND(c_few_watch_tower, c_few_skirm), a_res_loom), MANY_RULES(DEFRULE(c_few_barracks, a_res_loom), MANY_RULES(DEFRULE(c_few_skirm, a_res_farm_2), MANY_RULES(DEFRULE(c_few_skirm, a_build_barracks), MANY_RULES(DEFRULE(c_few_barracks, a_res_loom), MANY_RULES(DEFRULE(c_few_barracks, a_forward_castle), MANY_RULES(DEFRULE(c_few_archery_range, a_res_loom), MANY_RULES(DEFRULE(c_few_skirm, a_dynamic_civ_scout_cap(12)), MANY_RULES(DEFRULE(AND(c_some_ram, c_few_skirm), a_res_loom), MANY_RULES(DEFRULE(c_few_watch_tower, a_train_vill), MANY_RULES(DEFRULE(AND(c_few_skirm, c_enemy_has_many_pike), a_res_farm_2), MANY_RULES(DEFRULE(c_few_barracks, a_forward_castle), MANY_RULES(DEFRULE(c_many_ram, a_dynamic_civ_scout_cap(20)), MANY_RULES(DEFRULE(c_some_infantry, a_build_house), MANY_RULES(DEFRULE(c_few_skirm, a_train_vill), MANY_RULES(DEFRULE(c_few_skirm, a_res_farm_2), MANY_RULES(DEFRULE(AND(c_few_skirm, c_enemy_has_many_pike), a_res_loom), MANY_RULES(DEFRULE(c_few_barracks, a_res_loom), MANY_RULES(DEFRULE(c_few_barracks, a_res_loom), MANY_RULES(DEFRULE(c_no_house, a_dynamic_civ_scout_cap(168)), MANY_RULES(DEFRULE(c_few_barracks, a_res_loom), MANY_RULES(DEFRULE(c_no_house, a_dynamic_atk_percent(i_val(168))), MANY_RULES(DEFRULE(c_few_skirm, a_build_barracks), MANY_RULES(DEFRULE(c_few_barracks, a_res_loom), MANY_RULES(DEFRULE(c_few_skirm, a_build_lumber_camp), MANY_RULES(DEFRULE(c_few_skirm, a_res_loom), MANY_RULES(DEFRULE(AND(c_some_ram, c_few_skirm), a_res_loom), MANY_RULES(DEFRULE(c_few_barracks, a_res_loom), MANY_RULES(DEFRULE(c_few_skirm, a_res_farm_2), MANY_RULES(DEFRULE(c_few_skirm, a_build_barracks), MANY_RULES(DEFRULE(c_few_barracks, a_res_loom), MANY_RULES(DEFRULE(c_some_ram, a_build_house), MANY_RULES(DEFRULE(AND(c_some_ram, c_few_skirm), a_res_loom), MANY_RULES(DEFRULE(c_few_barracks, a_res_loom), MANY_RULES(DEFRULE(c_few_skirm, a_dynamic_civ_scout_cap(168)), MANY_RULES(DEFRULE(AND(c_some_ram, c_many_ram), a_res_loom), MANY_RULES(DEFRULE(c_no_house, a_dynamic_atk_percent(i_val(3))), MANY_RULES(DEFRULE(AND(c_few_skirm, c_enemy_has_many_pike), a_res_farm_2), MANY_RULES(DEFRULE(c_few_barracks, a_forward_castle), MANY_RULES(DEFRULE(c_many_ram, a_dynamic_civ_scout_cap(20)), MANY_RULES(DEFRULE(c_some_infantry, a_build_house), MANY_RULES(DEFRULE(c_far_gold, a_train_vill), MANY_RULES(DEFRULE(AND(c_many_archer, AND(c_no_blacksmith, c_no_monastery)), a_res_loom), MANY_RULES(DEFRULE(c_few_skirm, a_res_farm_2), MANY_RULES(DEFRULE(c_few_barracks, a_res_loom), MANY_RULES(DEFRULE(c_few_skirm, a_dynamic_civ_scout_cap(i_val(62))), MANY_RULES(DEFRULE(c_no_house, a_dynamic_atk_percent(i_val(i_val(62)))), MANY_RULES(DEFRULE(c_few_skirm, a_build_barracks), MANY_RULES(DEFRULE(c_few_barracks, a_res_loom), MANY_RULES(DEFRULE(c_some_ram, a_build_house), MANY_RULES(DEFRULE(AND(c_some_ram, c_few_skirm), a_res_loom), TWO_RULES(t_empty_rule, t_empty_rule)))))))))))))))))))))))))))))))))))))))))))))))))))))))))))))))"
160,68,455.5936,"MANY_RULES(DEFRULE(c_can_res_chain_mail, a_dynamic_group_size(20)), MANY_RULES(DEFRULE(c_few_skirm, a_build_house), MANY_RULES(DEFRULE(c_enemy_has_many_pike, a_dynamic_camp_dist(20)), MANY_RULES(DEFRULE(AND(c_few_skirm, c_enemy_has_many_pike), a_res_loom), MANY_RULES(DEFRULE(c_few_barracks, a_res_loom), MANY_RULES(DEFRULE(c_few_barracks, a_res_loom), MANY_RULES(DEFRULE(c_no_house, a_dynamic_civ_scout_cap(168)), MANY_RULES(DEFRULE(c_few_barracks, a_res_loom), MANY_RULES(DEFRULE(c_no_house, a_dynamic_atk_percent(i_val(12))), MANY_RULES(DEFRULE(c_few_skirm, a_build_barracks), MANY_RULES(DEFRULE(c_few_barracks, a_res_loom), MANY_RULES(DEFRULE(c_few_skirm, a_build_lumber_camp), MANY_RULES(DEFRULE(c_few_skirm, a_train_vill), MANY_RULES(DEFRULE(AND(c_some_ram, c_few_skirm), a_res_loom), MANY_RULES(DEFRULE(c_few_barracks, a_res_loom), MANY_RULES(DEFRULE(AND(c_mil_pop_10, c_far_gold), a_dynamic_civ_scout_cap(62)), MANY_RULES(t_empty_rule, MANY_RULES(DEFRULE(c_no_house, a_dynamic_civ_scout_cap(168)), MANY_RULES(DEFRULE(c_few_barracks, a_res_loom), MANY_RULES(DEFRULE(c_no_house, a_dynamic_atk_percent(i_val(168))), MANY_RULES(DEFRULE(c_few_skirm, a_build_barracks), MANY_RULES(DEFRULE(c_few_barracks, a_res_loom), MANY_RULES(DEFRULE(c_few_skirm, a_build_lumber_camp), MANY_RULES(DEFRULE(c_few_skirm, a_train_vill), MANY_RULES(DEFRULE(AND(c_some_ram, c_few_skirm), a_res_loom), MANY_RULES(DEFRULE(c_few_barracks, a_res_loom), MANY_RULES(DEFRULE(c_few_skirm, a_res_farm_2), MANY_RULES(DEFRULE(c_few_barracks, a_forward_castle), MANY_RULES(DEFRULE(c_many_ram, a_dynamic_civ_scout_cap(20)), MANY_RULES(DEFRULE(c_some_ram, a_build_house), MANY_RULES(DEFRULE(c_no_house, a_dynamic_civ_scout_cap(168)), MANY_RULES(DEFRULE(c_few_barracks, a_res_loom), MANY_RULES(DEFRULE(c_no_house, a_dynamic_civ_scout_pct(i_val(25))), MANY_RULES(DEFRULE(c_few_skirm, a_train_vill), MANY_RULES(DEFRULE(c_few_skirm, a_build_barracks), MANY_RULES(DEFRULE(c_few_skirm, a_dynamic_civ_scout_cap(12)), MANY_RULES(DEFRULE(AND(c_many_archer, c_few_watch_tower), a_res_loom), MANY_RULES(DEFRULE(c_few_skirm, a_res_loom), MANY_RULES(DEFRULE(c_no_house, a_dynamic_civ_scout_cap(168)), MANY_RULES(DEFRULE(c_few_skirm, a_train_vill), MANY_RULES(DEFRULE(c_many_ram, a_dynamic_atk_percent(20)), MANY_RULES(DEFRULE(c_some_ram, a_build_house), MANY_RULES(DEFRULE(AND(c_mil_pop_10, c_far_gold), a_dynamic_civ_scout_cap(62)), MANY_RULES(DEFRULE(c_no_house, a_forward_castle), MANY_RULES(DEFRULE(c_few_barracks, a_res_loom), MANY_RULES(DEFRULE(c_no_house, a_dynamic_atk_percent(i_val(168))), MANY_RULES(DEFRULE(c_few_skirm, a_build_barracks), MANY_RULES(DEFRULE(c_few_barracks, a_res_loom), MANY_RULES(DEFRULE(c_few_skirm, a_build_lumber_camp), MANY_RULES(DEFRULE(c_few_skirm, a_train_vill), MANY_RULES(DEFRULE(AND(c_some_ram, c_few_skirm), a_res_loom), MANY_RULES(DEFRULE(c_few_barracks, a_res_loom), MANY_RULES(DEFRULE(c_few_skirm, a_res_farm_2), MANY_RULES(DEFRULE(c_few_skirm, a_build_barracks), MANY_RULES(DEFRULE(c_few_barracks, a_res_loom), MANY_RULES(DEFRULE(c_some_ram, a_build_house), MANY_RULES(DEFRULE(AND(c_some_ram, c_few_skirm), a_res_loom), MANY_RULES(DEFRULE(c_few_skirm, a_res_chemistry), MANY_RULES(DEFRULE(c_few_skirm, a_build_barracks), MANY_RULES(DEFRULE(c_few_barracks, a_res_loom), MANY_RULES(DEFRULE(c_few_skirm, a_res_farm_2), MANY_RULES(DEFRULE(c_few_skirm, a_res_farm_2), TWO_RULES(DEFRULE(c_few_barracks, a_res_loom), DEFRULE(c_low_wood, a_retreat_castle))))))))))))))))))))))))))))))))))))))))))))))))))))))))))))))))"
160,44,454.4808,"MANY_RULES(DEFRULE(AND(c_no_lumber_camp, c_can_res_chain_mail), a_dynamic_group_size(168)), MANY_RULES(t_empty_rule, MANY_RULES(DEFRULE(c_far_gold, a_train_vill), MANY_RULES(DEFRULE(c_few_skirm, a_res_loom), MANY_RULES(DEFRULE(AND(c_few_skirm, c_enemy_has_many_pike), a_dynamic_civ_scout_cap(12)), MANY_RULES(DEFRULE(c_many_knight, a_res_loom), MANY_RULES(DEFRULE(c_few_skirm, a_train_vill), MANY_RULES(DEFRULE(c_few_skirm, a_res_loom), MANY_RULES(DEFRULE(c_few_skirm, a_res_farm_2), MANY_RULES(DEFRULE(c_few_barracks, a_forward_castle), MANY_RULES(DEFRULE(c_some_ram, a_build_house), MANY_RULES(DEFRULE(c_some_ram, a_build_house), MANY_RULES(DEFRULE(c_far_gold, a_train_vill), MANY_RULES(DEFRULE(c_few_skirm, a_train_vill), MANY_RULES(DEFRULE(c_few_skirm, a_res_farm_2), MANY_RULES(DEFRULE(c_few_archery_range, a_res_loom), MANY_RULES(DEFRULE(c_few_skirm, a_dynamic_civ_scout_cap(12)), MANY_RULES(DEFRULE(AND(c_some_ram, c_few_skirm), a_res_loom), MANY_RULES(DEFRULE(c_few_watch_tower, a_train_vill), MANY_RULES(DEFRULE(AND(c_few_skirm, c_enemy_has_many_pike), a_res_farm_2), MANY_RULES(DEFRULE(c_few_barracks, a_forward_castle), MANY_RULES(DEFRULE(c_many_ram, a_dynamic_civ_scout_cap(20)), MANY_RULES(DEFRULE(c_some_infantry, a_build_house), MANY_RULES(DEFRULE(c_few_skirm, a_build_house), MANY_RULES(DEFRULE(c_few_skirm, a_train_vill), MANY_RULES(DEFRULE(c_few_skirm, a_res_farm_2), MANY_RULES(DEFRULE(c_few_barracks, a_res_loom), MANY_RULES(DEFRULE(AND(c_few_skirm, c_enemy_has_many_pike), a_res_loom), MANY_RULES(DEFRULE(c_few_barracks, a_res_loom), MANY_RULES(DEFRULE(c_few_barracks, a_res_loom), MANY_RULES(DEFRULE(c_no_house, a_dynamic_civ_scout_cap(168)), MANY_RULES(DEFRULE(c_few_barracks, a_res_loom), MANY_RULES(DEFRULE(c_no_house, a_dynamic_atk_percent(i_val(168))), MANY_RULES(DEFRULE(c_few_skirm, a_build_barracks), MANY_RULES(DEFRULE(c_few_barracks, a_res_loom), MANY_RULES(DEFRULE(c_few_skirm, a_build_lumber_camp), MANY_RULES(DEFRULE(c_few_skirm, a_train_vill), MANY_RULES(DEFRULE(AND(c_some_ram, c_few_skirm), a_res_loom), MANY_RULES(DEFRULE(c_few_barracks, a_res_loom), MANY_RULES(DEFRULE(c_few_skirm, a_res_farm_2), MANY_RULES(DEFRULE(c_few_skirm, a_build_barracks), MANY_RULES(DEFRULE(c_few_barracks, a_res_bracer), MANY_RULES(DEFRULE(c_some_ram, a_build_house), MANY_RULES(DEFRULE(AND(c_some_ram, c_few_skirm), a_res_loom), TWO_RULES(DEFRULE(c_few_barracks, a_build_lumber_camp), DEFRULE(c_low_wood, a_train_vill))))))))))))))))))))))))))))))))))))))))))))))"
160,86,452.6376,"MANY_RULES(DEFRULE(c_can_go_castle_age, a_build_castle), TWO_RULES(t_empty_rule, t_empty_rule))"
160,35,446.628,"MANY_RULES(DEFRULE(AND(c_no_lumber_camp, c_can_res_chain_mail), a_dynamic_group_size(20)), MANY_RULES(DEFRULE(c_few_mill, a_build_house), MANY_RULES(DEFRULE(c_enemy_has_many_pike, a_dynamic_camp_dist(20)), MANY_RULES(DEFRULE(AND(c_few_skirm, c_enemy_has_many_pike), a_res_loom), MANY_RULES(DEFRULE(c_few_barracks, a_res_loom), MANY_RULES(DEFRULE(AND(c_some_ram, c_many_ram), a_res_loom), MANY_RULES(DEFRULE(c_no_house, a_dynamic_civ_scout_cap(168)), MANY_RULES(DEFRULE(c_few_barracks, a_res_loom), MANY_RULES(DEFRULE(c_no_house, a_dynamic_atk_percent(i_val(62))), MANY_RULES(DEFRULE(c_few_skirm, a_build_barracks), MANY_RULES(DEFRULE(c_few_barracks, a_res_loom), MANY_RULES(DEFRULE(c_few_skirm, a_build_lumber_camp), MANY_RULES(DEFRULE(c_few_barracks, a_res_loom), MANY_RULES(t_empty_rule, MANY_RULES(DEFRULE(c_far_gold, a_train_vill), MANY_RULES(DEFRULE(c_few_skirm, a_res_loom), MANY_RULES(DEFRULE(AND(c_few_skirm, c_enemy_has_many_pike), a_dynamic_civ_scout_cap(12)), MANY_RULES(DEFRULE(c_few_skirm, a_res_loom), MANY_RULES(DEFRULE(c_few_skirm, a_train_vill), MANY_RULES(DEFRULE(c_few_skirm, a_res_loom), MANY_RULES(DEFRULE(c_few_skirm, a_res_farm_2), MANY_RULES(DEFRULE(c_can_buy_food, a_forward_castle), MANY_RULES(DEFRULE(c_many_ram, a_dynamic_civ_scout_cap(168)), MANY_RULES(DEFRULE(c_few_mill, a_dynamic_civ_scout_cap(12)), MANY_RULES(DEFRULE(c_far_gold, a_train_vill), MANY_RULES(DEFRULE(c_few_skirm, a_train_vill), MANY_RULES(DEFRULE(c_few_skirm, a_res_farm_2), MANY_RULES(DEFRULE(c_few_barracks, a_res_loom), MANY_RULES(DEFRULE(c_few_skirm, a_dynamic_civ_scout_cap(168)), MANY_RULES(DEFRULE(AND(c_some_ram, c_few_skirm), a_res_loom), MANY_RULES(DEFRULE(c_no_house, a_dynamic_atk_percent(i_val(3))), MANY_RULES(DEFRULE(c_few_barracks, a_forward_castle), MANY_RULES(DEFRULE(c_many_ram, a_dynamic_civ_scout_cap(20)), MANY_RULES(DEFRULE(c_some_infantry, a_build_house), MANY_RULES(DEFRULE(c_far_gold, a_train_vill), MANY_RULES(DEFRULE(c_few_skirm, a_train_vill), MANY_RULES(DEFRULE(c_few_skirm, a_res_farm_2), MANY_RULES(DEFRULE(c_few_barracks, a_res_loom), MANY_RULES(DEFRULE(c_few_skirm, a_dynamic_civ_scout_cap(i_val(12))), MANY_RULES(DEFRULE(c_no_house, a_dynamic_atk_percent(i_val(62))), MANY_RULES(t_empty_rule, MANY_RULES(DEFRULE(c_few_barracks, a_res_farm_2), MANY_RULES(DEFRULE(c_some_ram, a_build_house), MANY_RULES(DEFRULE(AND(c_some_ram, c_few_skirm), a_res_loom), TWO_RULES(DEFRULE(c_few_barracks, a_town_size_20), DEFRULE(c_low_wood, a_train_vill))))))))))))))))))))))))))))))))))))))))))))))"
160,80,442.0864,"MANY_RULES(DEFRULE(AND(c_no_lumber_camp, c_can_res_chain_mail), a_dynamic_group_size(20)), MANY_RULES(DEFRULE(c_few_mill, a_build_house), MANY_RULES(DEFRULE(c_enemy_has_many_pike, a_dynamic_camp_dist(20)), MANY_RULES(DEFRULE(AND(c_few_skirm, c_enemy_has_many_pike), a_res_loom), MANY_RULES(DEFRULE(c_few_barracks, a_res_loom), MANY_RULES(DEFRULE(AND(c_some_ram, c_many_ram), a_res_loom), MANY_RULES(DEFRULE(c_no_house, a_dynamic_civ_scout_cap(168)), MANY_RULES(DEFRULE(c_few_barracks, a_res_loom), MANY_RULES(DEFRULE(c_no_house, a_dynamic_atk_percent(i_val(i_val(168)))), MANY_RULES(DEFRULE(c_few_skirm, a_build_barracks), MANY_RULES(DEFRULE(c_few_barracks, a_res_loom), MANY_RULES(DEFRULE(c_few_skirm, a_build_lumber_camp), MANY_RULES(DEFRULE(c_few_skirm, a_train_vill), MANY_RULES(DEFRULE(AND(c_some_ram, c_few_skirm), a_res_loom), MANY_RULES(DEFRULE(c_few_barracks, a_res_loom), MANY_RULES(DEFRULE(c_few_skirm, a_res_farm_2), MANY_RULES(DEFRULE(c_few_skirm, a_forward_castle), MANY_RULES(DEFRULE(c_many_ram, a_dynamic_civ_scout_cap(20)), MANY_RULES(DEFRULE(c_some_ram, a_build_house), MANY_RULES(DEFRULE(AND(AND(c_no_mining_camp, c_far_gold), AND(c_few_treb, c_far_gold)), a_train_vill), MANY_RULES(DEFRULE(c_far_gold, a_res_loom), MANY_RULES(DEFRULE(c_few_skirm, a_res_farm_2), MANY_RULES(DEFRULE(c_no_blacksmith, a_res_loom), MANY_RULES(DEFRULE(c_few_skirm, a_dynamic_civ_scout_cap(168)), MANY_RULES(DEFRULE(c_few_skirm, a_res_farm_2), MANY_RULES(DEFRULE(c_no_house, a_dynamic_atk_percent(i_val(20))), MANY_RULES(DEFRULE(c_few_skirm, a_build_barracks), MANY_RULES(DEFRULE(c_few_barracks, a_res_loom), MANY_RULES(DEFRULE(c_few_skirm, a_res_farm_2), MANY_RULES(DEFRULE(c_few_barracks, a_res_loom), MANY_RULES(DEFRULE(AND(c_few_skirm, c_few_skirm), a_res_loom), TWO_RULES(DEFRULE(c_few_barracks, a_res_loom), DEFRULE(c_low_wood, a_retreat_castle)))))))))))))))))))))))))))))))))"
160,9,434.044,"MANY_RULES(DEFRULE(AND(c_no_lumber_camp, c_can_res_chain_mail), a_dynamic_group_size(168)), MANY_RULES(t_empty_rule, MANY_RULES(DEFRULE(c_far_gold, a_train_vill), MANY_RULES(DEFRULE(c_few_skirm, a_res_loom), MANY_RULES(DEFRULE(AND(c_few_skirm, c_enemy_has_many_pike), a_dynamic_civ_scout_cap(12)), MANY_RULES(DEFRULE(c_few_skirm, a_res_loom), MANY_RULES(DEFRULE(c_few_skirm, a_train_vill), MANY_RULES(DEFRULE(c_few_skirm, a_res_loom), MANY_RULES(DEFRULE(c_few_skirm, a_res_farm_2), MANY_RULES(DEFRULE(c_few_barracks, a_forward_castle), MANY_RULES(DEFRULE(c_few_skirm, a_dynamic_civ_scout_cap(20)), MANY_RULES(DEFRULE(c_some_ram, a_build_house), MANY_RULES(DEFRULE(c_far_gold, a_train_vill), MANY_RULES(DEFRULE(c_few_skirm, a_res_farm_2), MANY_RULES(DEFRULE(c_few_archery_range, a_res_loom), MANY_RULES(DEFRULE(c_few_skirm, a_dynamic_civ_scout_cap(12)), MANY_RULES(DEFRULE(AND(c_no_watch_tower, c_few_skirm), a_res_loom), MANY_RULES(DEFRULE(c_few_watch_tower, a_train_vill), MANY_RULES(DEFRULE(AND(c_few_skirm, c_enemy_has_many_pike), a_res_farm_2), MANY_RULES(DEFRULE(c_few_barracks, a_forward_castle), MANY_RULES(DEFRULE(c_many_ram, a_dynamic_civ_scout_cap(20)), MANY_RULES(DEFRULE(c_some_infantry, a_build_house), MANY_RULES(DEFRULE(c_few_skirm, a_build_house), MANY_RULES(DEFRULE(c_few_skirm, a_train_vill), MANY_RULES(DEFRULE(c_few_skirm, a_res_farm_2), MANY_RULES(DEFRULE(c_few_barracks, a_res_loom), MANY_RULES(DEFRULE(AND(c_few_skirm, c_enemy_has_many_pike), a_res_loom), MANY_RULES(DEFRULE(c_few_barracks, a_res_loom), MANY_RULES(DEFRULE(c_few_barracks, a_res_loom), MANY_RULES(DEFRULE(c_few_skirm, a_dynamic_civ_scout_cap(168)), MANY_RULES(DEFRULE(c_few_barracks, a_res_loom), MANY_RULES(DEFRULE(c_no_house, a_dynamic_atk_percent(i_val(168))), MANY_RULES(DEFRULE(c_few_skirm, a_build_barracks), MANY_RULES(DEFRULE(c_few_barracks, a_res_loom), MANY_RULES(DEFRULE(c_few_skirm, a_build_lumber_camp), MANY_RULES(DEFRULE(c_few_skirm, a_train_vill), MANY_RULES(DEFRULE(AND(c_some_ram, c_few_skirm), a_res_loom), MANY_RULES(DEFRULE(c_few_barracks, a_res_loom), MANY_RULES(DEFRULE(c_few_skirm, a_res_farm_2), MANY_RULES(DEFRULE(c_few_skirm, a_build_barracks), MANY_RULES(DEFRULE(c_few_barracks, a_res_bracer), MANY_RULES(DEFRULE(c_some_ram, a_build_house), MANY_RULES(DEFRULE(AND(c_some_ram, c_few_skirm), a_res_loom), TWO_RULES(DEFRULE(c_few_barracks, a_build_lumber_camp), DEFRULE(c_low_wood, a_train_vill)))))))))))))))))))))))))))))))))))))))))))))"
160,30,428.4448,"MANY_RULES(DEFRULE(AND(c_no_lumber_camp, c_can_res_chain_mail), a_dynamic_group_size(20)), MANY_RULES(DEFRULE(c_few_mill, a_build_house), MANY_RULES(DEFRULE(c_enemy_has_many_pike, a_dynamic_camp_dist(20)), MANY_RULES(DEFRULE(AND(c_few_skirm, c_enemy_has_many_pike), a_res_loom), MANY_RULES(DEFRULE(c_few_barracks, a_res_loom), MANY_RULES(DEFRULE(AND(c_some_ram, c_many_ram), a_res_loom), MANY_RULES(DEFRULE(c_no_house, a_dynamic_civ_scout_cap(168)), MANY_RULES(DEFRULE(c_few_barracks, a_res_loom), MANY_RULES(DEFRULE(c_no_house, a_dynamic_atk_percent(12)), MANY_RULES(DEFRULE(c_few_skirm, a_build_barracks), MANY_RULES(DEFRULE(c_few_barracks, a_res_loom), MANY_RULES(DEFRULE(c_few_skirm, a_build_lumber_camp), MANY_RULES(DEFRULE(c_few_skirm, a_train_vill), MANY_RULES(DEFRULE(AND(c_some_ram, c_few_skirm), a_res_loom), MANY_RULES(DEFRULE(c_few_barracks, a_res_loom), MANY_RULES(DEFRULE(c_few_skirm, a_res_farm_2), MANY_RULES(DEFRULE(c_few_skirm, a_forward_castle), MANY_RULES(DEFRULE(c_many_ram, a_dynamic_civ_scout_cap(20)), MANY_RULES(DEFRULE(c_some_ram, a_build_house), MANY_RULES(DEFRULE(AND(AND(c_no_mining_camp, c_far_gold), AND(c_few_treb, c_far_gold)), a_train_vill), MANY_RULES(DEFRULE(c_few_skirm, a_res_farm_2), MANY_RULES(DEFRULE(AND(c_many_archer, c_no_blacksmith), a_res_loom), MANY_RULES(DEFRULE(c_few_skirm, a_dynamic_civ_scout_cap(168)), MANY_RULES(DEFRULE(c_few_skirm, a_res_farm_2), MANY_RULES(DEFRULE(c_no_house, a_dynamic_atk_percent(i_val(20))), MANY_RULES(DEFRULE(c_few_skirm, a_build_barracks), MANY_RULES(DEFRULE(c_few_barracks, a_res_loom), MANY_RULES(DEFRULE(c_few_skirm, a_res_farm_2), MANY_RULES(DEFRULE(c_few_barracks, a_res_loom), MANY_RULES(DEFRULE(c_few_barracks, a_res_loom), TWO_RULES(DEFRULE(c_few_barracks, a_res_loom), DEFRULE(c_low_wood, a_retreat_castle))))))))))))))))))))))))))))))))"
160,90,415.5008,"MANY_RULES(DEFRULE(AND(c_has_food, c_can_res_stone_1), a_dynamic_camp_dist(54)), TWO_RULES(DEFRULE(c_enemy_has_many_knight, a_go_feudal_age), DEFRULE(c_few_dock, a_forward_barracks)))"
160,14,408.85,"MANY_RULES(DEFRULE(AND(c_no_lumber_camp, c_can_res_chain_mail), a_dynamic_group_size(168)), MANY_RULES(t_empty_rule, MANY_RULES(DEFRULE(c_far_gold, a_train_vill), MANY_RULES(DEFRULE(c_few_skirm, a_res_loom), MANY_RULES(DEFRULE(AND(c_few_skirm, c_enemy_has_many_pike), a_dynamic_civ_scout_cap(12)), MANY_RULES(DEFRULE(c_few_skirm, a_res_loom), MANY_RULES(DEFRULE(c_few_skirm, a_train_vill), MANY_RULES(DEFRULE(c_few_skirm, a_res_loom), MANY_RULES(DEFRULE(c_few_skirm, a_res_farm_2), MANY_RULES(DEFRULE(c_few_barracks, a_build_house), MANY_RULES(DEFRULE(c_many_ram, a_dynamic_civ_scout_cap(20)), MANY_RULES(DEFRULE(c_some_ram, a_build_house), MANY_RULES(DEFRULE(c_few_skirm, a_train_vill), MANY_RULES(DEFRULE(c_few_skirm, a_res_farm_2), MANY_RULES(DEFRULE(c_few_barracks, a_res_loom), MANY_RULES(DEFRULE(c_few_skirm, a_dynamic_civ_scout_cap(12)), MANY_RULES(DEFRULE(AND(c_some_ram, c_few_skirm), a_res_loom), MANY_RULES(DEFRULE(c_no_house, a_dynamic_atk_percent(i_val(3))), MANY_RULES(DEFRULE(AND(c_few_skirm, c_enemy_has_many_pike), a_res_farm_2), MANY_RULES(DEFRULE(c_few_barracks, a_forward_castle), MANY_RULES(DEFRULE(c_many_ram, a_dynamic_civ_scout_cap(20)), MANY_RULES(DEFRULE(c_few_barracks, a_forward_castle), MANY_RULES(DEFRULE(c_far_gold, a_train_vill), MANY_RULES(DEFRULE(c_few_skirm, a_train_vill), MANY_RULES(DEFRULE(c_few_skirm, a_res_farm_2), MANY_RULES(DEFRULE(c_few_barracks, a_res_loom), MANY_RULES(DEFRULE(c_few_skirm, a_dynamic_civ_scout_cap(i_val(62))), MANY_RULES(t_empty_rule, MANY_RULES(DEFRULE(c_few_barracks, a_res_loom), MANY_RULES(DEFRULE(c_no_house, a_dynamic_atk_percent(i_val(62))), MANY_RULES(DEFRULE(c_few_skirm, a_build_barracks), MANY_RULES(DEFRULE(c_few_barracks, a_res_loom), MANY_RULES(DEFRULE(c_few_skirm, a_build_lumber_camp), MANY_RULES(DEFRULE(c_few_skirm, a_train_vill), MANY_RULES(DEFRULE(AND(c_some_ram, c_few_skirm), a_res_loom), MANY_RULES(DEFRULE(c_few_barracks, a_res_loom), MANY_RULES(DEFRULE(c_few_skirm, a_res_farm_2), MANY_RULES(DEFRULE(c_few_barracks, a_forward_castle), MANY_RULES(DEFRULE(c_many_ram, a_dynamic_civ_scout_cap(20)), MANY_RULES(DEFRULE(c_few_barracks, a_forward_castle), MANY_RULES(DEFRULE(c_many_ram, a_dynamic_camp_dist(20)), MANY_RULES(DEFRULE(c_some_ram, a_build_house), MANY_RULES(DEFRULE(c_no_house, a_dynamic_civ_scout_cap(168)), MANY_RULES(DEFRULE(c_few_barracks, a_res_loom), MANY_RULES(DEFRULE(c_no_house, a_dynamic_atk_percent(i_val(62))), MANY_RULES(DEFRULE(c_few_skirm, a_train_vill), MANY_RULES(DEFRULE(c_enemy_has_few_archer, a_build_barracks), MANY_RULES(DEFRULE(c_few_skirm, a_dynamic_civ_scout_cap(168)), MANY_RULES(DEFRULE(AND(c_many_archer, c_few_watch_tower), a_res_loom), MANY_RULES(DEFRULE(c_few_skirm, a_res_loom), MANY_RULES(DEFRULE(c_no_house, a_dynamic_civ_scout_cap(168)), MANY_RULES(DEFRULE(c_few_barracks, a_train_vill), MANY_RULES(DEFRULE(c_no_house, a_res_loom), MANY_RULES(DEFRULE(c_some_ram, a_build_house), MANY_RULES(DEFRULE(AND(c_mil_pop_10, c_no_archery_range), a_dynamic_civ_scout_cap(62)), MANY_RULES(DEFRULE(c_few_skirm, a_train_vill), MANY_RULES(DEFRULE(c_few_skirm, a_res_farm_2), MANY_RULES(DEFRULE(AND(c_many_archer, c_few_watch_tower), a_res_loom), MANY_RULES(DEFRULE(c_few_skirm, a_dynamic_civ_scout_cap(168)), MANY_RULES(DEFRULE(c_few_barracks, a_forward_castle), MANY_RULES(DEFRULE(c_no_house, a_dynamic_atk_percent(i_val(62))), MANY_RULES(DEFRULE(c_few_skirm, a_build_barracks), MANY_RULES(DEFRULE(c_few_barracks, a_res_loom), MANY_RULES(DEFRULE(c_can_res_blast, a_go_feudal_age), MANY_RULES(t_empty_rule, t_empty_list)))))))))))))))))))))))))))))))))))))))))))))))))))))))))))))))))"
160,1,406.926,"MANY_RULES(DEFRULE(AND(c_no_lumber_camp, c_can_res_chain_mail), a_dynamic_group_size(168)), MANY_RULES(t_empty_rule, MANY_RULES(DEFRULE(c_far_gold, a_train_vill), MANY_RULES(DEFRULE(c_few_skirm, a_res_loom), MANY_RULES(DEFRULE(AND(c_few_skirm, c_enemy_has_many_pike), a_dynamic_civ_scout_cap(12)), MANY_RULES(DEFRULE(c_few_skirm, a_res_loom), MANY_RULES(DEFRULE(c_few_skirm, a_train_vill), MANY_RULES(DEFRULE(c_few_skirm, a_res_loom), MANY_RULES(DEFRULE(c_few_skirm, a_res_farm_2), MANY_RULES(DEFRULE(c_few_barracks, a_train_vill), MANY_RULES(DEFRULE(c_many_ram, a_dynamic_civ_scout_cap(20)), MANY_RULES(DEFRULE(c_some_ram, a_build_house), MANY_RULES(DEFRULE(c_few_skirm, a_train_vill), MANY_RULES(DEFRULE(c_few_skirm, a_res_farm_2), MANY_RULES(DEFRULE(c_few_barracks, a_res_loom), MANY_RULES(DEFRULE(c_few_skirm, a_dynamic_civ_scout_cap(12)), MANY_RULES(DEFRULE(AND(c_some_ram, c_few_skirm), a_res_loom), MANY_RULES(DEFRULE(c_few_barracks, a_forward_castle), MANY_RULES(DEFRULE(AND(c_few_skirm, c_enemy_has_many_pike), a_res_farm_2), MANY_RULES(DEFRULE(c_few_barracks, a_forward_castle), MANY_RULES(DEFRULE(c_many_ram, a_dynamic_civ_scout_cap(20)), MANY_RULES(DEFRULE(c_few_barracks, a_forward_castle), MANY_RULES(DEFRULE(c_far_gold, a_train_vill), MANY_RULES(DEFRULE(c_few_skirm, a_train_vill), MANY_RULES(DEFRULE(c_few_skirm, a_res_farm_2), MANY_RULES(DEFRULE(c_few_barracks, a_res_loom), MANY_RULES(DEFRULE(c_few_skirm, a_dynamic_civ_scout_cap(i_val(62))), MANY_RULES(t_empty_rule, MANY_RULES(DEFRULE(c_few_barracks, a_res_loom), MANY_RULES(DEFRULE(c_no_house, a_dynamic_atk_percent(i_val(62))), MANY_RULES(DEFRULE(c_few_skirm, a_build_barracks), MANY_RULES(DEFRULE(c_few_barracks, a_res_loom), MANY_RULES(DEFRULE(c_few_skirm, a_build_lumber_camp), MANY_RULES(DEFRULE(c_few_skirm, a_train_vill), MANY_RULES(DEFRULE(AND(c_some_ram, c_few_skirm), a_res_loom), MANY_RULES(DEFRULE(c_few_barracks, a_res_loom), MANY_RULES(DEFRULE(c_few_skirm, a_res_farm_2), MANY_RULES(DEFRULE(c_few_barracks, a_forward_castle), MANY_RULES(DEFRULE(c_many_ram, a_dynamic_civ_scout_cap(20)), MANY_RULES(DEFRULE(c_few_barracks, a_forward_castle), MANY_RULES(DEFRULE(c_many_ram, a_dynamic_camp_dist(20)), MANY_RULES(DEFRULE(c_some_ram, a_build_house), MANY_RULES(DEFRULE(c_no_house, a_dynamic_civ_scout_cap(168)), MANY_RULES(DEFRULE(c_few_barracks, a_res_loom), MANY_RULES(DEFRULE(c_no_house, a_dynamic_atk_percent(i_val(62))), MANY_RULES(DEFRULE(c_few_skirm, a_train_vill), MANY_RULES(DEFRULE(c_few_skirm, a_build_barracks), MANY_RULES(DEFRULE(c_few_skirm, a_dynamic_civ_scout_cap(168)), MANY_RULES(DEFRULE(AND(c_many_archer, c_few_watch_tower), a_res_loom), MANY_RULES(DEFRULE(c_few_skirm, a_res_loom), MANY_RULES(DEFRULE(c_no_house, a_dynamic_civ_scout_cap(168)), MANY_RULES(DEFRULE(c_few_barracks, a_train_vill), MANY_RULES(DEFRULE(c_no_house, a_dynamic_atk_percent(20)), MANY_RULES(DEFRULE(c_some_ram, a_build_house), MANY_RULES(DEFRULE(AND(c_mil_pop_10, c_no_archery_range), a_dynamic_civ_scout_cap(62)), MANY_RULES(DEFRULE(c_few_skirm, a_train_vill), MANY_RULES(DEFRULE(c_few_skirm, a_res_farm_2), MANY_RULES(DEFRULE(AND(c_many_archer, c_few_watch_tower), a_res_loom), MANY_RULES(DEFRULE(c_few_skirm, a_dynamic_civ_scout_cap(168)), MANY_RULES(DEFRULE(c_few_barracks, a_forward_castle), MANY_RULES(DEFRULE(c_no_house, a_dynamic_atk_percent(i_val(62))), MANY_RULES(DEFRULE(c_few_skirm, a_build_barracks), MANY_RULES(DEFRULE(c_few_barracks, a_res_loom), MANY_RULES(DEFRULE(c_can_res_blast, a_go_feudal_age), MANY_RULES(t_empty_rule, t_empty_list)))))))))))))))))))))))))))))))))))))))))))))))))))))))))))))))))"
160,21,405.566,"MANY_RULES(DEFRULE(AND(c_no_lumber_camp, c_can_res_chain_mail), a_dynamic_group_size(168)), MANY_RULES(t_empty_rule, MANY_RULES(DEFRULE(c_far_gold, a_train_vill), MANY_RULES(DEFRULE(c_few_skirm, a_res_loom), MANY_RULES(DEFRULE(AND(c_few_siege_workshop, c_enemy_has_many_pike), a_dynamic_civ_scout_cap(12)), MANY_RULES(DEFRULE(c_few_skirm, a_res_loom), MANY_RULES(DEFRULE(c_few_skirm, a_train_vill), MANY_RULES(DEFRULE(c_few_skirm, a_res_loom), MANY_RULES(DEFRULE(c_few_skirm, a_res_farm_2), MANY_RULES(DEFRULE(c_few_barracks, a_forward_castle), MANY_RULES(DEFRULE(c_few_skirm, a_dynamic_civ_scout_cap(20)), MANY_RULES(DEFRULE(c_some_ram, a_build_house), MANY_RULES(DEFRULE(c_far_gold, a_train_vill), MANY_RULES(DEFRULE(c_few_skirm, a_res_farm_2), MANY_RULES(DEFRULE(c_few_archery_range, a_res_loom), MANY_RULES(DEFRULE(c_few_skirm, a_dynamic_civ_scout_cap(12)), MANY_RULES(DEFRULE(AND(c_some_ram, c_few_skirm), a_res_loom), MANY_RULES(DEFRULE(c_few_watch_tower, a_train_vill), MANY_RULES(DEFRULE(AND(c_few_skirm, c_enemy_has_many_pike), a_res_farm_2), MANY_RULES(DEFRULE(c_few_barracks, a_forward_castle), MANY_RULES(DEFRULE(c_few_barracks, a_forward_castle), MANY_RULES(DEFRULE(c_some_infantry, a_build_house), MANY_RULES(DEFRULE(c_few_skirm, a_build_house), MANY_RULES(DEFRULE(c_few_skirm, a_train_vill), MANY_RULES(DEFRULE(c_few_skirm, a_res_farm_2), MANY_RULES(DEFRULE(c_few_barracks, a_res_loom), MANY_RULES(DEFRULE(AND(c_few_skirm, c_enemy_has_many_pike), a_res_loom), MANY_RULES(DEFRULE(c_few_barracks, a_res_loom), MANY_RULES(DEFRULE(c_few_barracks, a_res_loom), MANY_RULES(DEFRULE(c_few_skirm, a_dynamic_civ_scout_cap(168)), MANY_RULES(DEFRULE(c_few_barracks, a_res_loom), MANY_RULES(DEFRULE(c_no_house, a_dynamic_atk_percent(i_val(168))), MANY_RULES(DEFRULE(c_few_skirm, a_build_barracks), MANY_RULES(DEFRULE(c_few_barracks, a_res_loom), MANY_RULES(DEFRULE(c_few_skirm, a_build_lumber_camp), MANY_RULES(DEFRULE(c_few_skirm, a_train_vill), MANY_RULES(DEFRULE(AND(c_some_ram, c_few_skirm), a_res_loom), MANY_RULES(DEFRULE(c_few_barracks, a_res_loom), MANY_RULES(DEFRULE(c_few_skirm, a_res_farm_2), MANY_RULES(DEFRULE(c_few_skirm, a_build_barracks), MANY_RULES(DEFRULE(c_few_barracks, a_res_bracer), MANY_RULES(DEFRULE(c_some_ram, a_build_house), MANY_RULES(DEFRULE(AND(c_some_ram, c_few_skirm), a_res_loom), TWO_RULES(DEFRULE(c_few_barracks, a_build_lumber_camp), DEFRULE(c_low_wood, a_train_vill)))))))))))))))))))))))))))))))))))))))))))))"
160,81,402.7776,"MANY_RULES(DEFRULE(AND(c_no_lumber_camp, c_can_res_chain_mail), a_dynamic_group_size(20)), MANY_RULES(DEFRULE(c_few_mill, a_build_house), MANY_RULES(DEFRULE(c_enemy_has_many_pike, a_dynamic_camp_dist(20)), MANY_RULES(DEFRULE(AND(c_few_skirm, c_enemy_has_many_pike), a_res_loom), MANY_RULES(DEFRULE(c_few_barracks, a_res_loom), MANY_RULES(DEFRULE(AND(c_some_ram, c_many_ram), a_res_loom), MANY_RULES(DEFRULE(c_no_house, a_dynamic_civ_scout_cap(168)), MANY_RULES(DEFRULE(c_few_barracks, a_res_loom), MANY_RULES(DEFRULE(c_no_house, a_dynamic_atk_percent(i_val(20))), MANY_RULES(DEFRULE(c_few_skirm, a_build_barracks), MANY_RULES(DEFRULE(c_few_barracks, a_res_loom), MANY_RULES(DEFRULE(c_few_skirm, a_build_lumber_camp), MANY_RULES(DEFRULE(c_few_skirm, a_train_vill), MANY_RULES(DEFRULE(AND(c_some_ram, c_few_skirm), a_res_loom), MANY_RULES(DEFRULE(c_few_barracks, a_res_loom), MANY_RULES(DEFRULE(c_few_skirm, a_res_farm_2), MANY_RULES(DEFRULE(c_few_skirm, a_forward_castle), MANY_RULES(DEFRULE(c_many_ram, a_dynamic_civ_scout_cap(20)), MANY_RULES(DEFRULE(c_some_ram, a_build_house), MANY_RULES(DEFRULE(AND(AND(c_no_mining_camp, c_far_gold), AND(c_few_treb, c_far_gold)), a_train_vill), MANY_RULES(DEFRULE(c_few_skirm, a_res_farm_2), MANY_RULES(DEFRULE(AND(c_many_archer, c_no_blacksmith), a_res_loom), MANY_RULES(DEFRULE(c_few_skirm, a_dynamic_civ_scout_cap(168)), MANY_RULES(DEFRULE(c_few_skirm, a_res_farm_2), MANY_RULES(DEFRULE(c_no_house, a_dynamic_atk_percent(i_val(20))), MANY_RULES(DEFRULE(c_few_skirm, a_build_barracks), MANY_RULES(DEFRULE(c_few_barracks, a_res_loom), MANY_RULES(DEFRULE(c_few_skirm, a_res_farm_2), MANY_RULES(DEFRULE(c_few_barracks, a_res_loom), MANY_RULES(DEFRULE(c_few_barracks, a_res_loom), TWO_RULES(DEFRULE(c_few_barracks, a_res_loom), DEFRULE(c_low_wood, a_retreat_castle))))))))))))))))))))))))))))))))"
160,64,402.5896,"MANY_RULES(DEFRULE(c_few_skirm, a_dynamic_group_size(i_val(12))), MANY_RULES(DEFRULE(c_few_skirm, a_build_house), MANY_RULES(DEFRULE(c_enemy_has_many_pike, a_build_house), MANY_RULES(DEFRULE(AND(AND(c_can_build_town_center, c_few_siege_workshop), c_enemy_has_many_pike), a_res_loom), MANY_RULES(DEFRULE(c_few_skirm, a_build_barracks), MANY_RULES(DEFRULE(c_few_barracks, a_dynamic_civ_scout_cap(168)), MANY_RULES(DEFRULE(c_some_ram, a_dynamic_civ_scout_cap(20)), MANY_RULES(DEFRULE(c_few_skirm, a_res_loom), MANY_RULES(DEFRULE(c_few_skirm, a_train_vill), MANY_RULES(DEFRULE(c_few_skirm, a_res_loom), MANY_RULES(DEFRULE(c_few_skirm, a_res_loom), MANY_RULES(DEFRULE(c_few_skirm, a_dynamic_civ_scout_cap(12)), MANY_RULES(DEFRULE(c_few_skirm, a_res_loom), MANY_RULES(DEFRULE(AND(c_few_skirm, c_can_res_gold_2), a_dynamic_civ_scout_cap(168)), MANY_RULES(DEFRULE(c_few_barracks, a_res_loom), MANY_RULES(DEFRULE(AND(c_few_skirm, c_enemy_has_many_pike), a_dynamic_civ_scout_cap(98)), MANY_RULES(DEFRULE(c_few_barracks, a_res_loom), MANY_RULES(DEFRULE(c_few_skirm, a_build_barracks), MANY_RULES(DEFRULE(AND(c_can_res_stone_2, c_few_skirm), a_build_house), TWO_RULES(DEFRULE(c_few_barracks, a_build_lumber_camp), DEFRULE(c_has_monk, a_train_vill)))))))))))))))))))))"
160,66,400.768,"MANY_RULES(DEFRULE(AND(c_no_lumber_camp, c_can_res_chain_mail), a_dynamic_group_size(168)), MANY_RULES(t_empty_rule, MANY_RULES(DEFRULE(c_far_gold, a_train_vill), MANY_RULES(DEFRULE(AND(c_no_lumber_camp, c_can_res_chain_mail), a_train_vill), MANY_RULES(DEFRULE(AND(c_few_skirm, c_enemy_has_many_pike), a_res_loom), MANY_RULES(DEFRULE(c_few_skirm, a_res_loom), MANY_RULES(DEFRULE(c_some_ram, a_build_house), MANY_RULES(DEFRULE(AND(AND(c_no_mining_camp, c_far_gold), AND(c_few_treb, c_far_gold)), a_train_vill), MANY_RULES(DEFRULE(c_few_archer, a_train_vill), MANY_RULES(DEFRULE(c_few_skirm, a_res_farm_2), MANY_RULES(DEFRULE(AND(c_many_archer, AND(c_no_blacksmith, c_no_monastery)), a_res_loom), MANY_RULES(DEFRULE(c_few_lumber_camp, a_dynamic_civ_scout_cap(12)), MANY_RULES(DEFRULE(c_few_skirm, a_res_farm_2), MANY_RULES(DEFRULE(c_no_house, a_dynamic_atk_percent(i_val(12))), MANY_RULES(DEFRULE(c_few_skirm, a_build_barracks), MANY_RULES(DEFRULE(c_many_knight, a_res_loom), MANY_RULES(DEFRULE(c_few_barracks, a_res_loom), MANY_RULES(DEFRULE(AND(c_few_skirm, c_few_skirm), a_res_loom), TWO_RULES(DEFRULE(c_few_barracks, a_res_loom), DEFRULE(c_low_wood, a_retreat_castle))))))))))))))))))))"
160,27,396.5664,"MANY_RULES(DEFRULE(AND(c_no_lumber_camp, c_can_res_chain_mail), a_dynamic_group_size(20)), MANY_RULES(DEFRULE(c_few_mill, a_build_house), MANY_RULES(DEFRULE(c_enemy_has_many_pike, a_dynamic_camp_dist(20)), MANY_RULES(DEFRULE(AND(c_few_skirm, c_enemy_has_many_pike), a_res_loom), MANY_RULES(DEFRULE(c_few_barracks, a_res_loom), MANY_RULES(DEFRULE(AND(c_some_ram, c_many_ram), a_res_loom), MANY_RULES(DEFRULE(c_no_house, a_dynamic_civ_scout_cap(168)), MANY_RULES(DEFRULE(c_few_barracks, a_res_loom), MANY_RULES(DEFRULE(c_no_house, a_dynamic_atk_percent(i_val(62))), MANY_RULES(DEFRULE(c_few_skirm, a_build_barracks), MANY_RULES(DEFRULE(c_few_barracks, a_res_loom), MANY_RULES(DEFRULE(c_few_skirm, a_build_lumber_camp), MANY_RULES(DEFRULE(c_few_barracks, a_res_loom), MANY_RULES(DEFRULE(c_far_gold, a_train_vill), MANY_RULES(DEFRULE(c_far_gold, a_train_vill), MANY_RULES(DEFRULE(c_few_skirm, a_res_loom), MANY_RULES(DEFRULE(AND(c_few_skirm, c_enemy_has_many_pike), a_dynamic_civ_scout_cap(12)), MANY_RULES(DEFRULE(c_few_skirm, a_res_loom), MANY_RULES(DEFRULE(c_few_skirm, a_train_vill), MANY_RULES(DEFRULE(c_few_skirm, a_res_loom), MANY_RULES(DEFRULE(c_few_skirm, a_res_farm_2), MANY_RULES(DEFRULE(c_can_buy_food, a_forward_castle), MANY_RULES(DEFRULE(c_many_ram, a_dynamic_civ_scout_cap(168)), MANY_RULES(DEFRULE(c_few_mill, a_dynamic_civ_scout_cap(12)), MANY_RULES(DEFRULE(c_far_gold, a_train_vill), MANY_RULES(DEFRULE(c_few_skirm, a_train_vill), MANY_RULES(DEFRULE(c_few_skirm, a_res_farm_2), MANY_RULES(DEFRULE(c_few_barracks, a_res_loom), MANY_RULES(DEFRULE(c_few_skirm, a_dynamic_civ_scout_cap(168)), MANY_RULES(DEFRULE(AND(c_some_ram, c_few_skirm), a_res_loom), MANY_RULES(DEFRULE(c_no_house, a_dynamic_atk_percent(i_val(3))), MANY_RULES(DEFRULE(c_few_barracks, a_forward_castle), MANY_RULES(DEFRULE(c_many_ram, a_dynamic_civ_scout_cap(20)), MANY_RULES(DEFRULE(c_some_infantry, a_build_house), MANY_RULES(DEFRULE(c_far_gold, a_train_vill), MANY_RULES(DEFRULE(c_few_skirm, a_train_vill), MANY_RULES(DEFRULE(c_few_skirm, a_res_farm_2), MANY_RULES(DEFRULE(c_few_barracks, a_res_loom), MANY_RULES(DEFRULE(c_few_skirm, a_dynamic_civ_scout_cap(i_val(12))), MANY_RULES(DEFRULE(c_no_house, a_dynamic_atk_percent(i_val(62))), MANY_RULES(t_empty_rule, MANY_RULES(DEFRULE(c_few_barracks, a_res_loom), MANY_RULES(DEFRULE(c_some_ram, a_build_house), MANY_RULES(DEFRULE(AND(c_some_ram, c_few_skirm), a_res_loom), TWO_RULES(DEFRULE(c_few_barracks, a_town_size_20), DEFRULE(c_low_wood, a_train_vill))))))))))))))))))))))))))))))))))))))))))))))"
160,38,394.6032,"MANY_RULES(DEFRULE(AND(c_no_lumber_camp, c_can_res_chain_mail), a_dynamic_group_size(20)), MANY_RULES(DEFRULE(c_few_mill, a_build_house), MANY_RULES(DEFRULE(c_enemy_has_many_pike, a_dynamic_camp_dist(20)), MANY_RULES(DEFRULE(AND(c_few_skirm, c_enemy_has_many_pike), a_res_loom), MANY_RULES(DEFRULE(c_few_barracks, a_res_loom), MANY_RULES(DEFRULE(AND(c_some_ram, c_many_ram), a_res_loom), MANY_RULES(DEFRULE(c_no_house, a_dynamic_civ_scout_cap(168)), MANY_RULES(DEFRULE(c_few_barracks, a_res_loom), MANY_RULES(DEFRULE(c_no_house, a_dynamic_atk_percent(i_val(62))), MANY_RULES(DEFRULE(c_few_skirm, a_build_barracks), MANY_RULES(DEFRULE(c_few_barracks, a_res_loom), MANY_RULES(DEFRULE(c_few_skirm, a_build_lumber_camp), MANY_RULES(DEFRULE(c_few_barracks, a_res_loom), MANY_RULES(t_empty_rule, MANY_RULES(DEFRULE(c_few_barracks, a_res_loom), MANY_RULES(DEFRULE(c_few_skirm, a_res_loom), MANY_RULES(DEFRULE(AND(c_few_skirm, c_enemy_has_many_pike), a_dynamic_civ_scout_cap(12)), MANY_RULES(DEFRULE(c_few_mill, a_build_house), MANY_RULES(DEFRULE(c_few_skirm, a_train_vill), MANY_RULES(DEFRULE(c_few_skirm, a_res_loom), MANY_RULES(DEFRULE(c_few_skirm, a_res_farm_2), MANY_RULES(DEFRULE(c_can_buy_food, a_forward_castle), MANY_RULES(DEFRULE(c_many_ram, a_dynamic_civ_scout_cap(168)), MANY_RULES(DEFRULE(c_few_mill, a_dynamic_civ_scout_cap(12)), MANY_RULES(DEFRULE(c_far_gold, a_train_vill), MANY_RULES(DEFRULE(c_few_skirm, a_train_vill), MANY_RULES(DEFRULE(c_few_skirm, a_res_farm_2), MANY_RULES(DEFRULE(c_few_barracks, a_res_loom), MANY_RULES(DEFRULE(c_few_skirm, a_dynamic_civ_scout_cap(168)), MANY_RULES(DEFRULE(AND(c_some_ram, c_few_skirm), a_res_loom), MANY_RULES(DEFRULE(c_no_house, a_dynamic_atk_percent(i_val(3))), MANY_RULES(DEFRULE(c_few_barracks, a_forward_castle), MANY_RULES(DEFRULE(c_many_ram, a_dynamic_civ_scout_cap(20)), MANY_RULES(DEFRULE(c_some_infantry, a_build_house), MANY_RULES(DEFRULE(c_far_gold, a_train_vill), MANY_RULES(DEFRULE(c_few_skirm, a_train_vill), MANY_RULES(DEFRULE(c_few_skirm, a_res_farm_2), MANY_RULES(DEFRULE(c_few_barracks, a_res_loom), MANY_RULES(DEFRULE(c_few_skirm, a_dynamic_civ_scout_cap(i_val(62))), MANY_RULES(DEFRULE(c_no_house, a_dynamic_atk_percent(i_val(62))), MANY_RULES(t_empty_rule, MANY_RULES(DEFRULE(c_few_barracks, a_res_loom), MANY_RULES(DEFRULE(c_some_ram, a_build_house), MANY_RULES(DEFRULE(AND(c_some_ram, c_few_skirm), a_res_loom), TWO_RULES(DEFRULE(c_few_barracks, a_town_size_20), DEFRULE(c_low_wood, a_res_farm_2))))))))))))))))))))))))))))))))))))))))))))))"
160,52,392.0176,"MANY_RULES(DEFRULE(c_can_res_chain_mail, a_dynamic_group_size(20)), MANY_RULES(DEFRULE(c_few_skirm, a_build_house), MANY_RULES(DEFRULE(c_enemy_has_many_pike, a_dynamic_camp_dist(20)), MANY_RULES(DEFRULE(AND(c_few_skirm, c_enemy_has_many_pike), a_res_loom), MANY_RULES(DEFRULE(c_few_barracks, a_res_loom), MANY_RULES(DEFRULE(c_few_barracks, a_res_loom), MANY_RULES(DEFRULE(c_no_house, a_dynamic_civ_scout_cap(168)), MANY_RULES(DEFRULE(c_few_barracks, a_res_loom), MANY_RULES(DEFRULE(c_no_house, a_dynamic_atk_percent(i_val(12))), MANY_RULES(DEFRULE(c_few_skirm, a_build_barracks), MANY_RULES(DEFRULE(c_few_barracks, a_res_loom), MANY_RULES(DEFRULE(c_few_skirm, a_build_lumber_camp), MANY_RULES(DEFRULE(c_few_skirm, a_train_vill), MANY_RULES(DEFRULE(AND(c_some_ram, c_few_skirm), a_res_loom), MANY_RULES(DEFRULE(c_few_barracks, a_res_loom), MANY_RULES(DEFRULE(AND(c_mil_pop_10, c_far_gold), a_dynamic_civ_scout_cap(62)), MANY_RULES(t_empty_rule, MANY_RULES(DEFRULE(c_no_house, a_dynamic_civ_scout_cap(168)), MANY_RULES(DEFRULE(c_few_barracks, a_res_loom), MANY_RULES(DEFRULE(c_no_house, a_dynamic_atk_percent(i_val(168))), MANY_RULES(DEFRULE(c_few_skirm, a_build_barracks), MANY_RULES(DEFRULE(c_few_barracks, a_res_loom), MANY_RULES(DEFRULE(c_few_skirm, a_build_lumber_camp), MANY_RULES(DEFRULE(c_few_skirm, a_train_vill), MANY_RULES(DEFRULE(AND(c_some_ram, c_few_skirm), a_res_loom), MANY_RULES(DEFRULE(c_few_barracks, a_res_loom), MANY_RULES(DEFRULE(c_few_skirm, a_res_farm_2), MANY_RULES(DEFRULE(c_few_barracks, a_forward_castle), MANY_RULES(DEFRULE(c_many_ram, a_dynamic_civ_scout_cap(20)), MANY_RULES(DEFRULE(c_some_ram, a_build_house), MANY_RULES(DEFRULE(c_no_house, a_dynamic_civ_scout_cap(168)), MANY_RULES(DEFRULE(c_few_barracks, a_res_loom), MANY_RULES(DEFRULE(c_no_house, a_dynamic_civ_scout_pct(i_val(25))), MANY_RULES(DEFRULE(c_few_skirm, a_train_vill), MANY_RULES(DEFRULE(c_few_skirm, a_build_barracks), MANY_RULES(DEFRULE(c_few_skirm, a_dynamic_civ_scout_cap(12)), MANY_RULES(DEFRULE(AND(c_many_archer, c_few_watch_tower), a_res_loom), MANY_RULES(DEFRULE(c_few_skirm, a_res_loom), MANY_RULES(DEFRULE(c_no_house, a_dynamic_civ_scout_cap(168)), MANY_RULES(DEFRULE(c_few_skirm, a_train_vill), MANY_RULES(DEFRULE(c_many_ram, a_dynamic_atk_percent(20)), MANY_RULES(DEFRULE(c_some_ram, a_build_house), MANY_RULES(DEFRULE(c_few_lumber_camp, a_dynamic_civ_scout_cap(12)), MANY_RULES(DEFRULE(c_few_skirm, a_res_farm_2), MANY_RULES(DEFRULE(c_no_house, a_dynamic_atk_percent(i_val(12))), MANY_RULES(DEFRULE(c_few_skirm, a_build_barracks), MANY_RULES(DEFRULE(c_many_knight, a_res_loom), MANY_RULES(DEFRULE(c_few_skirm, a_res_farm_2), MANY_RULES(DEFRULE(c_few_barracks, a_res_loom), MANY_RULES(DEFRULE(AND(c_few_skirm, c_few_skirm), a_res_loom), TWO_RULES(DEFRULE(c_few_barracks, a_res_loom), DEFRULE(c_low_wood, a_retreat_castle))))))))))))))))))))))))))))))))))))))))))))))))))))"
160,41,391.9504,"MANY_RULES(DEFRULE(AND(c_no_lumber_camp, c_can_res_chain_mail), a_dynamic_group_size(i_val(62))), MANY_RULES(DEFRULE(c_few_skirm, a_build_house), MANY_RULES(DEFRULE(c_enemy_has_many_pike, a_res_loom), MANY_RULES(DEFRULE(AND(AND(c_can_build_town_center, c_few_siege_workshop), c_enemy_has_many_pike), a_res_loom), MANY_RULES(DEFRULE(c_few_skirm, a_build_barracks), MANY_RULES(DEFRULE(c_few_barracks, a_dynamic_civ_scout_cap(168)), MANY_RULES(DEFRULE(c_some_ram, a_dynamic_civ_scout_cap(20)), MANY_RULES(DEFRULE(c_few_skirm, a_res_loom), MANY_RULES(DEFRULE(c_few_skirm, a_train_vill), MANY_RULES(DEFRULE(c_few_skirm, a_res_loom), MANY_RULES(DEFRULE(c_few_skirm, a_res_loom), MANY_RULES(DEFRULE(c_few_skirm, a_forward_castle), MANY_RULES(DEFRULE(AND(c_many_archer, c_few_watch_tower), a_res_loom), MANY_RULES(DEFRULE(c_few_skirm, a_res_loom), MANY_RULES(DEFRULE(AND(c_few_skirm, c_can_res_gold_2), a_dynamic_civ_scout_cap(168)), MANY_RULES(DEFRULE(c_few_mill, a_build_house), MANY_RULES(DEFRULE(c_enemy_has_many_pike, a_dynamic_camp_dist(20)), MANY_RULES(DEFRULE(AND(c_few_skirm, c_enemy_has_many_pike), a_res_loom), MANY_RULES(DEFRULE(c_few_barracks, a_res_loom), MANY_RULES(DEFRULE(AND(c_some_ram, c_can_res_farm_3), a_res_loom), MANY_RULES(DEFRULE(c_no_house, a_dynamic_civ_scout_cap(168)), MANY_RULES(DEFRULE(c_few_barracks, a_train_vill), MANY_RULES(DEFRULE(c_no_house, a_dynamic_atk_percent(20)), MANY_RULES(DEFRULE(c_few_skirm, a_build_barracks), MANY_RULES(DEFRULE(c_few_barracks, a_res_loom), MANY_RULES(DEFRULE(c_few_skirm, a_build_lumber_camp), MANY_RULES(DEFRULE(c_few_skirm, a_train_vill), MANY_RULES(DEFRULE(AND(AND(c_few_skirm, c_enemy_has_many_pike), c_few_skirm), a_res_loom), MANY_RULES(DEFRULE(c_few_barracks, a_res_loom), MANY_RULES(DEFRULE(c_few_skirm, a_res_farm_2), MANY_RULES(DEFRULE(c_few_barracks, a_forward_castle), MANY_RULES(DEFRULE(c_many_ram, a_dynamic_civ_scout_cap(20)), MANY_RULES(DEFRULE(c_some_ram, a_build_house), MANY_RULES(DEFRULE(AND(AND(c_no_mining_camp, c_far_gold), AND(c_few_treb, c_far_gold)), a_train_vill), MANY_RULES(DEFRULE(c_few_skirm, a_train_vill), MANY_RULES(DEFRULE(c_few_skirm, a_res_farm_2), MANY_RULES(DEFRULE(c_is_feudal_age, a_train_monk), MANY_RULES(t_empty_rule, t_empty_list))))))))))))))))))))))))))))))))))))))"
160,24,383.3752,"MANY_RULES(DEFRULE(AND(c_no_lumber_camp, c_can_res_chain_mail), a_dynamic_group_size(i_val(12))), MANY_RULES(DEFRULE(c_few_skirm, a_build_house), MANY_RULES(DEFRULE(c_enemy_has_many_pike, a_build_town_center), MANY_RULES(DEFRULE(AND(AND(c_can_build_town_center, c_few_siege_workshop), c_enemy_has_many_pike), a_res_loom), MANY_RULES(DEFRULE(c_few_skirm, a_build_barracks), MANY_RULES(DEFRULE(c_few_barracks, a_dynamic_civ_scout_cap(168)), MANY_RULES(DEFRULE(c_some_ram, a_dynamic_civ_scout_cap(20)), MANY_RULES(DEFRULE(c_few_skirm, a_res_loom), MANY_RULES(DEFRULE(c_few_skirm, a_train_vill), MANY_RULES(DEFRULE(c_few_skirm, a_res_loom), MANY_RULES(DEFRULE(c_few_skirm, a_res_loom), MANY_RULES(DEFRULE(c_few_skirm, a_dynamic_civ_scout_cap(12)), MANY_RULES(DEFRULE(AND(c_many_archer, c_few_watch_tower), a_res_loom), MANY_RULES(DEFRULE(c_no_house, a_res_loom), MANY_RULES(DEFRULE(AND(c_can_res_stone_2, c_few_skirm), a_res_loom), TWO_RULES(DEFRULE(c_few_barracks, a_build_lumber_camp), DEFRULE(c_has_monk, a_train_vill)))))))))))))))))"
160,54,382.824,"MANY_RULES(DEFRULE(AND(c_no_lumber_camp, c_can_res_chain_mail), a_dynamic_group_size(20)), MANY_RULES(DEFRULE(c_few_skirm, a_build_house), MANY_RULES(DEFRULE(c_enemy_has_many_pike, a_dynamic_camp_dist(20)), MANY_RULES(DEFRULE(c_few_barracks, a_res_loom), MANY_RULES(DEFRULE(c_no_house, a_dynamic_civ_scout_cap(168)), MANY_RULES(DEFRULE(c_few_barracks, a_res_loom), MANY_RULES(DEFRULE(c_no_house, a_dynamic_atk_percent(i_val(168))), MANY_RULES(DEFRULE(c_few_skirm, a_build_barracks), MANY_RULES(DEFRULE(c_few_barracks, a_res_loom), MANY_RULES(DEFRULE(c_few_skirm, a_build_lumber_camp), MANY_RULES(DEFRULE(c_few_skirm, a_train_vill), MANY_RULES(DEFRULE(AND(c_few_watch_tower, c_few_skirm), a_res_loom), MANY_RULES(DEFRULE(c_few_barracks, a_res_loom), MANY_RULES(DEFRULE(c_few_skirm, a_res_farm_2), MANY_RULES(DEFRULE(c_few_skirm, a_build_barracks), MANY_RULES(DEFRULE(c_few_barracks, a_res_loom), MANY_RULES(DEFRULE(c_few_barracks, a_forward_castle), MANY_RULES(DEFRULE(c_few_archery_range, a_res_loom), MANY_RULES(DEFRULE(c_few_skirm, a_dynamic_civ_scout_cap(12)), MANY_RULES(DEFRULE(AND(c_some_ram, c_few_skirm), a_res_loom), MANY_RULES(DEFRULE(c_few_watch_tower, a_train_vill), MANY_RULES(DEFRULE(AND(c_few_skirm, c_enemy_has_many_pike), a_res_farm_2), MANY_RULES(DEFRULE(c_few_barracks, a_forward_castle), MANY_RULES(DEFRULE(c_few_skirm, a_dynamic_civ_scout_cap(20)), MANY_RULES(DEFRULE(c_some_infantry, a_build_house), MANY_RULES(DEFRULE(c_few_skirm, a_train_vill), MANY_RULES(DEFRULE(c_few_skirm, a_res_farm_2), MANY_RULES(DEFRULE(c_few_barracks, a_res_loom), MANY_RULES(DEFRULE(c_few_barracks, a_res_loom), MANY_RULES(DEFRULE(c_few_barracks, a_res_loom), MANY_RULES(DEFRULE(c_no_house, a_dynamic_civ_scout_cap(i_val(37))), MANY_RULES(DEFRULE(c_few_barracks, a_res_loom), MANY_RULES(DEFRULE(c_no_house, a_dynamic_atk_percent(i_val(168))), MANY_RULES(DEFRULE(c_few_skirm, a_build_barracks), MANY_RULES(DEFRULE(c_few_barracks, a_res_loom), MANY_RULES(DEFRULE(c_few_skirm, a_build_lumber_camp), MANY_RULES(DEFRULE(c_few_skirm, a_res_loom), MANY_RULES(DEFRULE(AND(c_some_ram, c_few_skirm), a_res_loom), MANY_RULES(DEFRULE(c_few_barracks, a_res_loom), MANY_RULES(DEFRULE(c_few_skirm, a_res_farm_2), MANY_RULES(DEFRULE(c_few_skirm, a_build_barracks), MANY_RULES(DEFRULE(c_few_barracks, a_res_loom), MANY_RULES(DEFRULE(c_some_ram, a_build_house), MANY_RULES(DEFRULE(AND(c_some_ram, c_few_skirm), a_res_loom), TWO_RULES(DEFRULE(c_few_barracks, a_build_lumber_camp), DEFRULE(c_low_wood, a_train_vill))))))))))))))))))))))))))))))))))))))))))))))"
160,36,371.1872,"MANY_RULES(DEFRULE(AND(c_no_lumber_camp, c_can_res_chain_mail), a_dynamic_group_size(20)), MANY_RULES(DEFRULE(c_few_mill, a_build_house), MANY_RULES(DEFRULE(c_enemy_has_many_pike, a_dynamic_camp_dist(20)), MANY_RULES(DEFRULE(AND(c_few_skirm, c_enemy_has_many_pike), a_res_loom), MANY_RULES(DEFRULE(c_few_barracks, a_res_loom), MANY_RULES(DEFRULE(AND(c_some_ram, c_many_ram), a_res_loom), MANY_RULES(DEFRULE(c_no_house, a_dynamic_civ_scout_cap(168)), MANY_RULES(DEFRULE(c_few_barracks, a_res_loom), MANY_RULES(DEFRULE(c_some_ram, a_build_house), MANY_RULES(DEFRULE(c_few_barracks, a_res_loom), MANY_RULES(DEFRULE(c_few_skirm, a_build_lumber_camp), MANY_RULES(DEFRULE(c_few_skirm, a_train_vill), MANY_RULES(DEFRULE(AND(c_some_ram, c_few_skirm), a_res_loom), MANY_RULES(DEFRULE(c_few_barracks, a_res_loom), MANY_RULES(DEFRULE(c_few_skirm, a_res_farm_2), MANY_RULES(DEFRULE(c_few_barracks, a_forward_castle), MANY_RULES(DEFRULE(c_many_ram, a_dynamic_civ_scout_cap(20)), MANY_RULES(DEFRULE(c_some_ram, a_build_house), MANY_RULES(DEFRULE(AND(AND(c_no_mining_camp, c_far_gold), AND(c_few_treb, c_far_gold)), a_train_vill), MANY_RULES(DEFRULE(c_few_skirm, a_train_vill), MANY_RULES(DEFRULE(c_few_skirm, a_res_loom), MANY_RULES(DEFRULE(AND(c_many_archer, c_no_house), a_res_loom), MANY_RULES(DEFRULE(c_few_skirm, a_dynamic_civ_scout_cap(168)), MANY_RULES(DEFRULE(c_few_skirm, a_res_farm_2), MANY_RULES(DEFRULE(c_no_house, a_dynamic_atk_percent(i_val(62))), MANY_RULES(DEFRULE(c_few_skirm, a_build_barracks), MANY_RULES(DEFRULE(c_few_barracks, a_res_loom), MANY_RULES(DEFRULE(c_few_skirm, a_res_farm_2), MANY_RULES(DEFRULE(c_few_barracks, a_res_loom), MANY_RULES(DEFRULE(AND(c_few_skirm, c_few_skirm), a_res_loom), TWO_RULES(DEFRULE(c_few_barracks, a_res_loom), DEFRULE(c_low_wood, a_retreat_castle))))))))))))))))))))))))))))))))"
160,7,367.5648,"MANY_RULES(DEFRULE(AND(c_no_lumber_camp, c_can_res_chain_mail), a_dynamic_group_size(20)), MANY_RULES(DEFRULE(c_few_skirm, a_build_house), MANY_RULES(DEFRULE(c_enemy_has_many_pike, a_dynamic_camp_dist(20)), MANY_RULES(DEFRULE(c_few_skirm, a_res_loom), MANY_RULES(DEFRULE(c_no_house, a_dynamic_civ_scout_cap(168)), MANY_RULES(DEFRULE(c_few_barracks, a_res_loom), MANY_RULES(DEFRULE(c_no_house, a_dynamic_atk_percent(i_val(168))), MANY_RULES(DEFRULE(c_few_skirm, a_build_barracks), MANY_RULES(DEFRULE(c_few_barracks, a_res_loom), MANY_RULES(DEFRULE(c_few_skirm, a_build_lumber_camp), MANY_RULES(DEFRULE(c_few_skirm, a_train_vill), MANY_RULES(DEFRULE(AND(c_few_watch_tower, c_few_skirm), a_res_loom), MANY_RULES(DEFRULE(c_few_barracks, a_res_loom), MANY_RULES(DEFRULE(c_few_skirm, a_res_farm_2), MANY_RULES(DEFRULE(c_few_skirm, a_build_barracks), MANY_RULES(DEFRULE(c_few_barracks, a_res_loom), MANY_RULES(DEFRULE(c_few_barracks, a_forward_castle), MANY_RULES(DEFRULE(c_few_archery_range, a_res_loom), MANY_RULES(DEFRULE(c_few_skirm, a_dynamic_civ_scout_cap(12)), MANY_RULES(DEFRULE(AND(c_some_ram, c_few_skirm), a_res_loom), MANY_RULES(DEFRULE(c_few_watch_tower, a_train_vill), MANY_RULES(DEFRULE(AND(c_few_skirm, c_enemy_has_many_pike), a_res_farm_2), MANY_RULES(DEFRULE(c_few_barracks, a_forward_castle), MANY_RULES(DEFRULE(c_few_skirm, a_dynamic_civ_scout_cap(20)), MANY_RULES(DEFRULE(c_some_infantry, a_build_house), MANY_RULES(DEFRULE(c_few_skirm, a_train_vill), MANY_RULES(DEFRULE(c_few_skirm, a_res_farm_2), MANY_RULES(DEFRULE(c_few_barracks, a_res_loom), MANY_RULES(DEFRULE(AND(c_few_skirm, c_enemy_has_many_pike), a_res_loom), MANY_RULES(DEFRULE(c_few_barracks, a_res_loom), MANY_RULES(DEFRULE(c_few_barracks, a_res_loom), MANY_RULES(DEFRULE(c_no_house, a_dynamic_civ_scout_cap(168)), MANY_RULES(DEFRULE(c_few_skirm, a_build_barracks), MANY_RULES(DEFRULE(c_few_barracks, a_res_loom), MANY_RULES(DEFRULE(c_few_skirm, a_build_lumber_camp), MANY_RULES(DEFRULE(c_few_barracks, a_res_loom), MANY_RULES(t_empty_rule, MANY_RULES(DEFRULE(c_far_gold, a_train_vill), MANY_RULES(DEFRULE(c_few_skirm, a_res_loom), MANY_RULES(DEFRULE(AND(c_few_skirm, c_enemy_has_many_pike), a_dynamic_civ_scout_cap(12)), MANY_RULES(DEFRULE(c_few_skirm, a_res_loom), MANY_RULES(DEFRULE(c_few_skirm, a_train_vill), MANY_RULES(DEFRULE(c_few_skirm, a_res_loom), MANY_RULES(DEFRULE(c_few_skirm, a_res_farm_2), MANY_RULES(DEFRULE(c_can_buy_food, a_forward_castle), MANY_RULES(DEFRULE(c_many_ram, a_dynamic_civ_scout_cap(168)), MANY_RULES(DEFRULE(c_few_mill, a_dynamic_civ_scout_cap(12)), MANY_RULES(DEFRULE(c_far_gold, a_train_vill), MANY_RULES(DEFRULE(c_few_skirm, a_train_vill), MANY_RULES(DEFRULE(c_few_skirm, a_res_farm_2), MANY_RULES(DEFRULE(c_few_barracks, a_res_loom), MANY_RULES(DEFRULE(c_few_skirm, a_dynamic_civ_scout_cap(168)), MANY_RULES(DEFRULE(AND(c_some_ram, c_few_skirm), a_res_loom), MANY_RULES(DEFRULE(c_no_house, a_dynamic_atk_percent(i_val(3))), MANY_RULES(DEFRULE(c_few_barracks, a_forward_castle), MANY_RULES(DEFRULE(c_many_ram, a_dynamic_civ_scout_cap(20)), MANY_RULES(DEFRULE(c_some_infantry, a_build_house), MANY_RULES(DEFRULE(c_far_gold, a_train_vill), MANY_RULES(DEFRULE(c_few_skirm, a_train_vill), MANY_RULES(DEFRULE(c_few_skirm, a_res_farm_2), MANY_RULES(DEFRULE(c_few_barracks, a_res_loom), MANY_RULES(DEFRULE(c_few_skirm, a_dynamic_civ_scout_cap(i_val(12))), MANY_RULES(DEFRULE(c_no_house, a_dynamic_atk_percent(i_val(62))), MANY_RULES(t_empty_rule, MANY_RULES(DEFRULE(c_few_barracks, a_res_loom), MANY_RULES(DEFRULE(c_some_ram, a_build_house), MANY_RULES(DEFRULE(AND(c_some_ram, c_few_skirm), a_res_loom), TWO_RULES(DEFRULE(c_few_barracks, a_town_size_20), DEFRULE(c_low_wood, a_train_vill)))))))))))))))))))))))))))))))))))))))))))))))))))))))))))))))))))))"
160,37,365.7504,"MANY_RULES(DEFRULE(AND(c_can_build_university, c_can_res_gold_1), a_dynamic_group_size(14)), MANY_RULES(t_empty_rule, MANY_RULES(DEFRULE(c_no_house, a_res_loom), MANY_RULES(DEFRULE(c_few_barracks, a_res_loom), MANY_RULES(DEFRULE(c_no_house, a_dynamic_atk_percent(i_val(62))), MANY_RULES(DEFRULE(c_few_skirm, a_build_barracks), MANY_RULES(DEFRULE(c_few_barracks, a_res_loom), MANY_RULES(DEFRULE(c_few_skirm, a_build_lumber_camp), MANY_RULES(DEFRULE(c_few_skirm, a_train_vill), MANY_RULES(DEFRULE(AND(c_some_ram, c_few_skirm), a_build_house), MANY_RULES(DEFRULE(c_few_barracks, a_res_loom), MANY_RULES(DEFRULE(c_few_skirm, a_res_farm_2), MANY_RULES(DEFRULE(c_few_barracks, a_forward_castle), MANY_RULES(DEFRULE(c_many_ram, a_dynamic_civ_scout_cap(20)), MANY_RULES(DEFRULE(c_few_barracks, a_forward_castle), MANY_RULES(DEFRULE(c_many_ram, a_dynamic_civ_scout_cap(20)), MANY_RULES(DEFRULE(c_some_ram, a_build_house), MANY_RULES(DEFRULE(c_no_house, a_dynamic_civ_scout_cap(168)), MANY_RULES(DEFRULE(c_no_house, a_dynamic_atk_percent(i_val(62))), MANY_RULES(DEFRULE(c_few_skirm, a_train_vill), MANY_RULES(DEFRULE(c_few_skirm, a_build_barracks), MANY_RULES(DEFRULE(c_few_skirm, a_dynamic_civ_scout_cap(168)), MANY_RULES(DEFRULE(AND(c_many_archer, c_few_watch_tower), a_res_loom), MANY_RULES(DEFRULE(c_few_skirm, a_res_loom), MANY_RULES(DEFRULE(c_no_house, a_dynamic_civ_scout_cap(168)), MANY_RULES(DEFRULE(c_few_barracks, a_train_vill), MANY_RULES(DEFRULE(c_no_house, a_dynamic_atk_percent(20)), MANY_RULES(DEFRULE(AND(c_mil_pop_10, c_no_archery_range), a_dynamic_civ_scout_cap(62)), MANY_RULES(DEFRULE(c_few_skirm, a_train_vill), MANY_RULES(DEFRULE(c_few_barracks, a_train_vill), MANY_RULES(DEFRULE(c_no_house, a_dynamic_atk_percent(20)), MANY_RULES(DEFRULE(AND(c_mil_pop_10, c_no_archery_range), a_dynamic_civ_scout_cap(62)), MANY_RULES(DEFRULE(c_few_skirm, a_train_vill), MANY_RULES(DEFRULE(c_few_skirm, a_res_farm_2), MANY_RULES(DEFRULE(AND(c_many_archer, c_few_watch_tower), a_res_loom), MANY_RULES(DEFRULE(c_few_skirm, a_dynamic_civ_scout_cap(168)), MANY_RULES(DEFRULE(c_few_barracks, a_forward_castle), MANY_RULES(DEFRULE(c_no_house, a_dynamic_atk_percent(i_val(62))), MANY_RULES(DEFRULE(c_few_skirm, a_build_barracks), MANY_RULES(DEFRULE(c_few_barracks, a_res_loom), MANY_RULES(DEFRULE(c_can_res_blast, a_go_feudal_age), MANY_RULES(t_empty_rule, t_empty_list))))))))))))))))))))))))))))))))))))))))))"
160,8,364.0896,"MANY_RULES(DEFRULE(AND(c_no_lumber_camp, c_can_res_chain_mail), a_dynamic_group_size(168)), MANY_RULES(t_empty_rule, MANY_RULES(DEFRULE(c_far_gold, a_train_vill), MANY_RULES(DEFRULE(c_few_skirm, a_res_loom), MANY_RULES(DEFRULE(AND(c_few_skirm, c_enemy_has_many_pike), a_dynamic_civ_scout_cap(12)), MANY_RULES(DEFRULE(c_few_skirm, a_res_loom), MANY_RULES(DEFRULE(c_few_skirm, a_train_vill), MANY_RULES(DEFRULE(c_few_skirm, a_res_loom), MANY_RULES(DEFRULE(c_few_skirm, a_res_farm_2), MANY_RULES(DEFRULE(c_few_barracks, a_train_vill), MANY_RULES(DEFRULE(c_many_ram, a_dynamic_civ_scout_cap(20)), MANY_RULES(DEFRULE(c_some_ram, a_build_house), MANY_RULES(DEFRULE(c_few_skirm, a_train_vill), MANY_RULES(DEFRULE(c_few_skirm, a_res_farm_2), MANY_RULES(DEFRULE(c_few_barracks, a_res_loom), MANY_RULES(DEFRULE(c_few_skirm, a_dynamic_civ_scout_cap(12)), MANY_RULES(DEFRULE(AND(c_some_ram, c_few_skirm), a_res_loom), MANY_RULES(DEFRULE(c_no_house, a_dynamic_atk_percent(i_val(3))), MANY_RULES(DEFRULE(AND(c_few_skirm, c_enemy_has_many_pike), a_res_farm_2), MANY_RULES(DEFRULE(c_few_barracks, a_forward_castle), MANY_RULES(DEFRULE(c_many_ram, a_dynamic_civ_scout_cap(20)), MANY_RULES(DEFRULE(c_few_barracks, a_forward_castle), MANY_RULES(DEFRULE(c_far_gold, a_train_vill), MANY_RULES(DEFRULE(c_few_skirm, a_train_vill), MANY_RULES(DEFRULE(c_few_skirm, a_res_farm_2), MANY_RULES(DEFRULE(c_few_barracks, a_res_loom), MANY_RULES(DEFRULE(c_few_skirm, a_dynamic_civ_scout_cap(i_val(62))), MANY_RULES(t_empty_rule, MANY_RULES(DEFRULE(c_few_barracks, a_res_loom), MANY_RULES(DEFRULE(c_no_house, a_dynamic_atk_percent(168)), MANY_RULES(DEFRULE(c_few_skirm, a_build_barracks), MANY_RULES(DEFRULE(c_few_barracks, a_res_loom), MANY_RULES(DEFRULE(c_few_skirm, a_build_lumber_camp), MANY_RULES(DEFRULE(c_few_skirm, a_train_vill), MANY_RULES(DEFRULE(AND(c_some_ram, c_few_skirm), a_res_loom), MANY_RULES(DEFRULE(c_few_barracks, a_res_loom), MANY_RULES(DEFRULE(c_few_skirm, a_res_farm_2), MANY_RULES(DEFRULE(c_few_barracks, a_forward_castle), MANY_RULES(DEFRULE(c_many_ram, a_dynamic_civ_scout_cap(20)), MANY_RULES(DEFRULE(c_few_barracks, a_forward_castle), MANY_RULES(DEFRULE(c_many_ram, a_dynamic_camp_dist(20)), MANY_RULES(DEFRULE(c_some_ram, a_build_house), MANY_RULES(DEFRULE(c_no_house, a_dynamic_civ_scout_cap(168)), MANY_RULES(DEFRULE(c_no_house, a_dynamic_atk_percent(i_val(62))), MANY_RULES(DEFRULE(c_few_skirm, a_train_vill), MANY_RULES(DEFRULE(c_enemy_has_few_archer, a_build_barracks), MANY_RULES(DEFRULE(c_few_skirm, a_dynamic_civ_scout_cap(168)), MANY_RULES(DEFRULE(AND(c_many_archer, c_few_watch_tower), a_res_loom), MANY_RULES(DEFRULE(c_few_skirm, a_res_loom), MANY_RULES(DEFRULE(c_no_house, a_dynamic_civ_scout_cap(168)), MANY_RULES(DEFRULE(c_few_barracks, a_train_vill), MANY_RULES(DEFRULE(c_no_house, a_dynamic_atk_percent(20)), MANY_RULES(DEFRULE(c_some_ram, a_build_house), MANY_RULES(DEFRULE(AND(c_mil_pop_10, c_no_archery_range), a_dynamic_civ_scout_cap(62)), MANY_RULES(DEFRULE(c_few_skirm, a_train_vill), MANY_RULES(DEFRULE(c_few_skirm, a_res_farm_2), MANY_RULES(DEFRULE(AND(c_many_archer, c_few_watch_tower), a_res_loom), MANY_RULES(DEFRULE(c_few_skirm, a_dynamic_civ_scout_cap(168)), MANY_RULES(DEFRULE(c_few_barracks, a_forward_castle), MANY_RULES(DEFRULE(c_no_house, a_dynamic_atk_percent(i_val(62))), MANY_RULES(DEFRULE(c_few_skirm, a_build_barracks), MANY_RULES(DEFRULE(c_few_barracks, a_res_loom), MANY_RULES(DEFRULE(c_can_res_blast, a_go_feudal_age), MANY_RULES(t_empty_rule, t_empty_list))))))))))))))))))))))))))))))))))))))))))))))))))))))))))))))))"
160,89,361.7104,"MANY_RULES(DEFRULE(c_few_archery_range, a_buy_wood), TWO_RULES(t_empty_rule, t_empty_rule))"
160,87,360.4224,"TWO_RULES(DEFRULE(AND(AND(c_is_castle_age, c_few_mining_camp), AND(c_can_res_farm_2, c_can_buy_food)), a_dynamic_civ_scout_cap(i_val(20))), DEFRULE(AND(AND(c_few_market, c_few_market), AND(c_few_siege_workshop, c_can_res_farm_2)), a_dynamic_atk_percent(i_val(31))))"
160,16,350.4312,"MANY_RULES(DEFRULE(AND(c_no_lumber_camp, c_can_res_chain_mail), a_dynamic_group_size(20)), MANY_RULES(DEFRULE(c_few_mill, a_build_house), MANY_RULES(DEFRULE(c_enemy_has_many_pike, a_dynamic_camp_dist(20)), MANY_RULES(DEFRULE(AND(c_few_skirm, c_enemy_has_many_pike), a_res_loom), MANY_RULES(DEFRULE(c_few_barracks, a_res_loom), MANY_RULES(DEFRULE(AND(c_some_ram, c_many_ram), a_res_loom), MANY_RULES(DEFRULE(c_no_house, a_dynamic_civ_scout_cap(168)), MANY_RULES(DEFRULE(c_few_barracks, a_res_loom), MANY_RULES(DEFRULE(c_no_house, a_dynamic_atk_percent(i_val(62))), MANY_RULES(DEFRULE(c_few_skirm, a_build_barracks), MANY_RULES(DEFRULE(c_few_barracks, a_res_loom), MANY_RULES(DEFRULE(c_few_skirm, a_build_lumber_camp), MANY_RULES(DEFRULE(c_few_barracks, a_res_loom), MANY_RULES(t_empty_rule, MANY_RULES(DEFRULE(c_far_gold, a_train_vill), MANY_RULES(DEFRULE(c_few_skirm, a_res_loom), MANY_RULES(DEFRULE(AND(c_few_skirm, c_enemy_has_many_pike), a_dynamic_civ_scout_cap(12)), MANY_RULES(DEFRULE(c_few_mill, a_build_house), MANY_RULES(DEFRULE(c_few_skirm, a_train_vill), MANY_RULES(DEFRULE(c_few_skirm, a_res_loom), MANY_RULES(DEFRULE(c_few_skirm, a_res_farm_2), MANY_RULES(DEFRULE(c_can_buy_food, a_forward_castle), MANY_RULES(DEFRULE(c_many_ram, a_dynamic_civ_scout_cap(168)), MANY_RULES(DEFRULE(c_few_mill, a_dynamic_civ_scout_cap(12)), MANY_RULES(DEFRULE(c_far_gold, a_train_vill), MANY_RULES(DEFRULE(c_few_skirm, a_train_vill), MANY_RULES(DEFRULE(c_few_skirm, a_res_farm_2), MANY_RULES(DEFRULE(c_few_barracks, a_res_loom), MANY_RULES(DEFRULE(c_few_skirm, a_dynamic_civ_scout_cap(168)), MANY_RULES(DEFRULE(AND(c_some_ram, c_few_skirm), a_res_loom), MANY_RULES(DEFRULE(c_no_house, a_dynamic_atk_percent(i_val(3))), MANY_RULES(DEFRULE(c_few_barracks, a_forward_castle), MANY_RULES(DEFRULE(c_many_ram, a_dynamic_civ_scout_cap(20)), MANY_RULES(DEFRULE(c_some_infantry, a_build_house), MANY_RULES(DEFRULE(c_far_gold, a_train_vill), MANY_RULES(DEFRULE(c_few_skirm, a_train_vill), MANY_RULES(DEFRULE(c_few_skirm, a_res_farm_2), MANY_RULES(DEFRULE(c_few_barracks, a_res_loom), MANY_RULES(DEFRULE(c_few_skirm, a_dynamic_civ_scout_cap(i_val(62))), MANY_RULES(DEFRULE(c_no_house, a_dynamic_atk_percent(i_val(62))), MANY_RULES(t_empty_rule, MANY_RULES(DEFRULE(c_few_barracks, a_res_loom), MANY_RULES(DEFRULE(c_some_ram, a_build_house), MANY_RULES(DEFRULE(AND(c_some_ram, c_few_skirm), a_res_loom), TWO_RULES(DEFRULE(c_few_barracks, a_town_size_20), DEFRULE(c_low_wood, a_train_vill))))))))))))))))))))))))))))))))))))))))))))))"
160,72,348.6784,"MANY_RULES(DEFRULE(c_can_res_chain_mail, a_dynamic_group_size(20)), MANY_RULES(DEFRULE(c_few_skirm, a_build_house), MANY_RULES(DEFRULE(c_enemy_has_many_pike, a_dynamic_camp_dist(20)), MANY_RULES(DEFRULE(AND(c_few_skirm, c_enemy_has_many_pike), a_res_loom), MANY_RULES(DEFRULE(c_few_barracks, a_res_loom), MANY_RULES(DEFRULE(c_few_barracks, a_res_loom), MANY_RULES(DEFRULE(c_no_house, a_dynamic_civ_scout_cap(168)), MANY_RULES(DEFRULE(c_few_barracks, a_res_loom), MANY_RULES(DEFRULE(c_no_house, a_dynamic_atk_percent(i_val(12))), MANY_RULES(DEFRULE(c_few_skirm, a_build_barracks), MANY_RULES(DEFRULE(c_few_barracks, a_res_loom), MANY_RULES(DEFRULE(c_few_skirm, a_build_lumber_camp), MANY_RULES(DEFRULE(c_few_skirm, a_train_vill), MANY_RULES(DEFRULE(AND(c_some_ram, c_few_skirm), a_res_loom), MANY_RULES(DEFRULE(c_few_barracks, a_res_loom), MANY_RULES(DEFRULE(AND(c_mil_pop_10, c_far_gold), a_dynamic_civ_scout_cap(62)), MANY_RULES(t_empty_rule, MANY_RULES(DEFRULE(c_no_house, a_dynamic_civ_scout_cap(168)), MANY_RULES(DEFRULE(c_few_barracks, a_res_loom), MANY_RULES(DEFRULE(c_no_house, a_dynamic_atk_percent(i_val(168))), MANY_RULES(DEFRULE(c_few_skirm, a_build_barracks), MANY_RULES(DEFRULE(c_few_barracks, a_res_loom), MANY_RULES(DEFRULE(c_few_skirm, a_build_lumber_camp), MANY_RULES(DEFRULE(c_few_skirm, a_train_vill), MANY_RULES(DEFRULE(AND(c_some_ram, c_few_skirm), a_res_loom), MANY_RULES(DEFRULE(c_few_barracks, a_res_loom), MANY_RULES(DEFRULE(c_few_skirm, a_res_farm_2), MANY_RULES(DEFRULE(c_few_barracks, a_forward_castle), MANY_RULES(DEFRULE(c_some_ram, a_build_house), MANY_RULES(DEFRULE(c_no_house, a_dynamic_civ_scout_cap(168)), MANY_RULES(DEFRULE(c_few_barracks, a_res_loom), MANY_RULES(DEFRULE(c_no_house, a_dynamic_civ_scout_pct(i_val(25))), MANY_RULES(DEFRULE(c_few_skirm, a_train_vill), MANY_RULES(DEFRULE(c_few_skirm, a_build_barracks), MANY_RULES(DEFRULE(c_few_skirm, a_dynamic_civ_scout_cap(12)), MANY_RULES(DEFRULE(AND(c_many_archer, c_few_watch_tower), a_res_loom), MANY_RULES(DEFRULE(c_few_skirm, a_res_loom), MANY_RULES(DEFRULE(c_no_house, a_dynamic_civ_scout_cap(168)), MANY_RULES(DEFRULE(c_few_skirm, a_train_vill), MANY_RULES(DEFRULE(c_many_ram, a_dynamic_atk_percent(20)), MANY_RULES(DEFRULE(c_some_ram, a_build_house), MANY_RULES(DEFRULE(AND(c_mil_pop_10, c_far_gold), a_dynamic_civ_scout_cap(62)), MANY_RULES(DEFRULE(c_no_house, a_forward_castle), MANY_RULES(DEFRULE(c_few_barracks, a_res_loom), MANY_RULES(DEFRULE(c_no_house, a_dynamic_atk_percent(i_val(168))), MANY_RULES(DEFRULE(c_few_skirm, a_build_barracks), MANY_RULES(DEFRULE(c_few_barracks, a_res_loom), MANY_RULES(DEFRULE(c_few_skirm, a_build_lumber_camp), MANY_RULES(DEFRULE(c_few_skirm, a_train_vill), MANY_RULES(DEFRULE(AND(c_some_ram, c_few_skirm), a_res_loom), MANY_RULES(DEFRULE(c_few_barracks, a_res_loom), MANY_RULES(DEFRULE(c_few_skirm, a_res_farm_2), MANY_RULES(DEFRULE(c_few_skirm, a_build_barracks), MANY_RULES(DEFRULE(c_few_barracks, a_res_loom), MANY_RULES(DEFRULE(c_some_ram, a_build_house), MANY_RULES(DEFRULE(AND(c_some_ram, c_few_skirm), a_res_loom), MANY_RULES(DEFRULE(c_few_skirm, a_res_chemistry), MANY_RULES(DEFRULE(c_few_skirm, a_build_barracks), MANY_RULES(DEFRULE(c_few_barracks, a_res_loom), MANY_RULES(DEFRULE(c_few_skirm, a_res_farm_2), MANY_RULES(DEFRULE(c_few_skirm, a_res_farm_2), MANY_RULES(DEFRULE(AND(c_some_ram, c_few_skirm), a_res_loom), TWO_RULES(DEFRULE(c_few_barracks, a_res_loom), DEFRULE(c_low_wood, a_retreat_castle))))))))))))))))))))))))))))))))))))))))))))))))))))))))))))))))"
160,62,347.628,"MANY_RULES(DEFRULE(AND(c_no_lumber_camp, c_can_res_chain_mail), a_dynamic_group_size(168)), MANY_RULES(t_empty_rule, MANY_RULES(DEFRULE(c_far_gold, a_train_vill), MANY_RULES(DEFRULE(c_few_skirm, a_res_loom), MANY_RULES(DEFRULE(AND(c_few_skirm, c_enemy_has_many_pike), a_dynamic_civ_scout_cap(12)), MANY_RULES(DEFRULE(c_few_skirm, a_res_loom), MANY_RULES(DEFRULE(c_few_skirm, a_train_vill), MANY_RULES(DEFRULE(c_few_skirm, a_res_loom), MANY_RULES(DEFRULE(c_few_skirm, a_res_farm_2), MANY_RULES(DEFRULE(c_few_barracks, a_forward_castle), MANY_RULES(DEFRULE(c_few_skirm, a_dynamic_civ_scout_cap(20)), MANY_RULES(DEFRULE(c_some_ram, a_build_house), MANY_RULES(DEFRULE(c_far_gold, a_train_vill), MANY_RULES(DEFRULE(c_few_skirm, a_res_farm_2), MANY_RULES(DEFRULE(c_few_archery_range, a_res_loom), MANY_RULES(DEFRULE(c_few_skirm, a_dynamic_civ_scout_cap(12)), MANY_RULES(DEFRULE(AND(c_some_ram, c_few_skirm), a_res_loom), MANY_RULES(DEFRULE(c_few_watch_tower, a_train_vill), MANY_RULES(DEFRULE(AND(c_few_skirm, c_enemy_has_many_pike), a_res_farm_2), MANY_RULES(DEFRULE(c_few_barracks, a_forward_castle), MANY_RULES(DEFRULE(c_many_ram, a_dynamic_civ_scout_cap(20)), MANY_RULES(DEFRULE(c_some_infantry, a_build_house), MANY_RULES(DEFRULE(AND(AND(c_no_siege_workshop, c_some_skirm), AND(c_has_gold, c_can_res_chemistry)), a_build_house), MANY_RULES(DEFRULE(c_few_skirm, a_train_vill), MANY_RULES(DEFRULE(c_few_skirm, a_res_farm_2), MANY_RULES(DEFRULE(c_few_barracks, a_res_loom), MANY_RULES(DEFRULE(AND(c_few_skirm, c_enemy_has_many_pike), a_res_loom), MANY_RULES(DEFRULE(c_few_barracks, a_res_loom), MANY_RULES(DEFRULE(c_few_barracks, a_res_loom), MANY_RULES(DEFRULE(c_few_skirm, a_dynamic_civ_scout_cap(168)), MANY_RULES(DEFRULE(c_few_barracks, a_res_loom), MANY_RULES(DEFRULE(c_no_house, a_dynamic_atk_percent(i_val(168))), MANY_RULES(DEFRULE(c_few_skirm, a_build_barracks), MANY_RULES(DEFRULE(c_few_barracks, a_res_loom), MANY_RULES(DEFRULE(c_few_skirm, a_build_lumber_camp), MANY_RULES(DEFRULE(c_few_skirm, a_train_vill), MANY_RULES(DEFRULE(AND(c_some_ram, c_few_skirm), a_res_loom), MANY_RULES(DEFRULE(c_few_barracks, a_dynamic_atk_percent(3)), MANY_RULES(DEFRULE(c_few_skirm, a_res_farm_2), MANY_RULES(DEFRULE(c_few_skirm, a_build_barracks), MANY_RULES(DEFRULE(c_few_barracks, a_res_bracer), MANY_RULES(DEFRULE(c_some_ram, a_build_house), MANY_RULES(DEFRULE(AND(c_some_ram, c_few_skirm), a_res_loom), TWO_RULES(DEFRULE(c_few_barracks, a_build_lumber_camp), DEFRULE(c_low_wood, a_train_vill)))))))))))))))))))))))))))))))))))))))))))))"
160,3,346.5048,"MANY_RULES(DEFRULE(AND(c_no_lumber_camp, c_can_res_chain_mail), a_dynamic_group_size(20)), MANY_RULES(DEFRULE(c_few_mill, a_build_house), MANY_RULES(DEFRULE(c_enemy_has_many_pike, a_dynamic_camp_dist(20)), MANY_RULES(DEFRULE(AND(c_few_skirm, c_enemy_has_many_pike), a_res_loom), MANY_RULES(DEFRULE(c_few_barracks, a_res_loom), MANY_RULES(DEFRULE(AND(c_some_ram, c_many_ram), a_res_loom), MANY_RULES(DEFRULE(c_no_house, a_dynamic_civ_scout_cap(168)), MANY_RULES(DEFRULE(c_few_barracks, a_res_loom), MANY_RULES(DEFRULE(c_no_house, a_dynamic_atk_percent(i_val(62))), MANY_RULES(DEFRULE(c_few_skirm, a_build_barracks), MANY_RULES(DEFRULE(c_few_barracks, a_res_loom), MANY_RULES(DEFRULE(c_few_skirm, a_build_lumber_camp), MANY_RULES(DEFRULE(c_few_barracks, a_res_loom), MANY_RULES(t_empty_rule, MANY_RULES(DEFRULE(c_far_gold, a_train_vill), MANY_RULES(DEFRULE(c_few_skirm, a_res_loom), MANY_RULES(DEFRULE(AND(c_few_skirm, c_enemy_has_many_pike), a_dynamic_civ_scout_cap(12)), MANY_RULES(DEFRULE(c_few_skirm, a_res_loom), MANY_RULES(DEFRULE(c_few_skirm, a_train_vill), MANY_RULES(DEFRULE(c_few_skirm, a_res_loom), MANY_RULES(DEFRULE(c_few_skirm, a_res_farm_2), MANY_RULES(DEFRULE(c_can_buy_food, a_forward_castle), MANY_RULES(DEFRULE(c_many_ram, a_dynamic_civ_scout_cap(168)), MANY_RULES(DEFRULE(c_few_mill, a_dynamic_civ_scout_cap(12)), MANY_RULES(DEFRULE(c_far_gold, a_train_vill), MANY_RULES(DEFRULE(c_few_skirm, a_train_vill), MANY_RULES(DEFRULE(c_few_skirm, a_res_farm_2), MANY_RULES(DEFRULE(c_few_barracks, a_res_loom), MANY_RULES(DEFRULE(c_few_skirm, a_dynamic_civ_scout_cap(168)), MANY_RULES(DEFRULE(AND(c_some_ram, c_few_skirm), a_res_loom), MANY_RULES(DEFRULE(c_no_house, a_dynamic_atk_percent(i_val(3))), MANY_RULES(DEFRULE(c_few_barracks, a_forward_castle), MANY_RULES(DEFRULE(c_many_ram, a_dynamic_civ_scout_cap(20)), MANY_RULES(DEFRULE(c_some_infantry, a_build_house), MANY_RULES(DEFRULE(c_far_gold, a_train_vill), MANY_RULES(DEFRULE(c_few_skirm, a_train_vill), MANY_RULES(DEFRULE(c_few_skirm, a_res_farm_2), MANY_RULES(DEFRULE(c_few_barracks, a_res_loom), MANY_RULES(DEFRULE(c_few_skirm, a_dynamic_civ_scout_cap(i_val(12))), MANY_RULES(DEFRULE(c_no_house, a_dynamic_atk_percent(i_val(62))), MANY_RULES(t_empty_rule, MANY_RULES(DEFRULE(c_few_barracks, a_res_loom), MANY_RULES(DEFRULE(c_some_ram, a_build_house), MANY_RULES(DEFRULE(AND(c_some_ram, c_few_skirm), a_res_loom), TWO_RULES(DEFRULE(c_few_barracks, a_town_size_20), DEFRULE(c_low_wood, a_train_vill))))))))))))))))))))))))))))))))))))))))))))))"
160,12,339.756,"MANY_RULES(DEFRULE(AND(c_no_lumber_camp, c_can_res_chain_mail), a_dynamic_group_size(i_val(12))), MANY_RULES(DEFRULE(c_few_skirm, a_build_house), MANY_RULES(DEFRULE(c_enemy_has_many_pike, a_res_loom), MANY_RULES(DEFRULE(AND(AND(c_can_build_town_center, c_few_siege_workshop), c_enemy_has_many_pike), a_res_loom), MANY_RULES(DEFRULE(c_few_skirm, a_build_barracks), MANY_RULES(DEFRULE(c_few_barracks, a_dynamic_civ_scout_cap(168)), MANY_RULES(DEFRULE(c_some_ram, a_dynamic_civ_scout_cap(20)), MANY_RULES(DEFRULE(c_few_skirm, a_res_loom), MANY_RULES(DEFRULE(c_few_skirm, a_train_vill), MANY_RULES(DEFRULE(c_few_skirm, a_res_loom), MANY_RULES(DEFRULE(c_few_skirm, a_res_loom), MANY_RULES(DEFRULE(c_few_skirm, a_dynamic_civ_scout_cap(12)), MANY_RULES(DEFRULE(AND(c_many_archer, c_few_watch_tower), a_res_loom), MANY_RULES(DEFRULE(c_few_skirm, a_res_loom), MANY_RULES(DEFRULE(AND(c_few_skirm, c_can_res_gold_2), a_dynamic_civ_scout_cap(168)), MANY_RULES(DEFRULE(AND(c_few_barracks, c_enemy_has_many_pike), a_build_house), MANY_RULES(DEFRULE(c_enemy_has_many_pike, a_dynamic_camp_dist(20)), MANY_RULES(DEFRULE(AND(c_few_skirm, c_enemy_has_many_pike), a_res_loom), MANY_RULES(DEFRULE(c_few_barracks, a_res_loom), MANY_RULES(DEFRULE(AND(c_some_ram, c_can_res_farm_3), a_res_loom), MANY_RULES(DEFRULE(c_no_house, a_dynamic_civ_scout_cap(168)), MANY_RULES(DEFRULE(c_few_barracks, a_res_loom), MANY_RULES(DEFRULE(c_few_barracks, a_res_loom), MANY_RULES(DEFRULE(c_few_skirm, a_build_barracks), MANY_RULES(DEFRULE(c_few_barracks, a_res_loom), MANY_RULES(DEFRULE(c_few_skirm, a_build_lumber_camp), MANY_RULES(DEFRULE(c_few_skirm, a_train_vill), MANY_RULES(DEFRULE(AND(c_some_ram, c_few_skirm), a_res_loom), MANY_RULES(DEFRULE(c_few_barracks, a_res_loom), MANY_RULES(DEFRULE(c_few_skirm, a_res_farm_2), MANY_RULES(DEFRULE(c_few_barracks, a_forward_castle), MANY_RULES(DEFRULE(c_many_ram, a_dynamic_civ_scout_cap(20)), MANY_RULES(DEFRULE(AND(c_no_lumber_camp, c_can_res_chain_mail), a_build_house), MANY_RULES(DEFRULE(AND(AND(c_no_mining_camp, c_far_gold), AND(c_few_treb, c_far_gold)), a_train_vill), MANY_RULES(DEFRULE(c_few_skirm, a_train_vill), MANY_RULES(DEFRULE(c_few_skirm, a_res_farm_2), MANY_RULES(DEFRULE(c_is_feudal_age, a_train_monk), MANY_RULES(t_empty_rule, t_empty_list))))))))))))))))))))))))))))))))))))))"
160,25,339.64,"MANY_RULES(DEFRULE(AND(c_no_lumber_camp, c_can_res_chain_mail), a_dynamic_group_size(20)), MANY_RULES(DEFRULE(c_few_mill, a_build_house), MANY_RULES(DEFRULE(c_enemy_has_many_pike, a_dynamic_camp_dist(20)), MANY_RULES(DEFRULE(AND(c_few_skirm, c_enemy_has_many_pike), a_res_loom), MANY_RULES(DEFRULE(c_few_barracks, a_res_loom), MANY_RULES(DEFRULE(AND(c_some_ram, c_many_ram), a_res_loom), MANY_RULES(DEFRULE(c_no_house, a_dynamic_civ_scout_cap(168)), MANY_RULES(DEFRULE(c_few_barracks, a_res_loom), MANY_RULES(DEFRULE(c_no_house, a_dynamic_atk_percent(i_val(62))), MANY_RULES(DEFRULE(c_few_skirm, a_build_barracks), MANY_RULES(DEFRULE(c_few_barracks, a_res_loom), MANY_RULES(DEFRULE(c_few_skirm, a_res_loom), MANY_RULES(DEFRULE(c_few_barracks, a_res_loom), MANY_RULES(t_empty_rule, MANY_RULES(DEFRULE(c_far_gold, a_train_vill), MANY_RULES(DEFRULE(c_few_skirm, a_res_loom), MANY_RULES(DEFRULE(AND(c_few_skirm, c_enemy_has_many_pike), a_dynamic_civ_scout_cap(12)), MANY_RULES(DEFRULE(c_few_mill, a_build_house), MANY_RULES(DEFRULE(c_few_skirm, a_train_vill), MANY_RULES(DEFRULE(c_few_skirm, a_res_loom), MANY_RULES(DEFRULE(c_few_skirm, a_res_farm_2), MANY_RULES(DEFRULE(c_few_skirm, a_build_house), MANY_RULES(DEFRULE(c_enemy_has_many_pike, a_res_loom), MANY_RULES(DEFRULE(AND(AND(c_can_build_town_center, c_few_siege_workshop), c_enemy_has_many_pike), a_res_loom), MANY_RULES(DEFRULE(c_few_skirm, a_build_barracks), MANY_RULES(DEFRULE(c_few_barracks, a_dynamic_civ_scout_cap(168)), MANY_RULES(DEFRULE(c_some_ram, a_dynamic_civ_scout_cap(20)), MANY_RULES(DEFRULE(c_few_skirm, a_res_loom), MANY_RULES(DEFRULE(c_few_skirm, a_train_vill), MANY_RULES(DEFRULE(c_few_skirm, a_res_loom), MANY_RULES(DEFRULE(c_few_skirm, a_res_loom), MANY_RULES(DEFRULE(c_few_skirm, a_forward_castle), MANY_RULES(DEFRULE(AND(c_many_archer, c_few_watch_tower), a_res_loom), MANY_RULES(DEFRULE(c_few_skirm, a_res_loom), MANY_RULES(DEFRULE(AND(c_few_skirm, c_can_res_gold_2), a_dynamic_civ_scout_cap(168)), MANY_RULES(DEFRULE(c_few_mill, a_build_house), MANY_RULES(DEFRULE(c_enemy_has_many_pike, a_dynamic_camp_dist(20)), MANY_RULES(DEFRULE(AND(c_few_skirm, c_enemy_has_many_pike), a_res_loom), MANY_RULES(DEFRULE(c_few_barracks, a_res_loom), MANY_RULES(DEFRULE(AND(c_some_ram, c_can_res_farm_3), a_res_loom), MANY_RULES(DEFRULE(c_no_house, a_dynamic_civ_scout_cap(168)), MANY_RULES(DEFRULE(c_few_barracks, a_train_vill), MANY_RULES(DEFRULE(c_no_house, a_dynamic_atk_percent(20)), MANY_RULES(DEFRULE(c_few_skirm, a_build_barracks), MANY_RULES(DEFRULE(c_few_barracks, a_res_loom), MANY_RULES(DEFRULE(c_few_skirm, a_build_lumber_camp), MANY_RULES(DEFRULE(c_few_skirm, a_train_vill), MANY_RULES(DEFRULE(AND(c_some_ram, c_few_skirm), a_res_loom), MANY_RULES(DEFRULE(c_few_barracks, a_res_loom), MANY_RULES(DEFRULE(c_few_skirm, a_res_farm_2), MANY_RULES(DEFRULE(c_few_barracks, a_forward_castle), MANY_RULES(DEFRULE(c_many_ram, a_dynamic_civ_scout_cap(20)), MANY_RULES(DEFRULE(c_some_ram, a_build_house), MANY_RULES(DEFRULE(AND(AND(c_no_mining_camp, c_far_gold), AND(c_few_treb, c_far_gold)), a_res_loom), MANY_RULES(DEFRULE(c_few_skirm, a_train_vill), MANY_RULES(DEFRULE(c_few_skirm, a_res_farm_2), MANY_RULES(DEFRULE(c_is_feudal_age, a_train_monk), MANY_RULES(t_empty_rule, t_empty_list))))))))))))))))))))))))))))))))))))))))))))))))))))))))))"
160,17,338.7712,"MANY_RULES(DEFRULE(AND(c_no_lumber_camp, c_can_res_chain_mail), a_dynamic_group_size(i_val(62))), MANY_RULES(DEFRULE(c_few_skirm, a_build_house), MANY_RULES(DEFRULE(c_enemy_has_many_pike, a_res_loom), MANY_RULES(DEFRULE(AND(AND(c_can_build_town_center, c_few_siege_workshop), c_enemy_has_many_pike), a_res_loom), MANY_RULES(DEFRULE(c_few_skirm, a_build_barracks), MANY_RULES(DEFRULE(c_few_barracks, a_dynamic_civ_scout_cap(168)), MANY_RULES(DEFRULE(c_some_ram, a_dynamic_civ_scout_cap(20)), MANY_RULES(DEFRULE(c_few_skirm, a_res_loom), MANY_RULES(DEFRULE(c_few_skirm, a_train_vill), MANY_RULES(DEFRULE(c_few_skirm, a_res_loom), MANY_RULES(DEFRULE(c_few_skirm, a_res_loom), MANY_RULES(DEFRULE(c_few_skirm, a_forward_castle), MANY_RULES(DEFRULE(AND(c_many_archer, c_few_watch_tower), a_res_loom), MANY_RULES(DEFRULE(c_few_skirm, a_res_loom), MANY_RULES(DEFRULE(AND(c_few_skirm, c_can_res_gold_2), a_dynamic_civ_scout_cap(168)), MANY_RULES(DEFRULE(c_few_mill, a_build_house), MANY_RULES(DEFRULE(c_enemy_has_many_pike, a_dynamic_camp_dist(20)), MANY_RULES(DEFRULE(AND(c_few_skirm, c_enemy_has_many_pike), a_res_loom), MANY_RULES(DEFRULE(c_few_barracks, a_res_loom), MANY_RULES(DEFRULE(AND(c_some_ram, c_few_barracks), a_res_loom), MANY_RULES(DEFRULE(c_no_house, a_dynamic_civ_scout_cap(168)), MANY_RULES(DEFRULE(c_few_barracks, a_train_vill), MANY_RULES(DEFRULE(c_no_house, a_dynamic_atk_percent(20)), MANY_RULES(DEFRULE(c_few_skirm, a_build_barracks), MANY_RULES(DEFRULE(c_few_barracks, a_res_loom), MANY_RULES(DEFRULE(c_few_skirm, a_build_lumber_camp), MANY_RULES(DEFRULE(c_few_skirm, a_train_vill), MANY_RULES(DEFRULE(AND(c_some_ram, c_few_skirm), a_res_loom), MANY_RULES(DEFRULE(c_few_barracks, a_res_loom), MANY_RULES(DEFRULE(c_few_skirm, a_res_farm_2), MANY_RULES(DEFRULE(c_few_barracks, a_forward_castle), MANY_RULES(DEFRULE(c_many_ram, a_dynamic_civ_scout_cap(20)), MANY_RULES(DEFRULE(c_some_ram, a_build_house), MANY_RULES(DEFRULE(AND(AND(c_no_mining_camp, c_far_gold), AND(c_few_treb, c_far_gold)), a_train_vill), MANY_RULES(DEFRULE(c_few_skirm, a_train_vill), MANY_RULES(DEFRULE(c_few_skirm, a_res_farm_2), MANY_RULES(DEFRULE(c_is_feudal_age, a_train_monk), MANY_RULES(t_empty_rule, t_empty_list))))))))))))))))))))))))))))))))))))))"
160,65,330.934,"MANY_RULES(DEFRULE(AND(c_no_lumber_camp, c_can_res_chain_mail), a_dynamic_group_size(20)), MANY_RULES(DEFRULE(c_few_mill, a_build_house), MANY_RULES(DEFRULE(c_enemy_has_many_pike, a_dynamic_camp_dist(20)), MANY_RULES(DEFRULE(AND(c_few_skirm, c_enemy_has_many_pike), a_res_loom), MANY_RULES(DEFRULE(c_few_barracks, a_res_loom), MANY_RULES(DEFRULE(AND(c_some_ram, c_many_ram), a_res_loom), MANY_RULES(DEFRULE(c_no_house, a_dynamic_civ_scout_cap(168)), MANY_RULES(DEFRULE(c_few_barracks, a_res_loom), MANY_RULES(DEFRULE(c_no_house, a_dynamic_atk_percent(i_val(62))), MANY_RULES(DEFRULE(c_few_skirm, a_build_barracks), MANY_RULES(DEFRULE(c_few_barracks, a_res_loom), MANY_RULES(DEFRULE(c_few_skirm, a_build_lumber_camp), MANY_RULES(DEFRULE(c_few_barracks, a_res_loom), MANY_RULES(t_empty_rule, MANY_RULES(DEFRULE(c_far_gold, a_train_vill), MANY_RULES(DEFRULE(c_few_skirm, a_res_loom), MANY_RULES(DEFRULE(AND(c_few_skirm, c_enemy_has_many_pike), a_dynamic_civ_scout_cap(12)), MANY_RULES(DEFRULE(c_few_skirm, a_res_loom), MANY_RULES(DEFRULE(c_few_skirm, a_train_vill), MANY_RULES(DEFRULE(c_few_skirm, a_res_loom), MANY_RULES(DEFRULE(c_few_skirm, a_res_farm_2), MANY_RULES(DEFRULE(c_can_buy_food, a_forward_castle), MANY_RULES(DEFRULE(c_many_ram, a_dynamic_civ_scout_cap(168)), MANY_RULES(DEFRULE(c_few_mill, a_dynamic_civ_scout_cap(12)), MANY_RULES(DEFRULE(c_far_gold, a_train_vill), MANY_RULES(DEFRULE(c_few_skirm, a_train_vill), MANY_RULES(DEFRULE(c_few_skirm, a_res_farm_2), MANY_RULES(DEFRULE(c_few_skirm, a_dynamic_civ_scout_cap(168)), MANY_RULES(DEFRULE(AND(c_some_ram, c_few_skirm), a_res_loom), MANY_RULES(DEFRULE(c_no_house, a_dynamic_atk_percent(i_val(3))), MANY_RULES(DEFRULE(c_few_barracks, a_forward_castle), MANY_RULES(DEFRULE(c_many_ram, a_dynamic_civ_scout_cap(20)), MANY_RULES(DEFRULE(c_some_infantry, a_build_house), MANY_RULES(DEFRULE(c_far_gold, a_train_vill), MANY_RULES(DEFRULE(c_few_skirm, a_train_vill), MANY_RULES(DEFRULE(c_few_skirm, a_res_farm_2), MANY_RULES(DEFRULE(c_few_barracks, a_res_loom), MANY_RULES(DEFRULE(c_few_skirm, a_dynamic_civ_scout_cap(i_val(12))), MANY_RULES(DEFRULE(c_no_house, a_dynamic_atk_percent(i_val(62))), MANY_RULES(t_empty_rule, MANY_RULES(DEFRULE(c_few_barracks, a_res_loom), MANY_RULES(DEFRULE(c_some_ram, a_build_house), MANY_RULES(DEFRULE(AND(c_some_ram, c_few_skirm), a_res_loom), TWO_RULES(DEFRULE(c_few_barracks, a_town_size_20), DEFRULE(c_low_wood, a_train_vill)))))))))))))))))))))))))))))))))))))))))))))"
160,94,318.7448,"MANY_RULES(DEFRULE(c_few_knight, a_train_knight), TWO_RULES(t_empty_rule, t_empty_rule))"
160,31,318.168,"MANY_RULES(DEFRULE(AND(c_no_lumber_camp, c_can_res_chain_mail), a_dynamic_group_size(168)), MANY_RULES(t_empty_rule, MANY_RULES(DEFRULE(c_far_gold, a_train_vill), MANY_RULES(DEFRULE(c_few_skirm, a_res_loom), MANY_RULES(DEFRULE(AND(c_few_skirm, c_enemy_has_many_pike), a_dynamic_civ_scout_cap(12)), MANY_RULES(DEFRULE(c_few_skirm, a_res_loom), MANY_RULES(DEFRULE(c_few_skirm, a_train_vill), MANY_RULES(DEFRULE(c_few_skirm, a_res_loom), MANY_RULES(DEFRULE(c_few_skirm, a_res_farm_2), MANY_RULES(DEFRULE(c_few_barracks, a_forward_castle), MANY_RULES(DEFRULE(c_few_skirm, a_dynamic_civ_scout_cap(20)), MANY_RULES(DEFRULE(c_some_ram, a_build_house), MANY_RULES(DEFRULE(c_far_gold, a_train_vill), MANY_RULES(DEFRULE(c_few_skirm, a_res_farm_2), MANY_RULES(DEFRULE(c_few_archery_range, a_res_loom), MANY_RULES(DEFRULE(c_few_skirm, a_dynamic_civ_scout_cap(12)), MANY_RULES(DEFRULE(AND(c_some_ram, c_few_skirm), a_res_loom), MANY_RULES(DEFRULE(c_few_watch_tower, a_train_vill), MANY_RULES(DEFRULE(AND(c_few_skirm, c_enemy_has_many_pike), a_res_farm_2), MANY_RULES(DEFRULE(c_few_barracks, a_forward_castle), MANY_RULES(DEFRULE(c_many_ram, a_dynamic_civ_scout_cap(20)), MANY_RULES(DEFRULE(c_some_infantry, a_build_house), MANY_RULES(DEFRULE(c_few_skirm, a_build_house), MANY_RULES(DEFRULE(c_few_skirm, a_train_vill), MANY_RULES(DEFRULE(c_few_skirm, a_res_farm_2), MANY_RULES(DEFRULE(c_few_barracks, a_res_loom), MANY_RULES(DEFRULE(AND(c_few_skirm, c_enemy_has_many_pike), a_res_loom), MANY_RULES(DEFRULE(c_few_barracks, a_res_loom), MANY_RULES(DEFRULE(c_few_barracks, a_res_loom), MANY_RULES(DEFRULE(c_few_skirm, a_dynamic_civ_scout_cap(168)), MANY_RULES(DEFRULE(c_few_barracks, a_res_loom), MANY_RULES(DEFRULE(c_no_house, a_dynamic_atk_percent(i_val(168))), MANY_RULES(DEFRULE(c_few_skirm, a_build_barracks), MANY_RULES(DEFRULE(c_few_barracks, a_res_loom), MANY_RULES(DEFRULE(c_few_skirm, a_build_lumber_camp), MANY_RULES(DEFRULE(c_few_skirm, a_train_vill), MANY_RULES(DEFRULE(AND(c_some_ram, c_few_skirm), a_res_loom), MANY_RULES(DEFRULE(c_few_watch_tower, a_dynamic_atk_percent(3)), MANY_RULES(DEFRULE(c_few_skirm, a_res_farm_2), MANY_RULES(DEFRULE(c_few_skirm, a_build_barracks), MANY_RULES(DEFRULE(c_few_barracks, a_res_bracer), MANY_RULES(DEFRULE(c_some_ram, a_build_house), MANY_RULES(DEFRULE(AND(c_some_ram, c_few_skirm), a_res_loom), TWO_RULES(DEFRULE(c_few_barracks, a_build_lumber_camp), DEFRULE(c_low_wood, a_train_vill)))))))))))))))))))))))))))))))))))))))))))))"
160,42,317.46,"MANY_RULES(DEFRULE(AND(c_no_lumber_camp, c_can_res_chain_mail), a_dynamic_group_size(168)), MANY_RULES(t_empty_rule, MANY_RULES(DEFRULE(c_far_gold, a_train_vill), MANY_RULES(DEFRULE(c_few_skirm, a_res_loom), MANY_RULES(DEFRULE(AND(c_few_skirm, c_enemy_has_many_pike), a_dynamic_civ_scout_cap(12)), MANY_RULES(DEFRULE(c_few_skirm, a_res_loom), MANY_RULES(DEFRULE(c_few_skirm, a_train_vill), MANY_RULES(DEFRULE(c_few_skirm, a_res_loom), MANY_RULES(DEFRULE(c_few_skirm, a_res_farm_2), MANY_RULES(DEFRULE(c_few_barracks, a_train_vill), MANY_RULES(DEFRULE(c_many_ram, a_dynamic_civ_scout_cap(20)), MANY_RULES(DEFRULE(c_some_ram, a_build_house), MANY_RULES(DEFRULE(c_few_skirm, a_train_vill), MANY_RULES(DEFRULE(c_few_skirm, a_res_farm_2), MANY_RULES(DEFRULE(c_few_barracks, a_res_loom), MANY_RULES(DEFRULE(c_few_skirm, a_dynamic_civ_scout_cap(12)), MANY_RULES(DEFRULE(AND(c_some_ram, c_few_skirm), a_res_loom), MANY_RULES(DEFRULE(c_no_house, a_dynamic_atk_percent(i_val(3))), MANY_RULES(DEFRULE(AND(c_few_skirm, c_enemy_has_many_pike), a_res_farm_2), MANY_RULES(DEFRULE(c_few_barracks, a_forward_castle), MANY_RULES(DEFRULE(c_many_ram, a_dynamic_civ_scout_cap(20)), MANY_RULES(DEFRULE(c_few_barracks, a_forward_castle), MANY_RULES(DEFRULE(c_far_gold, a_train_vill), MANY_RULES(DEFRULE(c_few_skirm, a_train_vill), MANY_RULES(DEFRULE(c_few_skirm, a_res_farm_2), MANY_RULES(DEFRULE(c_few_barracks, a_res_loom), MANY_RULES(DEFRULE(c_few_skirm, a_dynamic_civ_scout_cap(i_val(62))), MANY_RULES(t_empty_rule, MANY_RULES(DEFRULE(c_few_barracks, a_res_loom), MANY_RULES(DEFRULE(c_no_house, a_dynamic_atk_percent(i_val(62))), MANY_RULES(DEFRULE(c_few_skirm, a_build_watch_tower), MANY_RULES(DEFRULE(c_few_barracks, a_res_loom), MANY_RULES(DEFRULE(c_few_skirm, a_build_lumber_camp), MANY_RULES(DEFRULE(c_few_skirm, a_train_vill), MANY_RULES(DEFRULE(AND(c_some_ram, c_few_skirm), a_res_loom), MANY_RULES(DEFRULE(c_few_barracks, a_res_loom), MANY_RULES(DEFRULE(c_few_skirm, a_res_farm_2), MANY_RULES(DEFRULE(c_few_barracks, a_forward_castle), MANY_RULES(DEFRULE(c_many_ram, a_dynamic_civ_scout_cap(20)), MANY_RULES(DEFRULE(c_few_barracks, a_forward_castle), MANY_RULES(DEFRULE(c_many_ram, a_dynamic_camp_dist(62)), MANY_RULES(DEFRULE(c_some_ram, a_build_house), MANY_RULES(DEFRULE(c_no_house, a_dynamic_civ_scout_cap(168)), MANY_RULES(DEFRULE(c_few_barracks, a_res_loom), MANY_RULES(DEFRULE(c_no_house, a_dynamic_atk_percent(i_val(62))), MANY_RULES(DEFRULE(c_few_skirm, a_train_vill), MANY_RULES(DEFRULE(c_few_skirm, a_build_barracks), MANY_RULES(DEFRULE(c_few_skirm, a_dynamic_civ_scout_cap(168)), MANY_RULES(DEFRULE(AND(c_many_archer, c_few_watch_tower), a_res_loom), MANY_RULES(DEFRULE(c_few_skirm, a_res_loom), MANY_RULES(DEFRULE(c_no_house, a_dynamic_civ_scout_cap(168)), MANY_RULES(DEFRULE(c_few_barracks, a_train_vill), MANY_RULES(DEFRULE(c_no_house, a_dynamic_atk_percent(20)), MANY_RULES(DEFRULE(c_some_ram, a_build_house), MANY_RULES(DEFRULE(AND(c_mil_pop_10, c_no_archery_range), a_dynamic_civ_scout_cap(62)), MANY_RULES(DEFRULE(c_few_skirm, a_train_vill), MANY_RULES(DEFRULE(c_few_skirm, a_res_farm_2), MANY_RULES(DEFRULE(AND(c_many_archer, c_few_watch_tower), a_res_loom), MANY_RULES(DEFRULE(c_few_skirm, a_dynamic_civ_scout_cap(168)), MANY_RULES(DEFRULE(c_few_barracks, a_forward_castle), MANY_RULES(DEFRULE(c_no_house, a_dynamic_atk_percent(i_val(62))), MANY_RULES(DEFRULE(c_few_skirm, a_build_barracks), MANY_RULES(DEFRULE(c_few_barracks, a_res_loom), MANY_RULES(DEFRULE(c_can_res_blast, a_go_feudal_age), MANY_RULES(t_empty_rule, t_empty_list)))))))))))))))))))))))))))))))))))))))))))))))))))))))))))))))))"
160,29,310.312,"MANY_RULES(DEFRULE(AND(c_no_lumber_camp, c_can_res_chain_mail), a_dynamic_group_size(168)), MANY_RULES(t_empty_rule, MANY_RULES(DEFRULE(c_far_gold, a_train_vill), MANY_RULES(DEFRULE(c_few_skirm, a_res_loom), MANY_RULES(DEFRULE(AND(c_few_skirm, c_enemy_has_many_pike), a_dynamic_civ_scout_cap(12)), MANY_RULES(DEFRULE(c_few_skirm, a_res_loom), MANY_RULES(DEFRULE(c_few_skirm, a_train_vill), MANY_RULES(DEFRULE(c_few_skirm, a_res_loom), MANY_RULES(DEFRULE(c_few_skirm, a_res_farm_2), MANY_RULES(DEFRULE(c_few_barracks, a_forward_castle), MANY_RULES(DEFRULE(c_few_skirm, a_dynamic_civ_scout_cap(20)), MANY_RULES(DEFRULE(c_some_ram, a_build_house), MANY_RULES(DEFRULE(c_far_gold, a_train_vill), MANY_RULES(DEFRULE(c_few_skirm, a_res_farm_2), MANY_RULES(DEFRULE(c_few_archery_range, a_res_loom), MANY_RULES(DEFRULE(c_few_skirm, a_dynamic_civ_scout_cap(12)), MANY_RULES(DEFRULE(AND(c_some_ram, c_few_skirm), a_res_loom), MANY_RULES(DEFRULE(c_few_watch_tower, a_train_vill), MANY_RULES(DEFRULE(AND(c_few_skirm, c_enemy_has_many_pike), a_res_farm_2), MANY_RULES(DEFRULE(c_few_barracks, a_forward_castle), MANY_RULES(DEFRULE(c_many_ram, a_dynamic_civ_scout_cap(20)), MANY_RULES(DEFRULE(c_some_infantry, a_build_house), MANY_RULES(DEFRULE(c_few_skirm, a_build_house), MANY_RULES(DEFRULE(c_few_skirm, a_train_vill), MANY_RULES(DEFRULE(c_few_skirm, a_res_farm_2), MANY_RULES(DEFRULE(c_few_barracks, a_res_loom), MANY_RULES(DEFRULE(AND(c_few_skirm, c_enemy_has_many_pike), a_res_loom), MANY_RULES(DEFRULE(c_few_barracks, a_res_loom), MANY_RULES(DEFRULE(c_few_barracks, a_res_loom), MANY_RULES(DEFRULE(c_few_skirm, a_dynamic_civ_scout_cap(168)), MANY_RULES(DEFRULE(c_few_barracks, a_res_loom), MANY_RULES(DEFRULE(c_no_house, a_dynamic_atk_percent(i_val(168))), MANY_RULES(DEFRULE(c_few_skirm, a_build_barracks), MANY_RULES(DEFRULE(c_few_barracks, a_res_loom), MANY_RULES(DEFRULE(c_few_skirm, a_build_lumber_camp), MANY_RULES(DEFRULE(c_few_skirm, a_train_vill), MANY_RULES(DEFRULE(AND(c_some_ram, c_few_skirm), a_res_loom), MANY_RULES(DEFRULE(c_few_barracks, a_dynamic_atk_percent(3)), MANY_RULES(DEFRULE(c_few_skirm, a_res_farm_2), MANY_RULES(DEFRULE(c_few_skirm, a_build_barracks), MANY_RULES(DEFRULE(c_few_barracks, a_res_bracer), MANY_RULES(DEFRULE(c_some_ram, a_build_house), MANY_RULES(DEFRULE(AND(c_some_ram, c_few_skirm), a_res_loom), TWO_RULES(DEFRULE(c_few_barracks, a_build_lumber_camp), DEFRULE(c_low_wood, a_train_vill)))))))))))))))))))))))))))))))))))))))))))))"
160,59,309.756,"MANY_RULES(DEFRULE(AND(c_no_lumber_camp, c_can_res_chain_mail), a_dynamic_group_size(20)), MANY_RULES(DEFRULE(c_few_skirm, a_build_house), MANY_RULES(DEFRULE(c_enemy_has_many_pike, a_dynamic_camp_dist(20)), MANY_RULES(DEFRULE(c_few_skirm, a_res_loom), MANY_RULES(DEFRULE(c_no_house, a_dynamic_civ_scout_cap(168)), MANY_RULES(DEFRULE(c_few_barracks, a_res_loom), MANY_RULES(DEFRULE(c_no_house, a_dynamic_atk_percent(i_val(168))), t_empty_list)))))))"
160,71,304.92,"MANY_RULES(DEFRULE(AND(c_no_lumber_camp, c_can_res_chain_mail), a_dynamic_group_size(20)), MANY_RULES(DEFRULE(c_few_mill, a_build_house), MANY_RULES(DEFRULE(c_enemy_has_many_pike, a_dynamic_camp_dist(20)), MANY_RULES(DEFRULE(AND(c_few_skirm, c_enemy_has_many_pike), a_res_loom), MANY_RULES(DEFRULE(c_few_barracks, a_res_loom), MANY_RULES(DEFRULE(AND(c_some_ram, c_many_ram), a_res_loom), MANY_RULES(DEFRULE(c_no_house, a_dynamic_civ_scout_cap(168)), MANY_RULES(DEFRULE(c_few_barracks, a_res_loom), MANY_RULES(DEFRULE(c_no_house, a_dynamic_atk_percent(i_val(62))), MANY_RULES(DEFRULE(c_few_skirm, a_build_barracks), MANY_RULES(DEFRULE(c_few_barracks, a_res_loom), MANY_RULES(DEFRULE(c_few_skirm, a_build_lumber_camp), MANY_RULES(DEFRULE(c_few_barracks, a_res_loom), MANY_RULES(t_empty_rule, MANY_RULES(DEFRULE(c_far_gold, a_train_vill), MANY_RULES(DEFRULE(c_few_skirm, a_res_loom), MANY_RULES(DEFRULE(AND(c_few_skirm, c_enemy_has_many_pike), a_dynamic_civ_scout_cap(12)), MANY_RULES(DEFRULE(c_few_mill, a_build_house), MANY_RULES(DEFRULE(c_few_skirm, a_train_vill), MANY_RULES(DEFRULE(c_few_skirm, a_res_loom), MANY_RULES(DEFRULE(c_few_skirm, a_res_farm_2), MANY_RULES(DEFRULE(c_can_buy_food, a_forward_castle), MANY_RULES(DEFRULE(c_many_ram, a_dynamic_civ_scout_cap(168)), MANY_RULES(t_empty_rule, t_empty_list))))))))))))))))))))))))"
160,76,304.2984,"MANY_RULES(DEFRULE(AND(c_no_lumber_camp, c_can_res_chain_mail), a_dynamic_group_size(20)), MANY_RULES(DEFRULE(c_few_mill, a_build_house), MANY_RULES(DEFRULE(c_enemy_has_many_pike, a_dynamic_camp_dist(20)), MANY_RULES(DEFRULE(AND(c_few_skirm, c_enemy_has_many_pike), a_res_loom), MANY_RULES(DEFRULE(c_few_barracks, a_res_loom), MANY_RULES(DEFRULE(AND(c_some_ram, c_many_ram), a_res_loom), MANY_RULES(DEFRULE(c_no_house, a_dynamic_civ_scout_cap(168)), MANY_RULES(DEFRULE(c_few_barracks, a_res_loom), MANY_RULES(DEFRULE(c_some_ram, a_build_house), MANY_RULES(DEFRULE(c_few_barracks, a_res_loom), MANY_RULES(DEFRULE(c_few_skirm, a_build_lumber_camp), MANY_RULES(DEFRULE(c_few_skirm, a_train_vill), MANY_RULES(DEFRULE(AND(c_some_ram, c_few_skirm), a_res_loom), MANY_RULES(DEFRULE(c_few_barracks, a_res_loom), MANY_RULES(DEFRULE(c_few_skirm, a_res_farm_2), MANY_RULES(DEFRULE(c_few_barracks, a_forward_castle), MANY_RULES(DEFRULE(c_many_ram, a_dynamic_civ_scout_cap(20)), MANY_RULES(DEFRULE(c_some_ram, a_build_house), MANY_RULES(DEFRULE(AND(AND(c_no_mining_camp, c_far_gold), AND(c_few_treb, c_far_gold)), a_train_vill), t_empty_list)))))))))))))))))))"
160,73,301.4712,"MANY_RULES(DEFRULE(AND(c_no_lumber_camp, c_can_res_chain_mail), a_dynamic_group_size(i_val(62))), MANY_RULES(DEFRULE(c_few_skirm, a_build_house), MANY_RULES(DEFRULE(c_enemy_has_many_pike, a_res_loom), MANY_RULES(DEFRULE(AND(AND(c_can_build_town_center, c_few_siege_workshop), c_enemy_has_many_pike), a_res_loom), MANY_RULES(DEFRULE(c_few_skirm, a_build_barracks), MANY_RULES(DEFRULE(c_few_barracks, a_dynamic_civ_scout_cap(62)), MANY_RULES(DEFRULE(c_some_ram, a_dynamic_civ_scout_cap(20)), MANY_RULES(DEFRULE(c_few_skirm, a_res_loom), MANY_RULES(DEFRULE(c_few_skirm, a_res_loom), MANY_RULES(DEFRULE(c_few_skirm, a_res_loom), MANY_RULES(DEFRULE(c_few_skirm, a_forward_castle), MANY_RULES(DEFRULE(AND(c_many_archer, c_few_watch_tower), a_res_loom), MANY_RULES(DEFRULE(c_few_skirm, a_res_loom), MANY_RULES(DEFRULE(AND(c_few_skirm, c_can_res_gold_2), a_dynamic_civ_scout_cap(168)), MANY_RULES(DEFRULE(c_few_mill, a_build_house), MANY_RULES(DEFRULE(c_enemy_has_many_pike, a_dynamic_camp_dist(20)), MANY_RULES(DEFRULE(AND(c_few_skirm, c_enemy_has_many_pike), a_res_loom), MANY_RULES(DEFRULE(c_few_barracks, a_res_loom), MANY_RULES(DEFRULE(AND(c_some_ram, c_can_res_farm_3), a_res_loom), MANY_RULES(DEFRULE(c_no_house, a_dynamic_civ_scout_cap(168)), MANY_RULES(DEFRULE(c_few_barracks, a_train_vill), MANY_RULES(DEFRULE(c_no_house, a_dynamic_atk_percent(20)), MANY_RULES(DEFRULE(c_few_skirm, a_build_barracks), MANY_RULES(DEFRULE(c_few_barracks, a_res_loom), MANY_RULES(DEFRULE(c_few_skirm, a_build_lumber_camp), MANY_RULES(DEFRULE(c_few_skirm, a_train_vill), MANY_RULES(DEFRULE(AND(c_some_ram, c_few_skirm), a_res_loom), MANY_RULES(DEFRULE(c_few_barracks, a_res_loom), MANY_RULES(DEFRULE(c_few_skirm, a_res_farm_2), MANY_RULES(DEFRULE(c_few_barracks, a_forward_castle), MANY_RULES(DEFRULE(c_many_ram, a_dynamic_civ_scout_cap(20)), MANY_RULES(DEFRULE(c_some_ram, a_build_house), MANY_RULES(DEFRULE(AND(AND(c_no_mining_camp, c_far_gold), AND(c_few_treb, c_far_gold)), a_train_vill), MANY_RULES(DEFRULE(c_few_skirm, a_train_vill), MANY_RULES(DEFRULE(c_few_skirm, a_res_farm_2), MANY_RULES(DEFRULE(c_is_feudal_age, a_train_monk), MANY_RULES(t_empty_rule, t_empty_list)))))))))))))))))))))))))))))))))))))"
160,95,300.6388,"TWO_RULES(DEFRULE(AND(c_no_town_center, c_can_build_monastery), a_dynamic_atk_percent(205)), DEFRULE(AND(c_can_res_gold_2, c_no_archery_range), a_dynamic_civ_scout_pct(3)))"
160,85,299.76,"MANY_RULES(DEFRULE(c_is_imperial_age, a_train_ram), MANY_RULES(t_empty_rule, t_empty_list))"
160,57,292.7064,"MANY_RULES(DEFRULE(AND(c_no_lumber_camp, c_can_res_chain_mail), a_dynamic_group_size(i_val(37))), MANY_RULES(DEFRULE(c_few_skirm, a_build_house), MANY_RULES(DEFRULE(c_enemy_has_many_pike, a_res_loom), MANY_RULES(DEFRULE(c_few_skirm, a_train_vill), MANY_RULES(DEFRULE(c_few_skirm, a_res_loom), MANY_RULES(DEFRULE(c_few_skirm, a_res_loom), MANY_RULES(DEFRULE(AND(c_many_archer, c_few_watch_tower), a_res_loom), MANY_RULES(DEFRULE(c_few_skirm, a_res_loom), MANY_RULES(DEFRULE(AND(c_few_skirm, c_can_res_gold_2), a_dynamic_civ_scout_cap(168)), MANY_RULES(DEFRULE(c_can_res_axe_2, a_retreat_castle), TWO_RULES(t_empty_rule, t_empty_rule)))))))))))"
160,34,276.222,"MANY_RULES(DEFRULE(c_can_res_chain_mail, a_dynamic_group_size(20)), MANY_RULES(DEFRULE(c_few_skirm, a_build_house), MANY_RULES(DEFRULE(c_enemy_has_many_pike, a_dynamic_camp_dist(20)), MANY_RULES(DEFRULE(AND(c_few_skirm, c_enemy_has_many_pike), a_res_loom), MANY_RULES(DEFRULE(c_few_barracks, a_res_loom), MANY_RULES(DEFRULE(c_few_barracks, a_res_loom), MANY_RULES(DEFRULE(c_no_house, a_dynamic_civ_scout_cap(168)), MANY_RULES(DEFRULE(c_few_barracks, a_res_loom), MANY_RULES(DEFRULE(c_no_house, a_dynamic_atk_percent(i_val(12))), MANY_RULES(DEFRULE(c_few_skirm, a_build_barracks), MANY_RULES(DEFRULE(c_few_barracks, a_res_loom), MANY_RULES(DEFRULE(c_few_skirm, a_build_lumber_camp), MANY_RULES(DEFRULE(c_few_skirm, a_train_vill), MANY_RULES(DEFRULE(AND(c_some_ram, c_few_skirm), a_res_loom), MANY_RULES(DEFRULE(c_few_barracks, a_res_loom), MANY_RULES(DEFRULE(c_few_skirm, a_res_farm_2), MANY_RULES(t_empty_rule, MANY_RULES(DEFRULE(c_no_house, a_dynamic_civ_scout_cap(168)), MANY_RULES(DEFRULE(c_few_barracks, a_res_loom), MANY_RULES(DEFRULE(c_no_house, a_dynamic_atk_percent(i_val(168))), MANY_RULES(DEFRULE(c_few_skirm, a_build_barracks), MANY_RULES(DEFRULE(c_few_barracks, a_res_loom), MANY_RULES(DEFRULE(c_few_skirm, a_build_lumber_camp), MANY_RULES(DEFRULE(c_few_skirm, a_train_vill), MANY_RULES(DEFRULE(AND(c_some_ram, c_few_skirm), a_res_loom), MANY_RULES(DEFRULE(c_few_barracks, a_res_loom), MANY_RULES(DEFRULE(c_few_skirm, a_res_farm_2), MANY_RULES(DEFRULE(c_few_barracks, a_dynamic_atk_percent(i_val(i_val(3)))), MANY_RULES(DEFRULE(c_many_ram, a_dynamic_civ_scout_cap(20)), MANY_RULES(DEFRULE(c_some_ram, a_build_house), MANY_RULES(DEFRULE(c_no_house, a_dynamic_civ_scout_cap(168)), MANY_RULES(DEFRULE(c_few_barracks, a_res_loom), MANY_RULES(DEFRULE(c_no_house, a_dynamic_civ_scout_pct(i_val(25))), MANY_RULES(DEFRULE(c_few_skirm, a_train_vill), MANY_RULES(DEFRULE(c_few_skirm, a_build_barracks), MANY_RULES(DEFRULE(c_few_skirm, a_dynamic_civ_scout_cap(12)), MANY_RULES(DEFRULE(AND(c_many_archer, c_few_watch_tower), a_res_loom), MANY_RULES(DEFRULE(c_few_skirm, a_res_loom), MANY_RULES(DEFRULE(c_no_house, a_dynamic_civ_scout_cap(168)), MANY_RULES(DEFRULE(c_few_barracks, a_train_vill), MANY_RULES(DEFRULE(c_many_ram, a_dynamic_atk_percent(20)), MANY_RULES(DEFRULE(c_some_ram, a_build_house), MANY_RULES(DEFRULE(AND(c_mil_pop_10, c_far_gold), a_dynamic_civ_scout_cap(62)), MANY_RULES(DEFRULE(c_no_house, a_forward_castle), MANY_RULES(DEFRULE(c_few_barracks, a_res_loom), MANY_RULES(DEFRULE(c_few_barracks, a_dynamic_atk_percent(i_val(168))), MANY_RULES(DEFRULE(c_few_skirm, a_build_barracks), MANY_RULES(DEFRULE(c_few_barracks, a_res_loom), MANY_RULES(DEFRULE(c_few_skirm, a_build_lumber_camp), MANY_RULES(DEFRULE(c_few_skirm, a_res_ballistics), MANY_RULES(DEFRULE(AND(c_some_ram, c_few_skirm), a_res_loom), MANY_RULES(DEFRULE(c_few_barracks, a_res_loom), MANY_RULES(DEFRULE(c_few_skirm, a_res_farm_2), MANY_RULES(DEFRULE(AND(c_no_lumber_camp, c_can_res_chain_mail), a_build_barracks), MANY_RULES(DEFRULE(c_few_barracks, a_res_loom), MANY_RULES(DEFRULE(c_some_ram, a_build_house), MANY_RULES(DEFRULE(AND(c_some_ram, c_few_skirm), a_res_loom), TWO_RULES(DEFRULE(c_few_barracks, a_build_lumber_camp), DEFRULE(c_low_wood, a_train_vill)))))))))))))))))))))))))))))))))))))))))))))))))))))))))))"
160,4,275.132,"MANY_RULES(DEFRULE(AND(c_no_lumber_camp, c_can_res_chain_mail), a_dynamic_group_size(168)), MANY_RULES(t_empty_rule, MANY_RULES(DEFRULE(c_far_gold, a_train_vill), MANY_RULES(DEFRULE(c_few_skirm, a_res_loom), MANY_RULES(DEFRULE(AND(c_few_skirm, c_enemy_has_many_pike), a_dynamic_civ_scout_cap(12)), MANY_RULES(DEFRULE(c_few_skirm, a_res_loom), MANY_RULES(DEFRULE(c_few_skirm, a_train_vill), MANY_RULES(DEFRULE(c_few_skirm, a_res_loom), MANY_RULES(DEFRULE(c_few_skirm, a_res_farm_2), MANY_RULES(DEFRULE(c_few_barracks, a_train_vill), MANY_RULES(DEFRULE(c_many_ram, a_dynamic_civ_scout_cap(20)), MANY_RULES(DEFRULE(c_some_ram, a_build_house), MANY_RULES(DEFRULE(c_few_skirm, a_train_vill), MANY_RULES(DEFRULE(c_few_skirm, a_res_farm_2), MANY_RULES(DEFRULE(c_few_barracks, a_res_loom), MANY_RULES(DEFRULE(c_few_skirm, a_dynamic_civ_scout_cap(12)), MANY_RULES(DEFRULE(AND(c_some_ram, c_few_skirm), a_res_loom), MANY_RULES(DEFRULE(c_few_barracks, a_forward_castle), MANY_RULES(DEFRULE(AND(c_few_skirm, c_enemy_has_many_pike), a_res_farm_2), MANY_RULES(DEFRULE(c_few_barracks, a_forward_castle), MANY_RULES(DEFRULE(c_many_ram, a_dynamic_civ_scout_cap(20)), MANY_RULES(DEFRULE(c_few_barracks, a_forward_castle), MANY_RULES(DEFRULE(c_far_gold, a_train_vill), MANY_RULES(DEFRULE(c_few_skirm, a_train_vill), MANY_RULES(DEFRULE(c_few_skirm, a_res_farm_2), MANY_RULES(DEFRULE(c_few_barracks, a_res_loom), MANY_RULES(DEFRULE(c_few_skirm, a_dynamic_civ_scout_cap(i_val(62))), MANY_RULES(t_empty_rule, MANY_RULES(DEFRULE(c_few_barracks, a_res_loom), MANY_RULES(DEFRULE(c_no_house, a_dynamic_atk_percent(i_val(62))), MANY_RULES(DEFRULE(c_few_skirm, a_build_barracks), MANY_RULES(DEFRULE(c_few_barracks, a_res_loom), MANY_RULES(DEFRULE(c_few_skirm, a_build_lumber_camp), MANY_RULES(DEFRULE(c_few_skirm, a_train_vill), MANY_RULES(DEFRULE(AND(c_some_ram, c_few_skirm), a_res_loom), MANY_RULES(DEFRULE(c_few_barracks, a_res_loom), MANY_RULES(DEFRULE(c_few_skirm, a_res_farm_2), MANY_RULES(DEFRULE(c_few_barracks, a_forward_castle), MANY_RULES(DEFRULE(c_many_ram, a_dynamic_civ_scout_cap(20)), MANY_RULES(DEFRULE(c_few_barracks, a_forward_castle), MANY_RULES(DEFRULE(c_many_ram, a_dynamic_camp_dist(20)), MANY_RULES(DEFRULE(c_some_ram, a_build_house), MANY_RULES(DEFRULE(c_no_house, a_dynamic_civ_scout_cap(168)), MANY_RULES(DEFRULE(c_few_barracks, a_res_loom), MANY_RULES(DEFRULE(c_no_house, a_dynamic_atk_percent(i_val(62))), MANY_RULES(DEFRULE(c_few_skirm, a_train_vill), MANY_RULES(DEFRULE(c_few_skirm, a_build_barracks), MANY_RULES(DEFRULE(c_few_skirm, a_dynamic_civ_scout_cap(168)), MANY_RULES(DEFRULE(AND(c_many_archer, c_few_watch_tower), a_res_loom), MANY_RULES(DEFRULE(c_few_skirm, a_res_loom), MANY_RULES(DEFRULE(c_no_house, a_dynamic_civ_scout_cap(168)), MANY_RULES(DEFRULE(c_few_barracks, a_train_vill), MANY_RULES(DEFRULE(c_no_house, a_dynamic_atk_percent(20)), MANY_RULES(DEFRULE(c_some_ram, a_build_house), MANY_RULES(DEFRULE(AND(c_mil_pop_10, c_no_archery_range), a_dynamic_civ_scout_cap(62)), MANY_RULES(DEFRULE(c_few_skirm, a_train_vill), MANY_RULES(DEFRULE(c_few_skirm, a_res_farm_2), MANY_RULES(DEFRULE(AND(c_many_archer, c_few_watch_tower), a_res_loom), MANY_RULES(DEFRULE(c_few_skirm, a_dynamic_civ_scout_cap(168)), MANY_RULES(DEFRULE(c_few_barracks, a_forward_castle), MANY_RULES(DEFRULE(c_no_house, a_dynamic_atk_percent(i_val(62))), MANY_RULES(DEFRULE(c_few_barracks, a_res_loom), MANY_RULES(DEFRULE(c_few_barracks, a_res_loom), MANY_RULES(DEFRULE(c_can_res_blast, a_go_feudal_age), MANY_RULES(t_empty_rule, t_empty_list)))))))))))))))))))))))))))))))))))))))))))))))))))))))))))))))))"
160,83,272.3452,"MANY_RULES(DEFRULE(c_can_res_chain_mail, a_dynamic_group_size(20)), MANY_RULES(DEFRULE(c_few_skirm, a_build_house), MANY_RULES(DEFRULE(c_enemy_has_many_pike, a_dynamic_camp_dist(20)), MANY_RULES(DEFRULE(AND(c_few_skirm, c_enemy_has_many_pike), a_res_loom), MANY_RULES(DEFRULE(c_few_barracks, a_res_loom), MANY_RULES(DEFRULE(c_far_gold, a_train_vill), MANY_RULES(DEFRULE(c_no_house, a_dynamic_civ_scout_cap(168)), MANY_RULES(DEFRULE(c_few_barracks, a_res_loom), MANY_RULES(DEFRULE(c_no_house, a_dynamic_atk_percent(i_val(12))), MANY_RULES(DEFRULE(c_few_skirm, a_build_barracks), MANY_RULES(DEFRULE(c_few_barracks, a_res_loom), MANY_RULES(DEFRULE(c_few_skirm, a_build_lumber_camp), MANY_RULES(DEFRULE(c_few_skirm, a_train_vill), MANY_RULES(DEFRULE(AND(c_some_ram, c_few_skirm), a_res_loom), MANY_RULES(DEFRULE(c_few_barracks, a_res_loom), MANY_RULES(DEFRULE(c_few_skirm, a_res_farm_2), MANY_RULES(t_empty_rule, MANY_RULES(DEFRULE(AND(c_need_farms, c_can_res_axe_1), a_dynamic_civ_scout_cap(168)), MANY_RULES(DEFRULE(c_few_barracks, a_res_loom), MANY_RULES(DEFRULE(c_no_house, a_dynamic_atk_percent(i_val(168))), MANY_RULES(DEFRULE(c_few_skirm, a_build_barracks), MANY_RULES(DEFRULE(c_few_barracks, a_res_loom), MANY_RULES(DEFRULE(c_few_skirm, a_build_lumber_camp), MANY_RULES(DEFRULE(c_few_skirm, a_train_vill), MANY_RULES(DEFRULE(AND(AND(AND(c_vills_under_60, c_enemy_has_many_archer), AND(c_can_buy_food, c_vills_under_100)), c_few_skirm), a_res_loom), MANY_RULES(DEFRULE(c_few_barracks, a_res_loom), MANY_RULES(DEFRULE(c_few_skirm, a_res_farm_2), MANY_RULES(DEFRULE(c_few_barracks, a_forward_castle), MANY_RULES(DEFRULE(c_many_ram, a_dynamic_civ_scout_cap(20)), MANY_RULES(DEFRULE(c_some_ram, a_build_house), MANY_RULES(DEFRULE(c_no_house, a_dynamic_civ_scout_cap(168)), MANY_RULES(DEFRULE(c_few_barracks, a_res_loom), MANY_RULES(DEFRULE(c_no_house, a_dynamic_civ_scout_pct(i_val(25))), MANY_RULES(DEFRULE(c_few_skirm, a_train_vill), MANY_RULES(DEFRULE(c_few_skirm, a_build_barracks), MANY_RULES(DEFRULE(c_few_skirm, a_dynamic_civ_scout_cap(12)), MANY_RULES(DEFRULE(AND(c_many_archer, c_few_watch_tower), a_res_loom), MANY_RULES(DEFRULE(c_few_skirm, a_res_loom), MANY_RULES(DEFRULE(c_no_house, a_dynamic_civ_scout_cap(168)), MANY_RULES(DEFRULE(c_few_barracks, a_train_vill), MANY_RULES(DEFRULE(c_many_ram, a_dynamic_atk_percent(20)), MANY_RULES(DEFRULE(c_some_ram, a_build_house), MANY_RULES(DEFRULE(AND(c_mil_pop_10, c_far_gold), a_dynamic_civ_scout_cap(62)), MANY_RULES(DEFRULE(c_no_house, a_forward_castle), MANY_RULES(DEFRULE(c_few_barracks, a_res_loom), MANY_RULES(DEFRULE(c_few_barracks, a_dynamic_atk_percent(i_val(168))), MANY_RULES(DEFRULE(c_few_skirm, a_build_barracks), MANY_RULES(DEFRULE(c_few_barracks, a_res_loom), MANY_RULES(DEFRULE(c_few_skirm, a_build_lumber_camp), MANY_RULES(DEFRULE(c_few_skirm, a_train_vill), MANY_RULES(DEFRULE(AND(c_some_ram, c_few_skirm), a_res_loom), MANY_RULES(DEFRULE(c_few_barracks, a_res_loom), MANY_RULES(DEFRULE(c_few_skirm, a_res_farm_2), MANY_RULES(DEFRULE(c_few_skirm, a_build_barracks), MANY_RULES(DEFRULE(c_few_barracks, a_res_loom), MANY_RULES(DEFRULE(c_some_ram, a_build_house), MANY_RULES(DEFRULE(AND(c_some_ram, c_few_skirm), a_res_loom), TWO_RULES(DEFRULE(c_few_barracks, a_build_lumber_camp), DEFRULE(c_low_wood, a_train_vill)))))))))))))))))))))))))))))))))))))))))))))))))))))))))))"
160,33,269.1712,"MANY_RULES(DEFRULE(AND(c_no_lumber_camp, c_can_res_chain_mail), a_dynamic_group_size(20)), MANY_RULES(DEFRULE(c_few_mill, a_build_house), MANY_RULES(DEFRULE(c_enemy_has_many_pike, a_dynamic_camp_dist(20)), MANY_RULES(DEFRULE(AND(c_few_skirm, c_enemy_has_many_pike), a_res_loom), MANY_RULES(DEFRULE(c_few_barracks, a_res_loom), MANY_RULES(DEFRULE(AND(c_some_ram, c_many_ram), a_res_loom), MANY_RULES(DEFRULE(c_no_house, a_dynamic_civ_scout_cap(168)), MANY_RULES(DEFRULE(c_few_barracks, a_res_loom), MANY_RULES(DEFRULE(c_no_house, a_dynamic_atk_percent(i_val(62))), MANY_RULES(DEFRULE(c_few_skirm, a_build_barracks), MANY_RULES(DEFRULE(c_few_barracks, a_res_loom), MANY_RULES(DEFRULE(c_few_skirm, a_build_lumber_camp), MANY_RULES(DEFRULE(c_few_barracks, a_res_loom), MANY_RULES(t_empty_rule, MANY_RULES(DEFRULE(c_far_gold, a_train_vill), MANY_RULES(DEFRULE(c_few_skirm, a_res_loom), MANY_RULES(DEFRULE(AND(c_few_skirm, c_enemy_has_many_pike), a_dynamic_civ_scout_cap(12)), MANY_RULES(DEFRULE(c_few_skirm, a_res_loom), MANY_RULES(DEFRULE(c_few_skirm, a_train_vill), MANY_RULES(DEFRULE(c_few_skirm, a_res_loom), MANY_RULES(DEFRULE(c_few_skirm, a_res_farm_2), MANY_RULES(DEFRULE(c_can_buy_food, a_forward_castle), MANY_RULES(DEFRULE(c_few_skirm, a_build_barracks), MANY_RULES(DEFRULE(c_few_barracks, a_res_loom), MANY_RULES(DEFRULE(c_can_res_blast, a_go_feudal_age), MANY_RULES(t_empty_rule, t_empty_list))))))))))))))))))))))))))"
160,84,268.462,"TWO_RULES(DEFRULE(AND(AND(AND(c_can_res_chemistry, c_few_ram), AND(c_some_skirm, c_many_ram)), AND(AND(c_can_go_imperial_age, c_can_res_farm_3), AND(c_can_res_axe_3, c_can_res_chemistry))), a_dynamic_camp_dist(i_val(i_val(2)))), DEFRULE(AND(AND(AND(c_enemy_has_few_infantry, c_can_res_chemistry), AND(c_has_food, c_can_buy_wood)), AND(AND(c_can_build_town_center, c_can_build_castle), AND(c_few_siege_workshop, c_can_res_gold_2))), a_dynamic_camp_dist(i_val(i_val(4)))))"
160,92,267.7856,"TWO_RULES(DEFRULE(c_many_knight, a_build_archery_range), DEFRULE(c_no_siege_workshop, a_train_scout))"
160,20,261.608,"MANY_RULES(DEFRULE(AND(c_no_lumber_camp, c_can_res_chain_mail), a_dynamic_group_size(20)), MANY_RULES(DEFRULE(c_few_skirm, a_build_house), MANY_RULES(DEFRULE(AND(c_few_skirm, c_enemy_has_many_pike), a_dynamic_camp_dist(6)), MANY_RULES(DEFRULE(c_few_barracks, a_res_loom), MANY_RULES(DEFRULE(c_few_barracks, a_res_loom), MANY_RULES(DEFRULE(AND(c_can_build_castle, c_vills_under_100), a_dynamic_civ_scout_cap(46)), MANY_RULES(DEFRULE(c_few_barracks, a_res_loom), MANY_RULES(DEFRULE(c_no_house, a_dynamic_atk_percent(i_val(168))), MANY_RULES(DEFRULE(c_few_skirm, a_build_barracks), MANY_RULES(DEFRULE(c_few_barracks, a_res_loom), MANY_RULES(DEFRULE(c_few_skirm, a_build_lumber_camp), MANY_RULES(DEFRULE(c_few_skirm, a_train_vill), MANY_RULES(DEFRULE(AND(c_some_ram, c_few_skirm), a_res_loom), MANY_RULES(DEFRULE(c_few_barracks, a_dynamic_civ_scout_cap(i_val(35))), MANY_RULES(DEFRULE(c_few_skirm, a_res_farm_2), MANY_RULES(DEFRULE(c_few_skirm, a_build_barracks), MANY_RULES(DEFRULE(c_few_barracks, a_res_loom), MANY_RULES(DEFRULE(c_some_ram, a_build_house), MANY_RULES(DEFRULE(AND(c_some_ram, c_few_skirm), a_res_loom), MANY_RULES(DEFRULE(c_no_house, a_dynamic_atk_percent(i_val(20))), MANY_RULES(DEFRULE(c_few_skirm, a_build_barracks), MANY_RULES(DEFRULE(c_few_barracks, a_res_loom), MANY_RULES(DEFRULE(c_few_skirm, a_res_farm_2), MANY_RULES(DEFRULE(c_few_skirm, a_build_lumber_camp), MANY_RULES(DEFRULE(c_few_skirm, a_train_vill), MANY_RULES(DEFRULE(c_no_house, a_dynamic_atk_percent(i_val(20))), MANY_RULES(DEFRULE(c_few_skirm, a_build_barracks), MANY_RULES(DEFRULE(c_some_ram, a_build_house), MANY_RULES(DEFRULE(c_some_ram, a_build_lumber_camp), MANY_RULES(DEFRULE(AND(c_can_res_stone_2, c_few_skirm), a_res_loom), TWO_RULES(DEFRULE(c_few_barracks, a_build_lumber_camp), DEFRULE(c_has_monk, a_train_vill))))))))))))))))))))))))))))))))"
160,56,260.1596,"MANY_RULES(DEFRULE(AND(c_no_lumber_camp, c_can_res_chain_mail), a_dynamic_group_size(i_val(i_val(i_val(79))))), MANY_RULES(DEFRULE(c_few_skirm, a_build_house), MANY_RULES(DEFRULE(c_enemy_has_many_pike, a_res_loom), MANY_RULES(DEFRULE(AND(AND(c_can_build_town_center, c_few_siege_workshop), c_enemy_has_many_pike), a_res_loom), MANY_RULES(DEFRULE(c_few_skirm, a_build_barracks), MANY_RULES(DEFRULE(c_few_barracks, a_dynamic_civ_scout_cap(168)), MANY_RULES(DEFRULE(c_some_ram, a_dynamic_civ_scout_cap(20)), MANY_RULES(DEFRULE(c_few_skirm, a_dynamic_atk_percent(20)), MANY_RULES(DEFRULE(c_few_skirm, a_train_vill), MANY_RULES(DEFRULE(c_few_skirm, a_res_loom), MANY_RULES(DEFRULE(c_few_skirm, a_res_loom), MANY_RULES(DEFRULE(c_many_ram, a_dynamic_civ_scout_cap(20)), MANY_RULES(DEFRULE(c_some_ram, a_build_house), MANY_RULES(DEFRULE(AND(AND(c_no_mining_camp, c_far_gold), AND(c_few_treb, c_far_gold)), a_train_vill), MANY_RULES(DEFRULE(c_few_skirm, a_train_vill), MANY_RULES(DEFRULE(c_few_skirm, a_res_farm_2), MANY_RULES(DEFRULE(AND(c_many_archer, AND(c_no_blacksmith, c_no_monastery)), a_res_loom), MANY_RULES(DEFRULE(c_few_skirm, a_dynamic_civ_scout_cap(168)), MANY_RULES(DEFRULE(c_few_skirm, a_res_farm_2), MANY_RULES(DEFRULE(c_no_house, a_dynamic_atk_percent(i_val(62))), MANY_RULES(DEFRULE(c_few_skirm, a_build_barracks), MANY_RULES(DEFRULE(c_few_barracks, a_res_loom), MANY_RULES(DEFRULE(c_few_skirm, a_res_farm_2), MANY_RULES(DEFRULE(c_few_barracks, a_res_loom), MANY_RULES(DEFRULE(AND(c_few_skirm, c_few_skirm), a_res_loom), TWO_RULES(DEFRULE(c_few_barracks, a_res_loom), DEFRULE(c_low_wood, a_retreat_castle)))))))))))))))))))))))))))"
160,51,259.9872,"MANY_RULES(DEFRULE(AND(c_no_lumber_camp, c_some_pike), a_dynamic_group_size(20)), MANY_RULES(DEFRULE(c_few_mill, a_build_house), MANY_RULES(DEFRULE(c_enemy_has_many_pike, a_dynamic_camp_dist(20)), MANY_RULES(DEFRULE(AND(c_few_skirm, c_enemy_has_many_pike), a_res_loom), MANY_RULES(DEFRULE(c_few_barracks, a_res_loom), MANY_RULES(DEFRULE(c_few_skirm, a_res_farm_2), MANY_RULES(DEFRULE(c_no_house, a_dynamic_civ_scout_cap(168)), MANY_RULES(DEFRULE(c_few_barracks, a_res_loom), MANY_RULES(DEFRULE(c_no_house, a_dynamic_atk_percent(i_val(i_val(3)))), MANY_RULES(DEFRULE(AND(c_few_skirm, c_enemy_has_many_pike), a_res_loom), MANY_RULES(DEFRULE(c_few_barracks, a_res_loom), MANY_RULES(DEFRULE(AND(c_some_ram, c_many_ram), a_res_loom), MANY_RULES(DEFRULE(c_no_house, a_dynamic_civ_scout_cap(168)), MANY_RULES(DEFRULE(c_few_barracks, a_res_loom), MANY_RULES(DEFRULE(c_some_ram, a_build_house), MANY_RULES(DEFRULE(c_few_barracks, a_res_loom), MANY_RULES(DEFRULE(c_few_skirm, a_build_lumber_camp), MANY_RULES(DEFRULE(c_few_skirm, a_train_vill), MANY_RULES(DEFRULE(AND(c_some_ram, c_few_skirm), a_res_loom), MANY_RULES(DEFRULE(c_few_barracks, a_res_loom), MANY_RULES(DEFRULE(c_few_skirm, a_res_farm_2), MANY_RULES(DEFRULE(c_few_barracks, a_forward_castle), MANY_RULES(DEFRULE(c_many_ram, a_dynamic_civ_scout_cap(20)), MANY_RULES(DEFRULE(c_some_ram, a_build_house), MANY_RULES(DEFRULE(AND(AND(c_no_mining_camp, c_far_gold), AND(c_few_treb, c_far_gold)), a_train_vill), MANY_RULES(DEFRULE(c_few_skirm, a_train_vill), MANY_RULES(DEFRULE(c_few_skirm, a_res_loom), MANY_RULES(DEFRULE(AND(c_many_archer, AND(c_no_blacksmith, c_no_monastery)), a_res_loom), MANY_RULES(DEFRULE(c_few_skirm, a_dynamic_civ_scout_cap(168)), MANY_RULES(DEFRULE(c_few_skirm, a_res_farm_2), MANY_RULES(DEFRULE(c_no_house, a_dynamic_atk_percent(i_val(62))), MANY_RULES(DEFRULE(c_few_skirm, a_build_barracks), MANY_RULES(DEFRULE(c_few_barracks, a_res_loom), MANY_RULES(DEFRULE(c_few_skirm, a_res_farm_2), MANY_RULES(DEFRULE(c_few_barracks, a_res_loom), MANY_RULES(DEFRULE(AND(c_few_skirm, c_few_skirm), a_res_loom), TWO_RULES(DEFRULE(c_few_barracks, a_res_loom), DEFRULE(c_low_wood, a_retreat_castle))))))))))))))))))))))))))))))))))))))"
160,28,257.0328,"MANY_RULES(DEFRULE(AND(c_can_build_university, c_can_res_gold_1), a_dynamic_group_size(14)), MANY_RULES(t_empty_rule, MANY_RULES(DEFRULE(c_no_house, a_res_loom), MANY_RULES(DEFRULE(c_few_barracks, a_res_loom), MANY_RULES(DEFRULE(c_no_house, a_dynamic_atk_percent(i_val(62))), MANY_RULES(DEFRULE(c_few_skirm, a_build_barracks), MANY_RULES(DEFRULE(c_few_barracks, a_res_loom), MANY_RULES(DEFRULE(c_few_skirm, a_build_lumber_camp), MANY_RULES(DEFRULE(c_few_skirm, a_train_vill), MANY_RULES(DEFRULE(AND(c_some_ram, c_few_skirm), a_build_house), MANY_RULES(DEFRULE(c_few_barracks, a_res_loom), MANY_RULES(DEFRULE(c_few_skirm, a_res_farm_2), MANY_RULES(DEFRULE(c_few_barracks, a_forward_castle), MANY_RULES(DEFRULE(c_many_ram, a_dynamic_civ_scout_cap(20)), MANY_RULES(DEFRULE(c_few_barracks, a_forward_castle), MANY_RULES(DEFRULE(c_many_ram, a_dynamic_civ_scout_cap(20)), MANY_RULES(DEFRULE(c_no_house, a_build_house), MANY_RULES(DEFRULE(c_no_house, a_dynamic_civ_scout_cap(168)), MANY_RULES(DEFRULE(c_no_house, a_dynamic_atk_percent(i_val(62))), MANY_RULES(DEFRULE(c_few_skirm, a_train_vill), MANY_RULES(DEFRULE(c_few_skirm, a_build_barracks), MANY_RULES(DEFRULE(c_few_skirm, a_dynamic_civ_scout_cap(168)), MANY_RULES(DEFRULE(AND(c_many_archer, c_few_watch_tower), a_res_loom), MANY_RULES(DEFRULE(c_few_skirm, a_res_loom), MANY_RULES(DEFRULE(c_no_house, a_dynamic_civ_scout_cap(168)), MANY_RULES(DEFRULE(c_few_barracks, a_train_vill), MANY_RULES(DEFRULE(c_no_house, a_dynamic_atk_percent(20)), MANY_RULES(DEFRULE(AND(c_mil_pop_10, c_no_archery_range), a_dynamic_civ_scout_cap(62)), MANY_RULES(DEFRULE(c_few_skirm, a_train_vill), MANY_RULES(DEFRULE(c_few_skirm, a_res_farm_2), MANY_RULES(DEFRULE(AND(c_many_archer, c_few_watch_tower), a_res_loom), MANY_RULES(DEFRULE(c_few_skirm, a_dynamic_civ_scout_cap(168)), MANY_RULES(DEFRULE(c_few_barracks, a_forward_castle), MANY_RULES(DEFRULE(c_no_house, a_dynamic_atk_percent(i_val(62))), MANY_RULES(DEFRULE(c_few_skirm, a_build_barracks), MANY_RULES(DEFRULE(c_few_barracks, a_res_loom), MANY_RULES(DEFRULE(c_can_res_blast, a_go_feudal_age), MANY_RULES(t_empty_rule, t_empty_list))))))))))))))))))))))))))))))))))))))"
160,48,254.944,"MANY_RULES(DEFRULE(AND(c_no_lumber_camp, c_can_res_chain_mail), a_dynamic_group_size(i_val(12))), MANY_RULES(DEFRULE(c_few_skirm, a_build_house), MANY_RULES(DEFRULE(c_enemy_has_many_pike, a_build_house), MANY_RULES(DEFRULE(AND(AND(c_can_build_town_center, c_few_skirm), c_enemy_has_many_pike), a_res_loom), MANY_RULES(DEFRULE(c_few_skirm, a_build_barracks), MANY_RULES(DEFRULE(c_few_barracks, a_dynamic_civ_scout_cap(168)), MANY_RULES(DEFRULE(c_some_ram, a_dynamic_civ_scout_cap(20)), MANY_RULES(DEFRULE(c_few_skirm, a_res_loom), MANY_RULES(DEFRULE(c_few_skirm, a_train_vill), MANY_RULES(DEFRULE(c_few_skirm, a_res_loom), MANY_RULES(DEFRULE(c_few_barracks, a_dynamic_atk_percent(i_val(168))), MANY_RULES(DEFRULE(c_few_skirm, a_dynamic_civ_scout_cap(12)), MANY_RULES(DEFRULE(AND(c_many_archer, c_few_watch_tower), a_res_loom), MANY_RULES(DEFRULE(c_few_skirm, a_res_loom), MANY_RULES(DEFRULE(AND(c_few_skirm, c_can_res_gold_2), a_dynamic_civ_scout_cap(168)), MANY_RULES(DEFRULE(c_few_barracks, a_res_loom), MANY_RULES(DEFRULE(c_no_house, a_dynamic_civ_scout_cap(98)), MANY_RULES(DEFRULE(c_few_skirm, a_build_barracks), MANY_RULES(DEFRULE(c_few_barracks, a_res_loom), TWO_RULES(t_empty_rule, t_empty_rule))))))))))))))))))))"
160,32,250.12,"MANY_RULES(DEFRULE(c_can_res_chain_mail, a_dynamic_group_size(20)), MANY_RULES(DEFRULE(c_few_skirm, a_build_house), MANY_RULES(DEFRULE(c_enemy_has_many_pike, a_dynamic_camp_dist(20)), MANY_RULES(DEFRULE(AND(c_few_skirm, c_enemy_has_many_pike), a_res_loom), MANY_RULES(DEFRULE(c_few_barracks, a_res_loom), MANY_RULES(DEFRULE(c_few_barracks, a_res_loom), MANY_RULES(DEFRULE(c_no_house, a_dynamic_civ_scout_cap(168)), MANY_RULES(DEFRULE(c_few_barracks, a_res_loom), MANY_RULES(DEFRULE(c_no_house, a_dynamic_atk_percent(i_val(12))), MANY_RULES(DEFRULE(c_few_skirm, a_build_barracks), MANY_RULES(DEFRULE(c_few_barracks, a_res_loom), MANY_RULES(DEFRULE(c_few_skirm, a_build_lumber_camp), MANY_RULES(DEFRULE(c_few_skirm, a_train_vill), MANY_RULES(DEFRULE(AND(c_some_ram, c_few_skirm), a_res_loom), MANY_RULES(DEFRULE(c_few_barracks, a_res_loom), MANY_RULES(DEFRULE(c_few_skirm, a_res_farm_2), MANY_RULES(t_empty_rule, MANY_RULES(DEFRULE(c_no_house, a_dynamic_civ_scout_cap(168)), MANY_RULES(DEFRULE(c_few_barracks, a_res_loom), MANY_RULES(DEFRULE(c_no_house, a_dynamic_atk_percent(i_val(168))), MANY_RULES(DEFRULE(c_few_skirm, a_build_barracks), MANY_RULES(DEFRULE(c_few_barracks, a_res_loom), MANY_RULES(DEFRULE(c_few_skirm, a_build_lumber_camp), MANY_RULES(DEFRULE(c_few_skirm, a_train_vill), MANY_RULES(DEFRULE(c_few_skirm, a_res_loom), MANY_RULES(DEFRULE(c_few_barracks, a_res_loom), MANY_RULES(DEFRULE(c_few_skirm, a_res_farm_2), MANY_RULES(DEFRULE(c_few_barracks, a_forward_castle), MANY_RULES(DEFRULE(c_many_ram, a_dynamic_civ_scout_cap(20)), MANY_RULES(DEFRULE(c_some_ram, a_build_house), MANY_RULES(DEFRULE(c_no_house, a_dynamic_civ_scout_cap(168)), MANY_RULES(DEFRULE(c_few_barracks, a_res_loom), MANY_RULES(DEFRULE(c_no_house, a_dynamic_civ_scout_pct(i_val(25))), MANY_RULES(DEFRULE(c_few_skirm, a_train_vill), MANY_RULES(DEFRULE(c_few_skirm, a_build_barracks), MANY_RULES(DEFRULE(c_few_skirm, a_dynamic_civ_scout_cap(12)), MANY_RULES(DEFRULE(AND(c_many_archer, c_few_watch_tower), a_res_loom), MANY_RULES(DEFRULE(c_few_skirm, a_res_loom), MANY_RULES(DEFRULE(c_no_house, a_dynamic_civ_scout_cap(168)), MANY_RULES(DEFRULE(c_few_skirm, a_train_vill), MANY_RULES(DEFRULE(c_many_ram, a_dynamic_atk_percent(20)), MANY_RULES(DEFRULE(c_some_ram, a_build_house), MANY_RULES(DEFRULE(AND(c_mil_pop_10, c_far_gold), a_dynamic_civ_scout_cap(62)), MANY_RULES(DEFRULE(c_no_house, a_forward_castle), MANY_RULES(DEFRULE(c_few_barracks, a_res_loom), MANY_RULES(DEFRULE(c_no_house, a_dynamic_atk_percent(i_val(i_val(37)))), MANY_RULES(DEFRULE(c_few_skirm, a_build_barracks), MANY_RULES(DEFRULE(c_few_barracks, a_res_loom), MANY_RULES(DEFRULE(c_few_skirm, a_build_lumber_camp), MANY_RULES(DEFRULE(c_few_skirm, a_train_vill), MANY_RULES(DEFRULE(AND(c_some_ram, c_few_skirm), a_res_loom), MANY_RULES(DEFRULE(c_few_barracks, a_res_loom), MANY_RULES(DEFRULE(c_few_skirm, a_res_farm_2), MANY_RULES(DEFRULE(c_few_skirm, a_build_barracks), MANY_RULES(DEFRULE(c_few_barracks, a_res_loom), MANY_RULES(DEFRULE(c_some_ram, a_build_house), MANY_RULES(DEFRULE(AND(c_some_ram, c_few_skirm), a_res_loom), MANY_RULES(DEFRULE(c_few_skirm, a_res_chemistry), MANY_RULES(DEFRULE(c_few_skirm, a_build_barracks), MANY_RULES(DEFRULE(c_few_barracks, a_res_loom), MANY_RULES(DEFRULE(c_few_skirm, a_res_farm_2), MANY_RULES(DEFRULE(c_few_skirm, a_res_farm_2), MANY_RULES(DEFRULE(AND(c_some_ram, c_few_skirm), a_res_loom), TWO_RULES(DEFRULE(c_few_barracks, a_res_loom), DEFRULE(c_low_wood, a_retreat_castle)))))))))))))))))))))))))))))))))))))))))))))))))))))))))))))))))"
160,93,247.8016,"TWO_RULES(DEFRULE(c_can_res_stone_1, a_build_university), DEFRULE(c_can_sell_wood, a_forward_barracks))"
160,46,243.2692,"MANY_RULES(DEFRULE(c_can_res_chain_mail, a_dynamic_group_size(20)), MANY_RULES(DEFRULE(c_few_skirm, a_build_house), MANY_RULES(DEFRULE(c_enemy_has_many_pike, a_dynamic_camp_dist(20)), MANY_RULES(DEFRULE(AND(c_few_skirm, c_enemy_has_many_pike), a_res_loom), MANY_RULES(DEFRULE(c_few_barracks, a_res_loom), MANY_RULES(DEFRULE(c_far_gold, a_train_vill), MANY_RULES(DEFRULE(c_no_house, a_dynamic_civ_scout_cap(168)), MANY_RULES(DEFRULE(c_few_barracks, a_res_loom), MANY_RULES(DEFRULE(c_no_house, a_dynamic_atk_percent(i_val(12))), MANY_RULES(DEFRULE(c_few_skirm, a_build_barracks), MANY_RULES(DEFRULE(c_few_barracks, a_res_loom), MANY_RULES(DEFRULE(c_few_skirm, a_build_lumber_camp), MANY_RULES(DEFRULE(c_few_skirm, a_train_vill), MANY_RULES(DEFRULE(AND(c_some_ram, c_few_skirm), a_res_loom), MANY_RULES(DEFRULE(c_few_barracks, a_res_loom), MANY_RULES(DEFRULE(c_few_skirm, a_res_farm_2), MANY_RULES(t_empty_rule, MANY_RULES(DEFRULE(AND(c_need_farms, c_can_res_axe_1), a_dynamic_civ_scout_cap(168)), MANY_RULES(DEFRULE(c_few_barracks, a_res_loom), MANY_RULES(DEFRULE(c_no_house, a_dynamic_atk_percent(i_val(168))), MANY_RULES(DEFRULE(c_few_skirm, a_build_barracks), MANY_RULES(DEFRULE(c_few_barracks, a_res_loom), MANY_RULES(DEFRULE(c_few_skirm, a_build_lumber_camp), MANY_RULES(DEFRULE(c_few_skirm, a_train_vill), MANY_RULES(DEFRULE(AND(c_some_ram, c_few_skirm), a_res_loom), MANY_RULES(DEFRULE(c_few_barracks, a_res_loom), MANY_RULES(DEFRULE(c_few_skirm, a_res_farm_2), MANY_RULES(DEFRULE(c_few_barracks, a_forward_castle), MANY_RULES(DEFRULE(c_many_ram, a_dynamic_civ_scout_cap(20)), MANY_RULES(DEFRULE(c_some_ram, a_build_house), MANY_RULES(DEFRULE(c_no_house, a_dynamic_civ_scout_cap(168)), MANY_RULES(DEFRULE(c_few_barracks, a_res_loom), MANY_RULES(DEFRULE(c_no_house, a_dynamic_civ_scout_pct(i_val(25))), MANY_RULES(DEFRULE(c_few_skirm, a_train_vill), MANY_RULES(DEFRULE(c_few_skirm, a_build_barracks), MANY_RULES(DEFRULE(c_few_skirm, a_dynamic_civ_scout_cap(12)), MANY_RULES(DEFRULE(AND(c_many_archer, c_few_watch_tower), a_res_loom), MANY_RULES(DEFRULE(c_few_skirm, a_res_loom), MANY_RULES(DEFRULE(c_no_house, a_dynamic_civ_scout_cap(168)), MANY_RULES(DEFRULE(c_few_barracks, a_train_vill), MANY_RULES(DEFRULE(c_many_ram, a_dynamic_atk_percent(20)), MANY_RULES(DEFRULE(c_some_ram, a_build_house), MANY_RULES(DEFRULE(AND(c_mil_pop_10, c_far_gold), a_dynamic_civ_scout_cap(62)), MANY_RULES(DEFRULE(c_no_house, a_forward_castle), MANY_RULES(DEFRULE(c_few_barracks, a_res_loom), MANY_RULES(DEFRULE(c_few_barracks, a_dynamic_atk_percent(i_val(168))), MANY_RULES(DEFRULE(c_few_skirm, a_build_barracks), MANY_RULES(DEFRULE(c_few_barracks, a_res_loom), MANY_RULES(DEFRULE(c_few_skirm, a_build_lumber_camp), MANY_RULES(DEFRULE(c_few_skirm, a_train_vill), MANY_RULES(DEFRULE(AND(c_some_ram, c_few_skirm), a_res_loom), MANY_RULES(DEFRULE(c_few_barracks, a_res_loom), MANY_RULES(DEFRULE(c_few_skirm, a_res_farm_2), MANY_RULES(DEFRULE(c_few_skirm, a_build_barracks), MANY_RULES(DEFRULE(c_few_barracks, a_res_loom), MANY_RULES(DEFRULE(c_some_ram, a_build_house), MANY_RULES(DEFRULE(AND(c_some_ram, c_few_skirm), a_res_loom), TWO_RULES(DEFRULE(c_few_barracks, a_build_lumber_camp), DEFRULE(c_low_wood, a_train_vill)))))))))))))))))))))))))))))))))))))))))))))))))))))))))))"
160,88,241.7096,"TWO_RULES(DEFRULE(AND(c_low_wood, c_few_blacksmith), a_dynamic_civ_scout_pct(22)), DEFRULE(AND(c_can_go_imperial_age, c_need_farms), a_dynamic_civ_scout_cap(77)))"
160,2,241.572,"MANY_RULES(DEFRULE(AND(c_no_lumber_camp, c_can_res_chain_mail), a_dynamic_group_size(168)), MANY_RULES(t_empty_rule, MANY_RULES(DEFRULE(c_far_gold, a_train_vill), MANY_RULES(DEFRULE(c_few_skirm, a_res_loom), MANY_RULES(DEFRULE(AND(c_few_skirm, c_enemy_has_many_pike), a_dynamic_civ_scout_cap(12)), MANY_RULES(DEFRULE(c_few_skirm, a_res_loom), MANY_RULES(DEFRULE(c_few_skirm, a_train_vill), MANY_RULES(DEFRULE(c_few_skirm, a_res_loom), MANY_RULES(DEFRULE(c_few_skirm, a_res_farm_2), MANY_RULES(DEFRULE(c_few_barracks, a_forward_castle), MANY_RULES(DEFRULE(c_few_skirm, a_dynamic_civ_scout_cap(20)), MANY_RULES(DEFRULE(c_some_ram, a_build_house), MANY_RULES(DEFRULE(c_far_gold, a_train_vill), MANY_RULES(DEFRULE(c_few_skirm, a_res_farm_2), MANY_RULES(DEFRULE(c_few_archery_range, a_res_loom), MANY_RULES(DEFRULE(c_few_skirm, a_dynamic_civ_scout_cap(12)), MANY_RULES(DEFRULE(c_many_ram, a_dynamic_civ_scout_cap(20)), MANY_RULES(DEFRULE(c_few_watch_tower, a_train_vill), MANY_RULES(DEFRULE(AND(c_few_skirm, c_enemy_has_many_pike), a_res_farm_2), MANY_RULES(DEFRULE(c_few_barracks, a_forward_castle), MANY_RULES(DEFRULE(c_many_ram, a_dynamic_civ_scout_cap(20)), MANY_RULES(DEFRULE(c_some_infantry, a_build_house), MANY_RULES(DEFRULE(c_few_skirm, a_build_house), MANY_RULES(DEFRULE(c_few_skirm, a_train_vill), MANY_RULES(DEFRULE(c_few_skirm, a_res_farm_2), MANY_RULES(DEFRULE(c_few_barracks, a_res_loom), MANY_RULES(DEFRULE(AND(c_few_skirm, c_enemy_has_many_pike), a_res_loom), MANY_RULES(DEFRULE(c_few_barracks, a_res_loom), MANY_RULES(DEFRULE(c_few_barracks, a_res_loom), MANY_RULES(DEFRULE(c_few_skirm, a_dynamic_civ_scout_cap(168)), MANY_RULES(DEFRULE(c_few_barracks, a_res_loom), MANY_RULES(DEFRULE(c_no_house, a_dynamic_atk_percent(i_val(168))), MANY_RULES(DEFRULE(c_few_skirm, a_build_barracks), MANY_RULES(DEFRULE(c_few_barracks, a_res_loom), MANY_RULES(DEFRULE(c_few_skirm, a_build_lumber_camp), MANY_RULES(DEFRULE(c_few_skirm, a_train_vill), MANY_RULES(DEFRULE(AND(c_some_ram, c_few_skirm), a_res_loom), MANY_RULES(DEFRULE(c_few_barracks, a_res_loom), MANY_RULES(DEFRULE(c_few_skirm, a_res_farm_2), MANY_RULES(DEFRULE(c_few_skirm, a_build_barracks), MANY_RULES(DEFRULE(c_few_barracks, a_res_bracer), MANY_RULES(DEFRULE(c_some_ram, a_build_house), MANY_RULES(DEFRULE(AND(c_some_ram, c_few_skirm), a_res_loom), TWO_RULES(DEFRULE(c_few_barracks, a_build_lumber_camp), DEFRULE(c_low_wood, a_train_vill)))))))))))))))))))))))))))))))))))))))))))))"
160,61,241.572,"MANY_RULES(DEFRULE(AND(c_no_lumber_camp, c_can_res_chain_mail), a_dynamic_group_size(20)), MANY_RULES(DEFRULE(c_few_mill, a_build_house), MANY_RULES(DEFRULE(c_enemy_has_many_pike, a_dynamic_camp_dist(20)), MANY_RULES(DEFRULE(AND(c_few_skirm, c_enemy_has_many_pike), a_res_loom), MANY_RULES(DEFRULE(c_few_barracks, a_res_loom), MANY_RULES(DEFRULE(AND(c_some_ram, c_many_ram), a_res_loom), MANY_RULES(DEFRULE(c_no_house, a_dynamic_civ_scout_cap(168)), MANY_RULES(DEFRULE(c_few_barracks, a_res_loom), MANY_RULES(DEFRULE(c_no_house, a_dynamic_atk_percent(i_val(62))), MANY_RULES(DEFRULE(c_few_skirm, a_build_barracks), MANY_RULES(DEFRULE(c_few_barracks, a_res_loom), MANY_RULES(DEFRULE(c_few_skirm, a_build_lumber_camp), MANY_RULES(DEFRULE(c_few_barracks, a_res_loom), MANY_RULES(t_empty_rule, MANY_RULES(DEFRULE(c_few_skirm, a_res_loom), MANY_RULES(DEFRULE(AND(c_few_skirm, c_enemy_has_many_pike), a_dynamic_civ_scout_cap(12)), MANY_RULES(DEFRULE(c_few_mill, a_build_house), MANY_RULES(DEFRULE(c_few_skirm, a_train_vill), MANY_RULES(DEFRULE(c_few_skirm, a_res_loom), MANY_RULES(DEFRULE(c_few_skirm, a_res_farm_2), MANY_RULES(DEFRULE(c_can_buy_food, a_forward_castle), MANY_RULES(DEFRULE(c_many_ram, a_dynamic_civ_scout_cap(168)), MANY_RULES(DEFRULE(c_few_mill, a_dynamic_civ_scout_cap(12)), MANY_RULES(DEFRULE(c_far_gold, a_train_vill), MANY_RULES(DEFRULE(c_few_skirm, a_train_vill), MANY_RULES(DEFRULE(c_few_skirm, a_res_farm_2), MANY_RULES(DEFRULE(c_few_barracks, a_res_loom), MANY_RULES(DEFRULE(c_few_skirm, a_dynamic_civ_scout_cap(168)), MANY_RULES(DEFRULE(AND(c_some_ram, c_few_skirm), a_res_loom), MANY_RULES(DEFRULE(c_no_house, a_dynamic_atk_percent(i_val(3))), MANY_RULES(DEFRULE(c_few_barracks, a_forward_castle), MANY_RULES(DEFRULE(c_many_ram, a_dynamic_civ_scout_cap(20)), MANY_RULES(DEFRULE(c_some_infantry, a_build_house), MANY_RULES(DEFRULE(c_far_gold, a_train_vill), MANY_RULES(DEFRULE(c_few_skirm, a_train_vill), MANY_RULES(DEFRULE(c_few_skirm, a_res_farm_2), MANY_RULES(DEFRULE(c_few_barracks, a_res_loom), MANY_RULES(DEFRULE(c_few_skirm, a_dynamic_civ_scout_cap(i_val(62))), MANY_RULES(DEFRULE(c_no_house, a_dynamic_atk_percent(i_val(62))), MANY_RULES(t_empty_rule, MANY_RULES(DEFRULE(c_few_barracks, a_res_loom), MANY_RULES(DEFRULE(c_some_ram, a_build_house), MANY_RULES(DEFRULE(AND(c_some_ram, c_few_skirm), a_res_loom), TWO_RULES(DEFRULE(c_few_barracks, a_town_size_20), DEFRULE(c_low_wood, a_train_vill)))))))))))))))))))))))))))))))))))))))))))))"
160,45,237.614,"MANY_RULES(DEFRULE(AND(c_no_lumber_camp, c_can_res_chain_mail), a_dynamic_group_size(168)), MANY_RULES(t_empty_rule, MANY_RULES(DEFRULE(c_far_gold, a_train_vill), MANY_RULES(DEFRULE(c_few_skirm, a_res_loom), MANY_RULES(DEFRULE(AND(c_few_skirm, c_enemy_has_many_pike), a_dynamic_civ_scout_cap(12)), MANY_RULES(DEFRULE(c_few_skirm, a_res_loom), MANY_RULES(DEFRULE(c_few_skirm, a_train_vill), MANY_RULES(DEFRULE(c_few_skirm, a_res_loom), MANY_RULES(DEFRULE(c_few_skirm, a_res_farm_2), MANY_RULES(DEFRULE(c_few_barracks, a_train_vill), MANY_RULES(DEFRULE(c_many_ram, a_dynamic_civ_scout_cap(20)), MANY_RULES(DEFRULE(c_some_ram, a_build_house), MANY_RULES(DEFRULE(c_few_skirm, a_train_vill), MANY_RULES(DEFRULE(c_few_skirm, a_res_farm_2), MANY_RULES(DEFRULE(c_few_barracks, a_res_loom), MANY_RULES(DEFRULE(c_few_skirm, a_dynamic_civ_scout_cap(12)), MANY_RULES(DEFRULE(AND(c_some_ram, c_few_skirm), a_res_loom), MANY_RULES(DEFRULE(c_few_barracks, a_forward_castle), MANY_RULES(DEFRULE(AND(c_few_skirm, c_enemy_has_many_pike), a_res_farm_2), MANY_RULES(DEFRULE(c_few_barracks, a_forward_castle), MANY_RULES(DEFRULE(c_many_ram, a_dynamic_civ_scout_cap(20)), MANY_RULES(DEFRULE(c_few_barracks, a_forward_castle), MANY_RULES(DEFRULE(c_far_gold, a_train_vill), MANY_RULES(DEFRULE(c_few_skirm, a_train_vill), MANY_RULES(DEFRULE(c_few_skirm, a_res_farm_2), MANY_RULES(DEFRULE(c_few_barracks, a_res_loom), MANY_RULES(DEFRULE(c_few_skirm, a_dynamic_civ_scout_cap(i_val(62))), MANY_RULES(t_empty_rule, MANY_RULES(DEFRULE(c_few_barracks, a_res_loom), MANY_RULES(DEFRULE(c_no_house, a_dynamic_atk_percent(i_val(62))), MANY_RULES(DEFRULE(c_few_skirm, a_build_barracks), MANY_RULES(DEFRULE(c_few_barracks, a_res_loom), MANY_RULES(DEFRULE(c_few_skirm, a_build_lumber_camp), MANY_RULES(DEFRULE(c_few_skirm, a_train_vill), MANY_RULES(DEFRULE(AND(c_some_ram, c_few_skirm), a_res_loom), MANY_RULES(DEFRULE(c_few_barracks, a_res_loom), MANY_RULES(DEFRULE(c_few_skirm, a_res_farm_2), MANY_RULES(DEFRULE(c_few_barracks, a_forward_castle), MANY_RULES(DEFRULE(c_many_ram, a_dynamic_civ_scout_cap(20)), MANY_RULES(DEFRULE(c_few_barracks, a_forward_castle), MANY_RULES(DEFRULE(c_many_ram, a_dynamic_camp_dist(20)), MANY_RULES(DEFRULE(c_some_ram, a_build_house), MANY_RULES(DEFRULE(c_no_house, a_dynamic_civ_scout_cap(168)), MANY_RULES(DEFRULE(c_few_barracks, a_res_loom), MANY_RULES(DEFRULE(c_no_house, a_dynamic_atk_percent(i_val(62))), MANY_RULES(DEFRULE(c_few_skirm, a_train_vill), MANY_RULES(DEFRULE(c_few_skirm, a_build_barracks), MANY_RULES(DEFRULE(c_few_skirm, a_dynamic_civ_scout_cap(168)), MANY_RULES(DEFRULE(AND(c_many_archer, c_few_watch_tower), a_res_loom), MANY_RULES(DEFRULE(c_few_skirm, a_res_loom), MANY_RULES(DEFRULE(c_no_house, a_dynamic_civ_scout_cap(168)), MANY_RULES(DEFRULE(c_few_barracks, a_train_vill), MANY_RULES(DEFRULE(c_no_house, a_dynamic_atk_percent(20)), MANY_RULES(DEFRULE(c_some_ram, a_build_house), MANY_RULES(DEFRULE(AND(c_mil_pop_10, c_no_archery_range), a_dynamic_civ_scout_cap(62)), MANY_RULES(DEFRULE(c_few_skirm, a_train_vill), MANY_RULES(DEFRULE(c_few_skirm, a_res_farm_2), MANY_RULES(DEFRULE(AND(c_few_skirm, c_few_watch_tower), a_res_loom), MANY_RULES(DEFRULE(c_few_skirm, a_dynamic_civ_scout_cap(168)), MANY_RULES(DEFRULE(c_few_barracks, a_forward_castle), MANY_RULES(DEFRULE(c_no_house, a_dynamic_atk_percent(i_val(62))), MANY_RULES(DEFRULE(c_few_skirm, a_build_barracks), MANY_RULES(DEFRULE(c_few_barracks, a_res_loom), MANY_RULES(DEFRULE(c_can_res_blast, a_go_feudal_age), MANY_RULES(t_empty_rule, t_empty_list)))))))))))))))))))))))))))))))))))))))))))))))))))))))))))))))))"
160,19,236.7484,"MANY_RULES(DEFRULE(c_can_res_chain_mail, a_dynamic_group_size(20)), MANY_RULES(DEFRULE(c_few_skirm, a_build_house), MANY_RULES(DEFRULE(c_enemy_has_many_pike, a_dynamic_camp_dist(20)), MANY_RULES(DEFRULE(AND(c_few_skirm, c_enemy_has_many_pike), a_res_loom), MANY_RULES(DEFRULE(c_few_barracks, a_res_loom), MANY_RULES(DEFRULE(c_few_barracks, a_res_loom), MANY_RULES(DEFRULE(c_no_house, a_dynamic_civ_scout_cap(168)), MANY_RULES(DEFRULE(c_few_barracks, a_res_loom), MANY_RULES(DEFRULE(c_no_house, a_dynamic_atk_percent(i_val(12))), MANY_RULES(DEFRULE(c_few_skirm, a_build_barracks), MANY_RULES(DEFRULE(c_few_barracks, a_res_loom), MANY_RULES(DEFRULE(c_few_skirm, a_build_lumber_camp), MANY_RULES(DEFRULE(c_few_skirm, a_train_vill), MANY_RULES(DEFRULE(AND(c_some_ram, c_few_skirm), a_res_loom), MANY_RULES(DEFRULE(c_few_barracks, a_res_loom), MANY_RULES(DEFRULE(c_few_skirm, a_res_farm_2), MANY_RULES(t_empty_rule, MANY_RULES(DEFRULE(c_no_house, a_dynamic_civ_scout_cap(168)), MANY_RULES(DEFRULE(c_few_barracks, a_res_loom), MANY_RULES(DEFRULE(c_no_house, a_dynamic_atk_percent(i_val(168))), MANY_RULES(DEFRULE(c_few_skirm, a_build_barracks), MANY_RULES(DEFRULE(c_few_barracks, a_res_loom), MANY_RULES(DEFRULE(c_few_skirm, a_build_lumber_camp), MANY_RULES(DEFRULE(c_few_skirm, a_train_vill), MANY_RULES(DEFRULE(AND(c_some_ram, c_few_skirm), a_res_loom), MANY_RULES(DEFRULE(c_few_barracks, a_res_loom), MANY_RULES(DEFRULE(c_few_skirm, a_res_farm_2), MANY_RULES(DEFRULE(c_few_barracks, a_forward_castle), MANY_RULES(DEFRULE(c_many_ram, a_dynamic_civ_scout_cap(20)), MANY_RULES(DEFRULE(c_some_ram, a_build_house), MANY_RULES(DEFRULE(c_no_house, a_dynamic_civ_scout_cap(168)), MANY_RULES(DEFRULE(c_few_barracks, a_res_loom), MANY_RULES(DEFRULE(c_no_house, a_dynamic_civ_scout_pct(i_val(25))), MANY_RULES(DEFRULE(c_few_skirm, a_train_vill), MANY_RULES(DEFRULE(c_few_skirm, a_build_barracks), MANY_RULES(DEFRULE(c_few_skirm, a_dynamic_atk_percent(i_val(214))), MANY_RULES(DEFRULE(AND(c_many_archer, c_few_watch_tower), a_res_loom), MANY_RULES(DEFRULE(c_few_skirm, a_res_loom), MANY_RULES(DEFRULE(c_no_house, a_dynamic_civ_scout_cap(168)), MANY_RULES(DEFRULE(c_few_skirm, a_train_vill), MANY_RULES(DEFRULE(c_many_ram, a_dynamic_atk_percent(20)), MANY_RULES(DEFRULE(c_some_ram, a_build_house), MANY_RULES(DEFRULE(AND(c_mil_pop_10, c_far_gold), a_dynamic_civ_scout_cap(62)), MANY_RULES(DEFRULE(c_no_house, a_forward_castle), MANY_RULES(DEFRULE(c_few_barracks, a_res_loom), MANY_RULES(DEFRULE(c_no_house, a_dynamic_atk_percent(i_val(168))), MANY_RULES(DEFRULE(c_few_skirm, a_build_barracks), MANY_RULES(DEFRULE(c_few_barracks, a_res_loom), MANY_RULES(DEFRULE(c_no_house, a_dynamic_atk_percent(i_val(12))), MANY_RULES(DEFRULE(c_few_skirm, a_build_barracks), MANY_RULES(DEFRULE(c_few_barracks, a_res_loom), MANY_RULES(DEFRULE(c_few_skirm, a_build_lumber_camp), MANY_RULES(DEFRULE(c_few_skirm, a_train_vill), MANY_RULES(DEFRULE(AND(c_some_ram, c_few_skirm), a_res_loom), MANY_RULES(DEFRULE(c_few_barracks, a_res_loom), MANY_RULES(DEFRULE(c_few_skirm, a_res_farm_2), MANY_RULES(t_empty_rule, MANY_RULES(DEFRULE(c_no_house, a_dynamic_civ_scout_cap(168)), MANY_RULES(DEFRULE(c_few_barracks, a_res_loom), MANY_RULES(DEFRULE(c_no_house, a_dynamic_atk_percent(i_val(168))), MANY_RULES(DEFRULE(c_few_skirm, a_build_barracks), MANY_RULES(DEFRULE(c_few_barracks, a_res_loom), MANY_RULES(DEFRULE(c_few_skirm, a_build_lumber_camp), MANY_RULES(DEFRULE(c_few_skirm, a_train_vill), MANY_RULES(DEFRULE(AND(c_some_ram, c_few_skirm), a_res_loom), MANY_RULES(DEFRULE(c_few_barracks, a_res_loom), MANY_RULES(DEFRULE(c_few_skirm, a_res_farm_2), MANY_RULES(DEFRULE(c_few_barracks, a_forward_castle), MANY_RULES(DEFRULE(c_many_ram, a_dynamic_civ_scout_cap(20)), MANY_RULES(DEFRULE(c_some_ram, a_build_house), MANY_RULES(DEFRULE(c_no_house, a_dynamic_civ_scout_cap(168)), MANY_RULES(DEFRULE(c_few_barracks, a_res_loom), MANY_RULES(DEFRULE(c_no_house, a_dynamic_civ_scout_pct(i_val(25))), MANY_RULES(DEFRULE(c_few_skirm, a_train_vill), MANY_RULES(DEFRULE(c_few_skirm, a_build_barracks), MANY_RULES(DEFRULE(c_few_skirm, a_dynamic_civ_scout_cap(12)), MANY_RULES(DEFRULE(AND(c_many_archer, c_few_watch_tower), a_res_loom), MANY_RULES(DEFRULE(c_few_skirm, a_res_loom), MANY_RULES(DEFRULE(c_no_house, a_dynamic_civ_scout_cap(168)), MANY_RULES(DEFRULE(c_few_barracks, a_train_vill), MANY_RULES(DEFRULE(c_many_ram, a_dynamic_atk_percent(20)), MANY_RULES(DEFRULE(c_some_ram, a_build_house), MANY_RULES(DEFRULE(AND(c_mil_pop_10, c_far_gold), a_dynamic_civ_scout_cap(62)), MANY_RULES(DEFRULE(c_no_house, a_forward_castle), MANY_RULES(DEFRULE(c_few_barracks, a_res_loom), MANY_RULES(DEFRULE(c_few_barracks, a_dynamic_atk_percent(i_val(168))), MANY_RULES(DEFRULE(c_few_skirm, a_build_barracks), MANY_RULES(DEFRULE(c_few_barracks, a_res_loom), MANY_RULES(DEFRULE(c_few_skirm, a_build_lumber_camp), MANY_RULES(DEFRULE(c_few_skirm, a_res_ballistics), MANY_RULES(DEFRULE(AND(c_some_ram, c_few_skirm), a_res_loom), MANY_RULES(DEFRULE(c_few_barracks, a_res_loom), MANY_RULES(DEFRULE(c_few_skirm, a_res_farm_2), MANY_RULES(DEFRULE(AND(c_no_lumber_camp, c_can_res_chain_mail), a_build_barracks), MANY_RULES(DEFRULE(c_few_barracks, a_res_loom), MANY_RULES(DEFRULE(c_some_ram, a_build_house), MANY_RULES(DEFRULE(AND(c_some_ram, c_few_skirm), a_res_loom), TWO_RULES(DEFRULE(c_few_barracks, a_build_lumber_camp), DEFRULE(c_low_wood, a_train_vill)))))))))))))))))))))))))))))))))))))))))))))))))))))))))))))))))))))))))))))))))))))))))))))))))))"
160,74,236.256,"MANY_RULES(DEFRULE(AND(c_no_lumber_camp, c_can_res_chain_mail), a_dynamic_group_size(i_val(62))), MANY_RULES(DEFRULE(c_few_skirm, a_build_house), MANY_RULES(DEFRULE(c_enemy_has_many_pike, a_res_loom), MANY_RULES(DEFRULE(AND(AND(c_can_build_town_center, c_few_siege_workshop), c_enemy_has_many_pike), a_res_loom), MANY_RULES(DEFRULE(c_few_skirm, a_build_barracks), MANY_RULES(DEFRULE(c_few_barracks, a_dynamic_civ_scout_cap(62)), MANY_RULES(DEFRULE(c_some_ram, a_dynamic_civ_scout_cap(20)), MANY_RULES(DEFRULE(c_few_skirm, a_res_loom), MANY_RULES(DEFRULE(c_few_skirm, a_train_vill), MANY_RULES(DEFRULE(c_few_skirm, a_res_loom), MANY_RULES(DEFRULE(c_few_skirm, a_res_loom), MANY_RULES(DEFRULE(c_few_skirm, a_forward_castle), MANY_RULES(DEFRULE(AND(c_many_archer, c_few_watch_tower), a_res_loom), MANY_RULES(DEFRULE(c_few_skirm, a_res_loom), MANY_RULES(DEFRULE(AND(c_few_skirm, c_can_res_gold_2), a_dynamic_civ_scout_cap(168)), MANY_RULES(DEFRULE(c_few_mill, a_build_house), MANY_RULES(DEFRULE(c_enemy_has_many_pike, a_dynamic_camp_dist(20)), MANY_RULES(DEFRULE(AND(c_few_skirm, c_enemy_has_many_pike), a_res_loom), MANY_RULES(DEFRULE(c_few_barracks, a_res_loom), MANY_RULES(DEFRULE(AND(c_some_ram, c_can_res_farm_3), a_res_loom), MANY_RULES(DEFRULE(c_no_house, a_dynamic_civ_scout_cap(168)), MANY_RULES(DEFRULE(c_few_barracks, a_train_vill), MANY_RULES(DEFRULE(c_no_house, a_dynamic_atk_percent(20)), MANY_RULES(DEFRULE(c_few_skirm, a_build_barracks), MANY_RULES(DEFRULE(c_few_barracks, a_res_loom), MANY_RULES(DEFRULE(c_few_skirm, a_build_lumber_camp), MANY_RULES(DEFRULE(c_few_skirm, a_train_vill), MANY_RULES(DEFRULE(AND(c_some_ram, c_few_skirm), a_res_loom), MANY_RULES(DEFRULE(c_few_barracks, a_res_loom), MANY_RULES(DEFRULE(c_few_skirm, a_res_farm_2), MANY_RULES(DEFRULE(c_few_barracks, a_forward_castle), MANY_RULES(DEFRULE(c_many_ram, a_dynamic_civ_scout_cap(20)), MANY_RULES(DEFRULE(c_some_ram, a_build_house), MANY_RULES(DEFRULE(AND(AND(c_no_mining_camp, c_far_gold), AND(c_few_treb, c_far_gold)), a_train_vill), MANY_RULES(DEFRULE(c_few_skirm, a_train_vill), MANY_RULES(DEFRULE(c_few_skirm, a_dynamic_camp_dist(i_val(141))), MANY_RULES(DEFRULE(c_is_feudal_age, a_train_monk), MANY_RULES(t_empty_rule, t_empty_list))))))))))))))))))))))))))))))))))))))"
160,47,233.716,"MANY_RULES(DEFRULE(AND(c_no_lumber_camp, c_can_res_chain_mail), a_dynamic_group_size(168)), MANY_RULES(t_empty_rule, MANY_RULES(DEFRULE(c_far_gold, a_train_vill), MANY_RULES(DEFRULE(c_few_skirm, a_res_loom), MANY_RULES(DEFRULE(AND(c_few_skirm, c_enemy_has_many_pike), a_dynamic_civ_scout_cap(12)), MANY_RULES(DEFRULE(c_few_skirm, a_res_loom), MANY_RULES(DEFRULE(c_few_skirm, a_train_vill), MANY_RULES(DEFRULE(c_few_skirm, a_res_loom), MANY_RULES(DEFRULE(c_few_skirm, a_res_farm_2), MANY_RULES(DEFRULE(c_few_barracks, a_forward_castle), MANY_RULES(DEFRULE(c_few_skirm, a_dynamic_civ_scout_cap(20)), MANY_RULES(DEFRULE(c_some_ram, a_build_house), MANY_RULES(DEFRULE(c_far_gold, a_train_vill), MANY_RULES(DEFRULE(c_few_skirm, a_res_farm_2), MANY_RULES(DEFRULE(c_few_archery_range, a_res_loom), MANY_RULES(DEFRULE(c_few_skirm, a_dynamic_civ_scout_cap(12)), MANY_RULES(DEFRULE(c_many_ram, a_dynamic_civ_scout_cap(168)), MANY_RULES(DEFRULE(c_few_watch_tower, a_train_vill), MANY_RULES(DEFRULE(AND(c_few_skirm, c_enemy_has_many_pike), a_res_farm_2), MANY_RULES(DEFRULE(c_few_barracks, a_forward_castle), MANY_RULES(DEFRULE(c_many_ram, a_dynamic_civ_scout_cap(20)), MANY_RULES(DEFRULE(c_some_infantry, a_build_house), MANY_RULES(DEFRULE(c_few_skirm, a_build_house), MANY_RULES(DEFRULE(c_few_skirm, a_train_vill), MANY_RULES(DEFRULE(c_few_skirm, a_res_farm_2), MANY_RULES(DEFRULE(c_few_barracks, a_res_loom), MANY_RULES(DEFRULE(AND(c_few_skirm, c_enemy_has_many_pike), a_res_loom), MANY_RULES(DEFRULE(c_few_barracks, a_res_loom), MANY_RULES(DEFRULE(c_few_barracks, a_res_loom), MANY_RULES(DEFRULE(c_few_skirm, a_dynamic_civ_scout_cap(168)), MANY_RULES(DEFRULE(c_few_barracks, a_res_loom), MANY_RULES(DEFRULE(c_no_house, a_dynamic_atk_percent(i_val(168))), MANY_RULES(DEFRULE(c_few_skirm, a_build_barracks), MANY_RULES(DEFRULE(c_few_barracks, a_res_loom), MANY_RULES(DEFRULE(c_few_skirm, a_build_lumber_camp), MANY_RULES(DEFRULE(c_few_skirm, a_train_vill), MANY_RULES(DEFRULE(AND(c_some_ram, c_few_skirm), a_res_loom), MANY_RULES(DEFRULE(c_few_barracks, a_res_loom), MANY_RULES(DEFRULE(c_few_skirm, a_res_farm_2), MANY_RULES(DEFRULE(c_few_skirm, a_build_barracks), MANY_RULES(DEFRULE(c_few_barracks, a_res_bracer), MANY_RULES(DEFRULE(c_some_ram, a_build_house), MANY_RULES(DEFRULE(AND(c_some_ram, c_few_skirm), a_res_loom), TWO_RULES(DEFRULE(c_few_barracks, a_build_lumber_camp), DEFRULE(c_low_wood, a_train_vill)))))))))))))))))))))))))))))))))))))))))))))"
160,75,226.842,"MANY_RULES(DEFRULE(AND(c_no_lumber_camp, c_can_res_chain_mail), a_dynamic_group_size(168)), MANY_RULES(t_empty_rule, MANY_RULES(DEFRULE(c_far_gold, a_train_vill), MANY_RULES(DEFRULE(c_few_skirm, a_res_loom), MANY_RULES(DEFRULE(c_few_skirm, a_res_loom), MANY_RULES(DEFRULE(c_few_skirm, a_train_vill), MANY_RULES(DEFRULE(c_few_skirm, a_res_loom), MANY_RULES(DEFRULE(c_few_skirm, a_res_farm_2), MANY_RULES(DEFRULE(c_few_barracks, a_forward_castle), MANY_RULES(DEFRULE(c_few_skirm, a_dynamic_civ_scout_cap(20)), MANY_RULES(DEFRULE(c_some_ram, a_build_house), MANY_RULES(DEFRULE(c_far_gold, a_train_vill), MANY_RULES(DEFRULE(c_few_skirm, a_train_vill), MANY_RULES(DEFRULE(c_few_skirm, a_res_farm_2), MANY_RULES(DEFRULE(c_few_archery_range, a_res_loom), MANY_RULES(DEFRULE(c_few_skirm, a_dynamic_civ_scout_cap(12)), MANY_RULES(DEFRULE(AND(c_some_ram, c_few_skirm), a_res_loom), MANY_RULES(DEFRULE(c_few_watch_tower, a_train_vill), MANY_RULES(DEFRULE(AND(c_few_skirm, c_enemy_has_many_pike), a_res_farm_2), MANY_RULES(DEFRULE(c_few_barracks, a_forward_castle), MANY_RULES(DEFRULE(c_many_ram, a_dynamic_civ_scout_cap(20)), MANY_RULES(DEFRULE(c_some_infantry, a_build_house), MANY_RULES(DEFRULE(c_few_skirm, a_build_house), MANY_RULES(DEFRULE(c_few_skirm, a_train_vill), MANY_RULES(DEFRULE(c_few_skirm, a_res_farm_2), MANY_RULES(DEFRULE(c_few_barracks, a_res_loom), MANY_RULES(DEFRULE(AND(c_few_skirm, c_enemy_has_many_pike), a_res_loom), MANY_RULES(DEFRULE(c_few_barracks, a_res_loom), MANY_RULES(DEFRULE(c_few_barracks, a_res_loom), MANY_RULES(DEFRULE(c_no_house, a_dynamic_civ_scout_cap(168)), MANY_RULES(DEFRULE(c_few_barracks, a_res_loom), MANY_RULES(DEFRULE(c_no_house, a_dynamic_atk_percent(i_val(168))), MANY_RULES(DEFRULE(c_few_skirm, a_build_barracks), MANY_RULES(DEFRULE(c_few_barracks, a_res_loom), MANY_RULES(DEFRULE(c_few_skirm, a_build_lumber_camp), MANY_RULES(DEFRULE(c_few_skirm, a_train_vill), MANY_RULES(DEFRULE(AND(c_some_ram, c_few_skirm), a_res_loom), MANY_RULES(DEFRULE(c_few_barracks, a_res_loom), MANY_RULES(DEFRULE(c_few_skirm, a_res_farm_2), MANY_RULES(DEFRULE(c_few_skirm, a_build_barracks), MANY_RULES(DEFRULE(c_few_barracks, a_res_bracer), MANY_RULES(DEFRULE(c_some_ram, a_build_house), MANY_RULES(DEFRULE(AND(c_some_ram, c_few_skirm), a_res_loom), TWO_RULES(DEFRULE(c_few_barracks, a_build_lumber_camp), DEFRULE(c_low_wood, a_train_vill)))))))))))))))))))))))))))))))))))))))))))))"
160,79,226.7496,"MANY_RULES(DEFRULE(AND(c_no_lumber_camp, c_can_res_chain_mail), a_dynamic_group_size(20)), MANY_RULES(DEFRULE(c_few_mill, a_build_house), MANY_RULES(DEFRULE(c_enemy_has_many_pike, a_dynamic_camp_dist(20)), MANY_RULES(DEFRULE(AND(c_few_skirm, c_enemy_has_many_pike), a_res_loom), MANY_RULES(DEFRULE(c_few_barracks, a_res_loom), MANY_RULES(DEFRULE(AND(c_some_ram, c_many_ram), a_res_loom), MANY_RULES(DEFRULE(c_no_house, a_dynamic_civ_scout_cap(168)), MANY_RULES(DEFRULE(c_few_barracks, a_res_loom), MANY_RULES(DEFRULE(c_no_house, a_dynamic_atk_percent(i_val(62))), MANY_RULES(DEFRULE(c_few_skirm, a_build_barracks), MANY_RULES(DEFRULE(c_few_barracks, a_res_loom), MANY_RULES(DEFRULE(c_few_skirm, a_res_loom), MANY_RULES(DEFRULE(c_few_barracks, a_res_loom), MANY_RULES(t_empty_rule, MANY_RULES(DEFRULE(c_far_gold, a_train_vill), MANY_RULES(DEFRULE(c_few_skirm, a_res_loom), MANY_RULES(DEFRULE(AND(c_few_skirm, c_enemy_has_many_pike), a_dynamic_civ_scout_cap(12)), MANY_RULES(DEFRULE(c_few_mill, a_build_house), MANY_RULES(DEFRULE(c_few_skirm, a_train_vill), MANY_RULES(DEFRULE(c_few_skirm, a_res_loom), MANY_RULES(DEFRULE(c_few_skirm, a_res_farm_2), MANY_RULES(DEFRULE(c_can_buy_food, a_forward_castle), MANY_RULES(DEFRULE(c_many_ram, a_dynamic_civ_scout_cap(168)), MANY_RULES(DEFRULE(c_few_mill, a_dynamic_civ_scout_cap(12)), MANY_RULES(DEFRULE(c_far_gold, a_train_vill), MANY_RULES(DEFRULE(c_few_skirm, a_train_vill), MANY_RULES(DEFRULE(c_few_skirm, a_res_farm_2), MANY_RULES(DEFRULE(c_few_barracks, a_res_loom), MANY_RULES(DEFRULE(c_few_skirm, a_dynamic_civ_scout_cap(168)), MANY_RULES(DEFRULE(AND(c_some_ram, c_few_skirm), a_res_loom), MANY_RULES(DEFRULE(c_no_house, a_dynamic_atk_percent(i_val(3))), MANY_RULES(DEFRULE(c_few_barracks, a_forward_castle), MANY_RULES(DEFRULE(c_many_ram, a_dynamic_civ_scout_cap(20)), MANY_RULES(DEFRULE(c_some_infantry, a_build_house), MANY_RULES(DEFRULE(c_far_gold, a_train_vill), MANY_RULES(DEFRULE(c_few_skirm, a_train_vill), MANY_RULES(DEFRULE(c_few_skirm, a_res_farm_2), MANY_RULES(DEFRULE(c_few_barracks, a_res_loom), MANY_RULES(DEFRULE(c_few_skirm, a_dynamic_civ_scout_cap(i_val(62))), MANY_RULES(DEFRULE(c_no_house, a_dynamic_atk_percent(i_val(62))), MANY_RULES(t_empty_rule, MANY_RULES(DEFRULE(c_few_barracks, a_res_loom), MANY_RULES(DEFRULE(c_some_ram, a_build_house), MANY_RULES(DEFRULE(AND(c_some_ram, c_few_skirm), a_res_loom), TWO_RULES(DEFRULE(c_few_barracks, a_town_size_20), DEFRULE(c_low_wood, a_train_vill))))))))))))))))))))))))))))))))))))))))))))))"
160,77,226.504,"MANY_RULES(DEFRULE(AND(c_can_build_university, c_can_res_gold_1), a_dynamic_group_size(14)), MANY_RULES(t_empty_rule, MANY_RULES(DEFRULE(c_no_house, a_res_loom), MANY_RULES(DEFRULE(c_few_barracks, a_res_loom), MANY_RULES(DEFRULE(c_no_house, a_dynamic_atk_percent(i_val(62))), MANY_RULES(DEFRULE(c_few_skirm, a_build_barracks), MANY_RULES(DEFRULE(c_few_barracks, a_res_loom), MANY_RULES(DEFRULE(c_few_skirm, a_build_lumber_camp), MANY_RULES(DEFRULE(c_few_skirm, a_train_vill), MANY_RULES(DEFRULE(AND(c_some_ram, c_few_skirm), a_build_house), MANY_RULES(DEFRULE(c_few_barracks, a_res_loom), MANY_RULES(DEFRULE(c_few_skirm, a_res_farm_2), MANY_RULES(DEFRULE(c_few_barracks, a_forward_castle), MANY_RULES(DEFRULE(c_many_ram, a_dynamic_civ_scout_cap(20)), MANY_RULES(DEFRULE(c_few_barracks, a_forward_castle), MANY_RULES(DEFRULE(c_many_ram, a_dynamic_civ_scout_cap(20)), MANY_RULES(t_empty_rule, MANY_RULES(DEFRULE(c_no_house, a_dynamic_civ_scout_cap(168)), MANY_RULES(DEFRULE(c_no_house, a_dynamic_atk_percent(i_val(62))), MANY_RULES(DEFRULE(c_few_skirm, a_train_vill), MANY_RULES(DEFRULE(c_few_skirm, a_build_barracks), MANY_RULES(DEFRULE(c_few_skirm, a_dynamic_civ_scout_cap(168)), MANY_RULES(DEFRULE(AND(c_many_archer, c_few_watch_tower), a_res_loom), MANY_RULES(DEFRULE(c_few_skirm, a_res_loom), MANY_RULES(DEFRULE(c_no_house, a_dynamic_civ_scout_cap(168)), MANY_RULES(DEFRULE(c_few_barracks, a_train_vill), MANY_RULES(DEFRULE(c_no_house, a_dynamic_atk_percent(20)), MANY_RULES(DEFRULE(AND(c_mil_pop_10, c_no_archery_range), a_dynamic_civ_scout_cap(62)), MANY_RULES(DEFRULE(c_few_skirm, a_train_vill), MANY_RULES(DEFRULE(c_few_skirm, a_res_farm_2), MANY_RULES(DEFRULE(AND(c_many_archer, c_few_watch_tower), a_res_loom), MANY_RULES(DEFRULE(c_few_skirm, a_dynamic_civ_scout_cap(168)), MANY_RULES(DEFRULE(c_few_barracks, a_forward_castle), MANY_RULES(DEFRULE(c_no_house, a_dynamic_atk_percent(i_val(62))), MANY_RULES(DEFRULE(c_few_skirm, a_build_barracks), MANY_RULES(DEFRULE(c_few_barracks, a_res_loom), MANY_RULES(DEFRULE(c_can_res_blast, a_go_feudal_age), MANY_RULES(t_empty_rule, t_empty_list))))))))))))))))))))))))))))))))))))))"
160,26,226.07,"MANY_RULES(DEFRULE(c_can_res_chain_mail, a_dynamic_group_size(20)), MANY_RULES(DEFRULE(c_few_skirm, a_build_house), MANY_RULES(DEFRULE(c_enemy_has_many_pike, a_dynamic_camp_dist(20)), MANY_RULES(DEFRULE(AND(c_few_skirm, c_enemy_has_many_pike), a_res_loom), MANY_RULES(DEFRULE(c_few_barracks, a_res_loom), MANY_RULES(DEFRULE(c_few_barracks, a_res_loom), MANY_RULES(DEFRULE(c_no_house, a_dynamic_civ_scout_cap(168)), MANY_RULES(DEFRULE(c_few_barracks, a_res_loom), MANY_RULES(DEFRULE(c_no_house, a_dynamic_atk_percent(i_val(12))), MANY_RULES(DEFRULE(c_few_skirm, a_build_barracks), MANY_RULES(DEFRULE(c_few_barracks, a_res_loom), MANY_RULES(DEFRULE(c_few_skirm, a_build_lumber_camp), MANY_RULES(DEFRULE(c_few_skirm, a_train_vill), MANY_RULES(DEFRULE(AND(c_some_ram, c_few_skirm), a_res_loom), MANY_RULES(DEFRULE(c_few_barracks, a_res_loom), MANY_RULES(DEFRULE(c_few_skirm, a_res_farm_2), MANY_RULES(t_empty_rule, MANY_RULES(DEFRULE(c_no_house, a_dynamic_civ_scout_cap(168)), MANY_RULES(DEFRULE(c_few_barracks, a_res_loom), MANY_RULES(DEFRULE(c_no_house, a_dynamic_atk_percent(i_val(168))), MANY_RULES(DEFRULE(c_few_skirm, a_build_barracks), MANY_RULES(DEFRULE(c_few_barracks, a_res_loom), MANY_RULES(DEFRULE(c_few_skirm, a_build_lumber_camp), MANY_RULES(DEFRULE(c_few_skirm, a_train_vill), MANY_RULES(DEFRULE(AND(c_some_ram, c_few_skirm), a_res_loom), MANY_RULES(DEFRULE(c_few_barracks, a_res_loom), MANY_RULES(DEFRULE(c_few_skirm, a_res_farm_2), MANY_RULES(DEFRULE(c_few_barracks, a_forward_castle), MANY_RULES(DEFRULE(c_many_ram, a_dynamic_civ_scout_cap(20)), MANY_RULES(DEFRULE(c_some_ram, a_build_house), MANY_RULES(DEFRULE(c_no_house, a_dynamic_civ_scout_cap(168)), MANY_RULES(DEFRULE(c_few_barracks, a_res_loom), MANY_RULES(DEFRULE(c_no_house, a_dynamic_civ_scout_pct(i_val(25))), MANY_RULES(DEFRULE(c_few_skirm, a_train_vill), MANY_RULES(DEFRULE(c_few_skirm, a_build_barracks), MANY_RULES(DEFRULE(c_few_skirm, a_dynamic_civ_scout_cap(12)), MANY_RULES(DEFRULE(AND(c_many_archer, c_few_watch_tower), a_res_loom), MANY_RULES(DEFRULE(c_few_skirm, a_res_loom), MANY_RULES(DEFRULE(c_no_house, a_dynamic_civ_scout_cap(i_val(62))), MANY_RULES(DEFRULE(c_few_skirm, a_train_vill), MANY_RULES(DEFRULE(c_many_ram, a_dynamic_atk_percent(20)), MANY_RULES(DEFRULE(c_some_ram, a_build_house), MANY_RULES(DEFRULE(AND(c_mil_pop_10, c_far_gold), a_dynamic_civ_scout_cap(62)), MANY_RULES(DEFRULE(c_no_house, a_forward_castle), MANY_RULES(DEFRULE(c_few_barracks, a_res_loom), MANY_RULES(DEFRULE(c_no_house, a_dynamic_atk_percent(i_val(168))), MANY_RULES(DEFRULE(c_few_skirm, a_build_barracks), MANY_RULES(DEFRULE(c_few_barracks, a_res_loom), MANY_RULES(DEFRULE(c_few_skirm, a_build_lumber_camp), MANY_RULES(DEFRULE(c_few_skirm, a_train_vill), MANY_RULES(DEFRULE(AND(c_some_ram, c_few_skirm), a_res_loom), MANY_RULES(DEFRULE(c_few_barracks, a_res_loom), MANY_RULES(DEFRULE(c_few_skirm, a_res_farm_2), MANY_RULES(DEFRULE(c_few_skirm, a_build_barracks), MANY_RULES(DEFRULE(c_few_barracks, a_res_loom), MANY_RULES(DEFRULE(c_some_ram, a_build_house), MANY_RULES(DEFRULE(AND(c_some_ram, c_few_skirm), a_res_loom), MANY_RULES(DEFRULE(c_few_skirm, a_res_chemistry), MANY_RULES(DEFRULE(c_few_skirm, a_build_barracks), MANY_RULES(DEFRULE(c_few_barracks, a_res_loom), MANY_RULES(DEFRULE(c_few_skirm, a_res_farm_2), MANY_RULES(DEFRULE(c_few_skirm, a_res_farm_2), MANY_RULES(DEFRULE(AND(c_some_ram, c_few_skirm), a_res_loom), TWO_RULES(DEFRULE(c_few_barracks, a_res_loom), DEFRULE(c_low_wood, a_retreat_castle)))))))))))))))))))))))))))))))))))))))))))))))))))))))))))))))))"
160,50,222.916,"MANY_RULES(DEFRULE(c_can_res_chain_mail, a_dynamic_group_size(20)), MANY_RULES(DEFRULE(c_few_skirm, a_build_house), MANY_RULES(DEFRULE(c_enemy_has_many_pike, a_dynamic_camp_dist(20)), MANY_RULES(DEFRULE(AND(c_few_skirm, AND(c_need_farms, c_few_siege_workshop)), a_res_loom), MANY_RULES(DEFRULE(c_few_barracks, a_res_loom), MANY_RULES(DEFRULE(c_few_barracks, a_res_loom), MANY_RULES(DEFRULE(c_no_house, a_dynamic_civ_scout_cap(168)), MANY_RULES(DEFRULE(c_few_barracks, a_res_loom), MANY_RULES(DEFRULE(c_no_house, a_dynamic_atk_percent(i_val(12))), MANY_RULES(DEFRULE(c_few_skirm, a_build_barracks), MANY_RULES(DEFRULE(c_few_barracks, a_res_loom), MANY_RULES(DEFRULE(c_few_skirm, a_build_lumber_camp), MANY_RULES(DEFRULE(c_few_skirm, a_train_vill), MANY_RULES(DEFRULE(AND(c_some_ram, c_few_skirm), a_res_loom), MANY_RULES(DEFRULE(c_few_barracks, a_res_loom), MANY_RULES(DEFRULE(c_few_skirm, a_res_farm_2), MANY_RULES(t_empty_rule, MANY_RULES(DEFRULE(c_no_house, a_dynamic_civ_scout_cap(168)), MANY_RULES(DEFRULE(c_few_barracks, a_res_loom), MANY_RULES(DEFRULE(c_no_house, a_dynamic_atk_percent(i_val(168))), MANY_RULES(DEFRULE(c_few_skirm, a_build_barracks), MANY_RULES(DEFRULE(c_few_barracks, a_res_loom), MANY_RULES(DEFRULE(c_few_skirm, a_build_lumber_camp), MANY_RULES(DEFRULE(c_few_skirm, a_train_vill), MANY_RULES(DEFRULE(AND(c_some_ram, c_few_skirm), a_res_loom), MANY_RULES(DEFRULE(c_few_barracks, a_res_loom), MANY_RULES(DEFRULE(c_few_skirm, a_res_farm_2), MANY_RULES(DEFRULE(c_few_barracks, a_forward_castle), MANY_RULES(DEFRULE(c_many_ram, a_dynamic_civ_scout_cap(20)), MANY_RULES(DEFRULE(c_some_ram, a_build_house), MANY_RULES(DEFRULE(c_no_house, a_dynamic_civ_scout_cap(i_val(62))), MANY_RULES(DEFRULE(c_few_barracks, a_res_loom), MANY_RULES(DEFRULE(c_no_house, a_dynamic_civ_scout_pct(i_val(25))), MANY_RULES(DEFRULE(c_few_skirm, a_train_vill), MANY_RULES(DEFRULE(c_few_skirm, a_build_barracks), MANY_RULES(DEFRULE(c_few_skirm, a_dynamic_civ_scout_cap(12)), MANY_RULES(DEFRULE(AND(c_many_archer, c_few_watch_tower), a_res_loom), MANY_RULES(DEFRULE(c_few_skirm, a_res_loom), MANY_RULES(DEFRULE(c_no_house, a_dynamic_civ_scout_cap(168)), MANY_RULES(DEFRULE(c_few_barracks, a_train_vill), MANY_RULES(DEFRULE(c_many_ram, a_dynamic_atk_percent(20)), MANY_RULES(DEFRULE(c_some_ram, a_build_house), MANY_RULES(DEFRULE(AND(c_mil_pop_10, c_far_gold), a_dynamic_civ_scout_cap(62)), MANY_RULES(DEFRULE(c_no_house, a_forward_castle), MANY_RULES(DEFRULE(c_few_barracks, a_res_loom), MANY_RULES(DEFRULE(c_few_barracks, a_dynamic_atk_percent(i_val(168))), MANY_RULES(DEFRULE(c_few_skirm, a_build_barracks), MANY_RULES(DEFRULE(c_few_barracks, a_res_loom), MANY_RULES(DEFRULE(c_few_skirm, a_build_lumber_camp), MANY_RULES(DEFRULE(c_few_skirm, a_train_vill), MANY_RULES(DEFRULE(AND(c_some_ram, c_few_skirm), a_res_loom), MANY_RULES(DEFRULE(c_few_barracks, a_res_loom), MANY_RULES(DEFRULE(c_few_skirm, a_res_farm_2), MANY_RULES(DEFRULE(c_few_skirm, a_build_barracks), MANY_RULES(DEFRULE(c_few_barracks, a_res_loom), MANY_RULES(DEFRULE(c_some_ram, a_build_house), MANY_RULES(DEFRULE(AND(c_some_ram, c_few_skirm), a_res_loom), TWO_RULES(DEFRULE(c_few_barracks, a_build_lumber_camp), DEFRULE(c_low_wood, a_train_vill)))))))))))))))))))))))))))))))))))))))))))))))))))))))))))"
160,10,219.1584,"MANY_RULES(DEFRULE(AND(c_no_lumber_camp, c_can_res_chain_mail), a_dynamic_group_size(20)), MANY_RULES(DEFRULE(c_few_mill, a_build_house), MANY_RULES(DEFRULE(AND(c_no_lumber_camp, c_can_res_chain_mail), a_dynamic_group_size(168)), MANY_RULES(DEFRULE(AND(c_few_skirm, c_enemy_has_many_pike), a_res_loom), MANY_RULES(DEFRULE(c_few_barracks, a_res_loom), MANY_RULES(DEFRULE(AND(c_some_ram, c_many_ram), a_res_loom), MANY_RULES(DEFRULE(c_no_house, a_dynamic_civ_scout_cap(168)), MANY_RULES(DEFRULE(c_few_barracks, a_res_loom), MANY_RULES(DEFRULE(c_some_ram, a_build_house), MANY_RULES(DEFRULE(c_few_barracks, a_res_loom), MANY_RULES(DEFRULE(c_few_skirm, a_build_lumber_camp), MANY_RULES(DEFRULE(c_few_skirm, a_train_vill), MANY_RULES(DEFRULE(AND(c_some_ram, c_few_skirm), a_res_loom), MANY_RULES(DEFRULE(c_few_barracks, a_res_loom), MANY_RULES(DEFRULE(c_few_skirm, a_dynamic_camp_dist(20)), MANY_RULES(DEFRULE(c_few_barracks, a_forward_castle), MANY_RULES(DEFRULE(c_many_ram, a_dynamic_civ_scout_cap(20)), MANY_RULES(DEFRULE(c_some_ram, a_build_house), MANY_RULES(DEFRULE(AND(AND(c_no_mining_camp, c_far_gold), AND(c_few_treb, c_far_gold)), a_train_vill), MANY_RULES(DEFRULE(c_few_skirm, a_train_vill), MANY_RULES(DEFRULE(c_few_skirm, a_res_farm_2), MANY_RULES(DEFRULE(AND(c_many_archer, AND(c_no_blacksmith, c_no_monastery)), a_res_loom), MANY_RULES(DEFRULE(c_few_skirm, a_dynamic_civ_scout_cap(168)), MANY_RULES(DEFRULE(c_few_skirm, a_res_farm_2), MANY_RULES(DEFRULE(c_no_house, a_dynamic_atk_percent(i_val(62))), MANY_RULES(DEFRULE(c_few_skirm, a_build_barracks), MANY_RULES(DEFRULE(c_few_barracks, a_res_loom), MANY_RULES(DEFRULE(c_few_skirm, a_res_farm_2), MANY_RULES(DEFRULE(c_few_barracks, a_res_loom), MANY_RULES(DEFRULE(AND(c_few_skirm, c_few_skirm), a_res_loom), TWO_RULES(DEFRULE(c_few_barracks, a_res_loom), DEFRULE(c_few_skirm, a_retreat_castle))))))))))))))))))))))))))))))))"
160,15,213.0072,"MANY_RULES(DEFRULE(AND(c_no_lumber_camp, c_can_res_chain_mail), a_dynamic_group_size(20)), MANY_RULES(DEFRULE(c_few_mill, a_build_house), MANY_RULES(DEFRULE(c_enemy_has_many_pike, a_dynamic_camp_dist(20)), MANY_RULES(DEFRULE(AND(c_few_skirm, c_enemy_has_many_pike), a_res_loom), MANY_RULES(DEFRULE(c_few_barracks, a_res_loom), MANY_RULES(DEFRULE(AND(c_some_ram, c_many_ram), a_res_loom), MANY_RULES(DEFRULE(c_no_house, a_dynamic_civ_scout_cap(168)), MANY_RULES(DEFRULE(c_few_barracks, a_res_loom), MANY_RULES(DEFRULE(c_no_house, a_dynamic_atk_percent(i_val(62))), MANY_RULES(DEFRULE(c_few_skirm, a_build_barracks), MANY_RULES(DEFRULE(c_few_barracks, a_res_loom), MANY_RULES(DEFRULE(c_few_skirm, a_build_lumber_camp), MANY_RULES(DEFRULE(c_few_barracks, a_res_loom), MANY_RULES(t_empty_rule, MANY_RULES(DEFRULE(c_few_barracks, a_res_loom), MANY_RULES(DEFRULE(c_few_skirm, a_res_loom), MANY_RULES(DEFRULE(AND(c_few_skirm, c_enemy_has_many_pike), a_dynamic_civ_scout_cap(12)), MANY_RULES(DEFRULE(c_few_mill, a_build_house), MANY_RULES(DEFRULE(c_few_skirm, a_train_vill), MANY_RULES(DEFRULE(c_few_skirm, a_res_loom), MANY_RULES(DEFRULE(c_few_skirm, a_res_farm_2), MANY_RULES(DEFRULE(c_can_buy_food, a_forward_castle), MANY_RULES(DEFRULE(c_many_ram, a_dynamic_civ_scout_cap(168)), MANY_RULES(DEFRULE(c_few_mill, a_dynamic_civ_scout_cap(12)), MANY_RULES(DEFRULE(c_far_gold, a_train_vill), MANY_RULES(DEFRULE(c_few_skirm, a_train_vill), MANY_RULES(DEFRULE(c_few_skirm, a_res_farm_2), MANY_RULES(DEFRULE(c_few_barracks, a_res_loom), MANY_RULES(DEFRULE(c_few_skirm, a_dynamic_civ_scout_cap(168)), MANY_RULES(DEFRULE(AND(c_some_ram, c_few_skirm), a_res_loom), MANY_RULES(DEFRULE(c_no_house, a_dynamic_atk_percent(i_val(3))), MANY_RULES(DEFRULE(c_few_barracks, a_forward_castle), MANY_RULES(DEFRULE(c_many_ram, a_dynamic_civ_scout_cap(20)), MANY_RULES(DEFRULE(c_some_infantry, a_build_house), MANY_RULES(DEFRULE(c_far_gold, a_res_loom), MANY_RULES(DEFRULE(c_few_skirm, a_train_vill), MANY_RULES(DEFRULE(c_few_skirm, a_res_farm_2), MANY_RULES(DEFRULE(c_few_barracks, a_res_loom), MANY_RULES(DEFRULE(c_few_skirm, a_dynamic_civ_scout_cap(i_val(62))), MANY_RULES(DEFRULE(c_no_house, a_dynamic_atk_percent(i_val(62))), MANY_RULES(t_empty_rule, MANY_RULES(DEFRULE(c_few_barracks, a_res_loom), MANY_RULES(DEFRULE(c_some_ram, a_build_house), MANY_RULES(DEFRULE(AND(c_some_ram, c_few_skirm), a_res_loom), TWO_RULES(DEFRULE(c_few_barracks, a_town_size_20), DEFRULE(c_low_wood, a_train_vill))))))))))))))))))))))))))))))))))))))))))))))"
160,91,209.832,"TWO_RULES(DEFRULE(c_can_build_town_center, a_res_iron_cast), DEFRULE(c_can_res_bracer, a_zone_defensive))"
160,43,209.166,"MANY_RULES(DEFRULE(AND(c_no_lumber_camp, c_can_res_chain_mail), a_dynamic_group_size(168)), MANY_RULES(t_empty_rule, MANY_RULES(DEFRULE(c_far_gold, a_train_vill), MANY_RULES(DEFRULE(c_few_skirm, a_res_loom), MANY_RULES(DEFRULE(AND(c_few_skirm, c_enemy_has_many_pike), a_dynamic_civ_scout_cap(12)), MANY_RULES(DEFRULE(c_few_skirm, a_res_loom), MANY_RULES(DEFRULE(c_few_skirm, a_train_vill), MANY_RULES(DEFRULE(c_few_skirm, a_res_loom), MANY_RULES(DEFRULE(c_few_skirm, a_res_farm_2), MANY_RULES(DEFRULE(c_few_barracks, a_forward_castle), MANY_RULES(DEFRULE(c_few_skirm, a_dynamic_civ_scout_cap(20)), MANY_RULES(DEFRULE(c_some_ram, a_build_house), MANY_RULES(DEFRULE(c_far_gold, a_train_vill), MANY_RULES(DEFRULE(c_few_skirm, a_res_farm_2), MANY_RULES(DEFRULE(c_few_archery_range, a_res_loom), MANY_RULES(DEFRULE(c_few_skirm, a_dynamic_civ_scout_cap(12)), MANY_RULES(DEFRULE(AND(c_some_ram, c_no_house), a_res_loom), MANY_RULES(DEFRULE(c_few_watch_tower, a_train_vill), MANY_RULES(DEFRULE(AND(c_few_skirm, c_enemy_has_many_pike), a_res_farm_2), MANY_RULES(DEFRULE(c_few_barracks, a_forward_castle), MANY_RULES(DEFRULE(c_many_ram, a_dynamic_civ_scout_cap(20)), MANY_RULES(DEFRULE(c_some_infantry, a_build_house), MANY_RULES(DEFRULE(c_few_skirm, a_build_house), MANY_RULES(DEFRULE(c_few_skirm, a_train_vill), MANY_RULES(DEFRULE(c_few_skirm, a_res_farm_2), MANY_RULES(DEFRULE(c_few_barracks, a_res_loom), MANY_RULES(DEFRULE(AND(c_few_skirm, c_enemy_has_many_pike), a_res_loom), MANY_RULES(DEFRULE(c_few_barracks, a_res_loom), MANY_RULES(DEFRULE(c_few_barracks, a_res_loom), MANY_RULES(DEFRULE(c_few_skirm, a_dynamic_civ_scout_cap(168)), MANY_RULES(DEFRULE(c_few_barracks, a_res_loom), MANY_RULES(DEFRULE(c_no_house, a_dynamic_atk_percent(i_val(168))), MANY_RULES(DEFRULE(c_few_skirm, a_build_barracks), MANY_RULES(DEFRULE(c_few_barracks, a_res_loom), MANY_RULES(DEFRULE(c_few_skirm, a_build_lumber_camp), MANY_RULES(DEFRULE(c_few_skirm, a_train_vill), MANY_RULES(DEFRULE(AND(c_some_ram, c_few_skirm), a_res_loom), MANY_RULES(DEFRULE(c_few_barracks, a_dynamic_atk_percent(3)), MANY_RULES(DEFRULE(c_few_skirm, a_res_farm_2), MANY_RULES(DEFRULE(c_few_skirm, a_build_barracks), MANY_RULES(DEFRULE(c_few_barracks, a_res_bracer), MANY_RULES(DEFRULE(c_some_ram, a_build_house), MANY_RULES(DEFRULE(AND(c_some_ram, c_few_skirm), a_res_loom), TWO_RULES(DEFRULE(c_few_barracks, a_build_lumber_camp), DEFRULE(c_low_wood, a_train_vill)))))))))))))))))))))))))))))))))))))))))))))"
160,69,207.7928,"MANY_RULES(DEFRULE(AND(c_some_knight, c_can_res_chain_mail), a_dynamic_group_size(i_val(62))), MANY_RULES(DEFRULE(c_few_skirm, a_build_house), MANY_RULES(DEFRULE(c_enemy_has_many_pike, a_res_loom), MANY_RULES(DEFRULE(AND(AND(c_can_build_town_center, c_few_siege_workshop), c_enemy_has_many_pike), a_res_loom), MANY_RULES(DEFRULE(c_few_skirm, a_build_barracks), MANY_RULES(DEFRULE(c_few_barracks, a_dynamic_civ_scout_cap(168)), MANY_RULES(DEFRULE(c_some_ram, a_dynamic_civ_scout_cap(20)), MANY_RULES(DEFRULE(c_few_skirm, a_res_loom), MANY_RULES(DEFRULE(c_few_skirm, a_train_vill), MANY_RULES(DEFRULE(c_few_skirm, a_res_loom), MANY_RULES(DEFRULE(c_few_skirm, a_res_loom), MANY_RULES(DEFRULE(c_few_skirm, a_forward_castle), MANY_RULES(DEFRULE(AND(c_many_archer, c_few_watch_tower), a_res_loom), MANY_RULES(DEFRULE(c_few_skirm, a_res_loom), MANY_RULES(DEFRULE(AND(c_few_skirm, c_can_res_gold_2), a_dynamic_civ_scout_cap(168)), MANY_RULES(DEFRULE(c_few_mill, a_build_house), MANY_RULES(DEFRULE(c_enemy_has_many_pike, a_dynamic_camp_dist(20)), MANY_RULES(DEFRULE(AND(c_few_skirm, c_enemy_has_many_pike), a_res_loom), MANY_RULES(DEFRULE(c_few_barracks, a_res_loom), MANY_RULES(DEFRULE(AND(c_some_ram, c_can_res_farm_3), a_res_loom), MANY_RULES(DEFRULE(c_no_house, a_dynamic_civ_scout_cap(168)), MANY_RULES(DEFRULE(c_few_barracks, a_train_vill), MANY_RULES(DEFRULE(c_no_house, a_dynamic_atk_percent(20)), MANY_RULES(DEFRULE(c_few_skirm, a_build_barracks), MANY_RULES(DEFRULE(c_few_barracks, a_res_loom), MANY_RULES(DEFRULE(c_few_skirm, a_build_lumber_camp), MANY_RULES(DEFRULE(c_few_skirm, a_train_vill), MANY_RULES(DEFRULE(AND(c_some_ram, c_few_skirm), a_res_loom), MANY_RULES(DEFRULE(c_few_barracks, a_res_loom), MANY_RULES(DEFRULE(c_few_skirm, a_res_farm_2), MANY_RULES(DEFRULE(c_few_barracks, a_forward_castle), MANY_RULES(DEFRULE(c_many_ram, a_dynamic_civ_scout_cap(20)), MANY_RULES(DEFRULE(c_some_ram, a_build_house), MANY_RULES(DEFRULE(AND(AND(c_no_mining_camp, c_far_gold), AND(c_few_treb, c_far_gold)), a_res_loom), MANY_RULES(DEFRULE(c_few_skirm, a_train_vill), MANY_RULES(DEFRULE(c_few_skirm, a_res_farm_2), MANY_RULES(DEFRULE(c_is_feudal_age, a_train_monk), MANY_RULES(t_empty_rule, t_empty_list))))))))))))))))))))))))))))))))))))))"
160,60,207.4088,"MANY_RULES(DEFRULE(c_can_res_chain_mail, a_dynamic_group_size(20)), MANY_RULES(DEFRULE(c_few_skirm, a_build_house), MANY_RULES(DEFRULE(c_enemy_has_many_pike, a_dynamic_camp_dist(20)), MANY_RULES(DEFRULE(AND(c_few_skirm, AND(c_need_farms, c_few_siege_workshop)), a_res_loom), MANY_RULES(DEFRULE(c_few_barracks, a_res_loom), MANY_RULES(DEFRULE(c_few_barracks, a_res_loom), MANY_RULES(DEFRULE(c_no_house, a_dynamic_civ_scout_cap(168)), MANY_RULES(DEFRULE(c_few_barracks, a_res_loom), MANY_RULES(DEFRULE(c_no_house, a_dynamic_atk_percent(i_val(12))), MANY_RULES(DEFRULE(c_few_skirm, a_build_barracks), MANY_RULES(DEFRULE(c_few_barracks, a_res_loom), MANY_RULES(DEFRULE(c_few_skirm, a_build_lumber_camp), MANY_RULES(DEFRULE(c_few_skirm, a_train_vill), MANY_RULES(DEFRULE(AND(c_some_ram, c_few_skirm), a_res_loom), MANY_RULES(DEFRULE(c_few_barracks, a_res_loom), MANY_RULES(DEFRULE(c_few_skirm, a_res_farm_2), MANY_RULES(t_empty_rule, MANY_RULES(DEFRULE(c_no_house, a_dynamic_civ_scout_cap(168)), MANY_RULES(DEFRULE(c_few_barracks, a_res_loom), MANY_RULES(DEFRULE(c_no_house, a_dynamic_atk_percent(i_val(168))), MANY_RULES(DEFRULE(c_few_skirm, a_build_barracks), MANY_RULES(DEFRULE(c_few_barracks, a_res_loom), MANY_RULES(DEFRULE(c_few_skirm, a_build_lumber_camp), MANY_RULES(DEFRULE(c_few_skirm, a_train_vill), MANY_RULES(DEFRULE(AND(c_some_ram, c_few_skirm), a_res_loom), MANY_RULES(DEFRULE(c_few_barracks, a_res_loom), MANY_RULES(DEFRULE(c_few_skirm, a_res_farm_2), MANY_RULES(DEFRULE(c_few_barracks, a_forward_castle), MANY_RULES(DEFRULE(c_many_ram, a_dynamic_civ_scout_cap(20)), MANY_RULES(DEFRULE(c_some_ram, a_build_house), MANY_RULES(DEFRULE(c_no_house, a_dynamic_civ_scout_cap(168)), MANY_RULES(DEFRULE(c_few_barracks, a_res_loom), MANY_RULES(DEFRULE(c_no_house, a_dynamic_civ_scout_pct(i_val(25))), MANY_RULES(DEFRULE(c_few_skirm, a_train_vill), MANY_RULES(DEFRULE(c_few_skirm, a_build_barracks), MANY_RULES(DEFRULE(c_few_skirm, a_dynamic_civ_scout_cap(12)), MANY_RULES(DEFRULE(AND(c_many_archer, c_few_watch_tower), a_res_loom), MANY_RULES(DEFRULE(c_few_skirm, a_res_loom), MANY_RULES(DEFRULE(c_no_house, a_dynamic_civ_scout_cap(168)), MANY_RULES(DEFRULE(c_few_barracks, a_train_vill), MANY_RULES(DEFRULE(c_many_ram, a_dynamic_atk_percent(20)), MANY_RULES(DEFRULE(c_some_ram, a_build_house), MANY_RULES(DEFRULE(AND(c_mil_pop_10, c_far_gold), a_dynamic_civ_scout_cap(62)), MANY_RULES(DEFRULE(c_no_house, a_forward_castle), MANY_RULES(DEFRULE(c_few_barracks, a_res_loom), MANY_RULES(DEFRULE(c_few_barracks, a_dynamic_atk_percent(i_val(168))), MANY_RULES(DEFRULE(c_few_skirm, a_build_barracks), MANY_RULES(DEFRULE(c_few_barracks, a_res_loom), MANY_RULES(DEFRULE(c_few_skirm, a_build_lumber_camp), MANY_RULES(DEFRULE(c_few_skirm, a_train_vill), MANY_RULES(DEFRULE(AND(c_some_ram, c_few_skirm), a_res_loom), MANY_RULES(DEFRULE(c_few_barracks, a_res_loom), MANY_RULES(DEFRULE(c_few_skirm, a_res_farm_2), MANY_RULES(DEFRULE(c_few_skirm, a_build_barracks), MANY_RULES(DEFRULE(c_few_barracks, a_res_loom), MANY_RULES(DEFRULE(c_some_ram, a_build_house), MANY_RULES(DEFRULE(AND(c_some_ram, c_few_skirm), a_res_loom), TWO_RULES(t_empty_rule, t_empty_rule))))))))))))))))))))))))))))))))))))))))))))))))))))))))))"
160,6,206.22,"MANY_RULES(DEFRULE(AND(c_no_lumber_camp, c_can_res_chain_mail), a_dynamic_group_size(168)), MANY_RULES(t_empty_rule, MANY_RULES(DEFRULE(c_far_gold, a_train_vill), MANY_RULES(DEFRULE(c_few_skirm, a_res_loom), MANY_RULES(DEFRULE(AND(c_few_siege_workshop, c_enemy_has_many_pike), a_dynamic_civ_scout_cap(12)), MANY_RULES(DEFRULE(c_few_skirm, a_res_loom), MANY_RULES(DEFRULE(c_few_skirm, a_train_vill), MANY_RULES(DEFRULE(c_few_skirm, a_res_loom), MANY_RULES(DEFRULE(c_few_skirm, a_res_farm_2), MANY_RULES(DEFRULE(c_few_barracks, a_forward_castle), MANY_RULES(DEFRULE(c_few_skirm, a_dynamic_civ_scout_cap(20)), MANY_RULES(DEFRULE(c_some_ram, a_retreat_castle), MANY_RULES(DEFRULE(c_far_gold, a_train_vill), MANY_RULES(DEFRULE(c_few_skirm, a_res_farm_2), MANY_RULES(DEFRULE(c_few_archery_range, a_res_loom), MANY_RULES(DEFRULE(c_few_skirm, a_dynamic_civ_scout_cap(12)), MANY_RULES(DEFRULE(AND(c_some_ram, c_few_skirm), a_res_loom), MANY_RULES(DEFRULE(c_few_watch_tower, a_train_vill), MANY_RULES(DEFRULE(AND(c_few_skirm, c_enemy_has_many_pike), a_res_farm_2), MANY_RULES(DEFRULE(c_few_barracks, a_forward_castle), MANY_RULES(DEFRULE(c_many_ram, a_dynamic_civ_scout_cap(20)), MANY_RULES(DEFRULE(c_some_infantry, a_build_house), MANY_RULES(DEFRULE(c_few_skirm, a_build_house), MANY_RULES(DEFRULE(c_few_skirm, a_train_vill), MANY_RULES(DEFRULE(c_few_skirm, a_res_farm_2), MANY_RULES(DEFRULE(c_few_barracks, a_res_loom), MANY_RULES(DEFRULE(AND(c_few_skirm, c_enemy_has_many_pike), a_res_loom), MANY_RULES(DEFRULE(c_few_barracks, a_res_loom), MANY_RULES(DEFRULE(c_few_barracks, a_res_loom), MANY_RULES(DEFRULE(c_few_skirm, a_dynamic_civ_scout_cap(168)), MANY_RULES(DEFRULE(c_few_barracks, a_res_loom), MANY_RULES(DEFRULE(c_no_house, a_dynamic_atk_percent(i_val(168))), MANY_RULES(DEFRULE(c_few_skirm, a_build_barracks), MANY_RULES(DEFRULE(c_few_barracks, a_res_loom), MANY_RULES(DEFRULE(c_few_skirm, a_build_lumber_camp), MANY_RULES(DEFRULE(c_few_skirm, a_train_vill), MANY_RULES(DEFRULE(AND(c_some_ram, c_few_skirm), a_res_loom), MANY_RULES(DEFRULE(c_few_barracks, a_res_loom), MANY_RULES(DEFRULE(c_few_skirm, a_res_farm_2), MANY_RULES(DEFRULE(c_few_skirm, a_build_barracks), MANY_RULES(DEFRULE(c_few_barracks, a_res_bracer), MANY_RULES(DEFRULE(c_some_ram, a_build_house), MANY_RULES(DEFRULE(AND(c_some_ram, c_few_skirm), a_res_loom), TWO_RULES(DEFRULE(c_few_barracks, a_build_lumber_camp), DEFRULE(c_low_wood, a_train_vill)))))))))))))))))))))))))))))))))))))))))))))"
160,67,205.9068,"MANY_RULES(DEFRULE(AND(c_no_lumber_camp, c_can_res_chain_mail), a_dynamic_group_size(i_val(62))), MANY_RULES(DEFRULE(c_few_skirm, a_build_house), MANY_RULES(DEFRULE(c_enemy_has_many_pike, a_res_loom), MANY_RULES(DEFRULE(AND(AND(c_can_build_town_center, c_few_siege_workshop), c_enemy_has_many_pike), a_res_loom), MANY_RULES(DEFRULE(c_few_skirm, a_build_barracks), MANY_RULES(DEFRULE(c_few_barracks, a_dynamic_civ_scout_cap(62)), MANY_RULES(DEFRULE(c_some_ram, a_dynamic_civ_scout_cap(20)), MANY_RULES(DEFRULE(c_few_skirm, a_res_loom), MANY_RULES(DEFRULE(c_few_skirm, a_train_vill), MANY_RULES(DEFRULE(c_few_skirm, a_res_loom), MANY_RULES(DEFRULE(c_few_skirm, a_res_loom), MANY_RULES(DEFRULE(c_few_skirm, a_forward_castle), MANY_RULES(DEFRULE(AND(c_many_archer, c_few_watch_tower), a_res_loom), MANY_RULES(DEFRULE(c_few_skirm, a_res_loom), MANY_RULES(DEFRULE(AND(c_few_skirm, c_can_res_gold_2), a_dynamic_civ_scout_cap(168)), MANY_RULES(DEFRULE(c_few_mill, a_build_house), MANY_RULES(DEFRULE(c_enemy_has_many_pike, a_dynamic_camp_dist(20)), MANY_RULES(DEFRULE(AND(c_few_skirm, c_enemy_has_many_pike), a_res_loom), MANY_RULES(DEFRULE(c_few_barracks, a_res_loom), MANY_RULES(DEFRULE(AND(c_some_ram, c_can_res_farm_3), a_res_loom), MANY_RULES(DEFRULE(c_no_house, a_dynamic_civ_scout_cap(168)), MANY_RULES(DEFRULE(c_few_barracks, a_train_vill), MANY_RULES(DEFRULE(c_no_house, a_dynamic_atk_percent(20)), MANY_RULES(DEFRULE(c_few_skirm, a_build_barracks), MANY_RULES(DEFRULE(c_few_barracks, a_res_loom), MANY_RULES(DEFRULE(c_few_skirm, a_train_vill), MANY_RULES(DEFRULE(AND(c_some_ram, c_few_skirm), a_res_loom), MANY_RULES(DEFRULE(c_few_barracks, a_res_loom), MANY_RULES(DEFRULE(c_few_skirm, a_res_farm_2), MANY_RULES(DEFRULE(c_few_barracks, a_forward_castle), MANY_RULES(DEFRULE(c_many_ram, a_dynamic_civ_scout_cap(20)), MANY_RULES(DEFRULE(c_some_ram, a_build_house), MANY_RULES(DEFRULE(AND(AND(c_no_mining_camp, c_far_gold), AND(c_few_treb, c_far_gold)), a_train_vill), MANY_RULES(DEFRULE(c_few_skirm, a_train_vill), MANY_RULES(DEFRULE(c_few_skirm, a_res_farm_2), MANY_RULES(DEFRULE(c_is_feudal_age, a_train_monk), MANY_RULES(t_empty_rule, t_empty_list)))))))))))))))))))))))))))))))))))))"
160,82,200.2464,"MANY_RULES(DEFRULE(AND(c_no_lumber_camp, c_can_res_chain_mail), a_dynamic_group_size(20)), MANY_RULES(DEFRULE(c_few_mill, a_build_house), MANY_RULES(DEFRULE(c_enemy_has_many_pike, a_dynamic_camp_dist(20)), MANY_RULES(DEFRULE(AND(c_few_skirm, c_enemy_has_many_pike), a_res_loom), MANY_RULES(DEFRULE(c_few_barracks, a_res_loom), MANY_RULES(DEFRULE(AND(c_some_ram, c_many_ram), a_res_loom), MANY_RULES(DEFRULE(c_no_house, a_dynamic_civ_scout_cap(168)), MANY_RULES(DEFRULE(c_few_barracks, a_res_loom), MANY_RULES(DEFRULE(c_no_house, a_dynamic_atk_percent(i_val(62))), MANY_RULES(DEFRULE(c_few_skirm, a_build_barracks), MANY_RULES(DEFRULE(c_few_barracks, a_res_loom), MANY_RULES(DEFRULE(c_few_skirm, a_build_lumber_camp), MANY_RULES(DEFRULE(c_few_barracks, a_res_loom), MANY_RULES(t_empty_rule, MANY_RULES(DEFRULE(c_far_gold, a_train_vill), MANY_RULES(DEFRULE(c_few_skirm, a_res_loom), MANY_RULES(DEFRULE(AND(c_few_skirm, c_enemy_has_many_pike), a_dynamic_civ_scout_cap(12)), MANY_RULES(DEFRULE(c_few_skirm, a_res_loom), MANY_RULES(DEFRULE(c_few_skirm, a_train_vill), MANY_RULES(DEFRULE(c_few_skirm, a_res_loom), MANY_RULES(DEFRULE(c_few_skirm, a_res_farm_2), MANY_RULES(DEFRULE(c_can_buy_food, a_forward_castle), MANY_RULES(DEFRULE(c_many_ram, a_dynamic_civ_scout_cap(168)), MANY_RULES(DEFRULE(c_few_mill, a_dynamic_civ_scout_cap(12)), MANY_RULES(DEFRULE(c_far_gold, a_train_vill), MANY_RULES(DEFRULE(c_few_skirm, a_train_vill), MANY_RULES(DEFRULE(c_few_skirm, a_res_farm_2), MANY_RULES(DEFRULE(c_few_barracks, a_res_loom), MANY_RULES(DEFRULE(c_few_skirm, a_dynamic_civ_scout_cap(168)), MANY_RULES(DEFRULE(AND(c_some_ram, c_few_skirm), a_res_loom), MANY_RULES(DEFRULE(c_no_house, a_dynamic_atk_percent(i_val(3))), MANY_RULES(DEFRULE(c_few_barracks, a_forward_castle), MANY_RULES(DEFRULE(c_many_ram, a_dynamic_civ_scout_cap(20)), MANY_RULES(DEFRULE(c_some_infantry, a_build_house), MANY_RULES(DEFRULE(c_far_gold, a_train_vill), MANY_RULES(DEFRULE(c_few_skirm, a_train_vill), MANY_RULES(DEFRULE(c_few_skirm, a_res_farm_2), MANY_RULES(DEFRULE(c_few_barracks, a_res_loom), MANY_RULES(DEFRULE(c_few_skirm, a_dynamic_civ_scout_cap(i_val(12))), MANY_RULES(DEFRULE(c_no_house, a_dynamic_atk_percent(i_val(62))), MANY_RULES(t_empty_rule, MANY_RULES(DEFRULE(c_few_barracks, a_res_loom), MANY_RULES(DEFRULE(c_some_ram, a_build_house), MANY_RULES(DEFRULE(AND(c_some_ram, c_few_skirm), a_res_loom), TWO_RULES(DEFRULE(c_few_barracks, a_town_size_20), DEFRULE(c_low_wood, a_train_vill))))))))))))))))))))))))))))))))))))))))))))))"
160,23,193.84,"MANY_RULES(DEFRULE(c_can_res_chain_mail, a_dynamic_group_size(20)), MANY_RULES(DEFRULE(c_few_skirm, a_build_house), MANY_RULES(DEFRULE(c_enemy_has_many_pike, a_dynamic_camp_dist(20)), MANY_RULES(DEFRULE(AND(c_few_skirm, c_enemy_has_many_pike), a_res_loom), MANY_RULES(DEFRULE(c_few_barracks, a_res_loom), MANY_RULES(DEFRULE(c_few_barracks, a_res_loom), MANY_RULES(DEFRULE(c_no_house, a_dynamic_civ_scout_cap(168)), MANY_RULES(DEFRULE(c_few_barracks, a_res_loom), MANY_RULES(DEFRULE(c_no_house, a_dynamic_atk_percent(i_val(12))), MANY_RULES(DEFRULE(c_few_skirm, a_build_barracks), MANY_RULES(DEFRULE(c_few_barracks, a_res_loom), MANY_RULES(DEFRULE(c_few_skirm, a_build_lumber_camp), MANY_RULES(DEFRULE(c_few_skirm, a_train_vill), MANY_RULES(DEFRULE(AND(c_some_ram, c_few_skirm), a_res_loom), MANY_RULES(DEFRULE(c_few_barracks, a_res_loom), MANY_RULES(DEFRULE(c_few_skirm, a_res_farm_2), MANY_RULES(t_empty_rule, MANY_RULES(DEFRULE(c_no_house, a_dynamic_civ_scout_cap(168)), MANY_RULES(DEFRULE(c_few_barracks, a_res_loom), MANY_RULES(DEFRULE(c_no_house, a_dynamic_atk_percent(i_val(168))), MANY_RULES(DEFRULE(c_few_skirm, a_build_barracks), MANY_RULES(DEFRULE(c_few_barracks, a_res_loom), MANY_RULES(DEFRULE(c_few_skirm, a_build_lumber_camp), MANY_RULES(DEFRULE(c_few_skirm, a_train_vill), MANY_RULES(DEFRULE(AND(c_some_ram, c_few_skirm), a_res_loom), MANY_RULES(DEFRULE(c_few_barracks, a_res_loom), MANY_RULES(DEFRULE(c_few_skirm, a_res_farm_2), MANY_RULES(DEFRULE(c_few_barracks, a_forward_castle), MANY_RULES(DEFRULE(c_many_ram, a_dynamic_civ_scout_cap(20)), MANY_RULES(DEFRULE(c_some_ram, a_build_house), MANY_RULES(DEFRULE(c_no_house, a_dynamic_civ_scout_cap(168)), MANY_RULES(DEFRULE(c_few_barracks, a_res_loom), MANY_RULES(DEFRULE(c_no_house, a_dynamic_civ_scout_pct(i_val(25))), MANY_RULES(DEFRULE(c_few_skirm, a_train_vill), MANY_RULES(DEFRULE(c_few_skirm, a_build_barracks), MANY_RULES(DEFRULE(c_few_skirm, a_dynamic_civ_scout_cap(12)), MANY_RULES(DEFRULE(AND(c_many_archer, c_few_watch_tower), a_res_loom), MANY_RULES(DEFRULE(c_few_skirm, a_res_loom), MANY_RULES(DEFRULE(c_no_house, a_dynamic_civ_scout_cap(168)), MANY_RULES(DEFRULE(c_few_barracks, a_train_vill), MANY_RULES(DEFRULE(c_many_ram, a_dynamic_atk_percent(20)), MANY_RULES(DEFRULE(c_some_ram, a_build_house), MANY_RULES(DEFRULE(AND(c_mil_pop_10, c_far_gold), a_dynamic_civ_scout_cap(62)), MANY_RULES(DEFRULE(c_no_house, a_forward_castle), MANY_RULES(DEFRULE(c_few_barracks, a_res_loom), MANY_RULES(DEFRULE(c_few_barracks, a_dynamic_atk_percent(i_val(168))), MANY_RULES(DEFRULE(c_few_skirm, a_build_barracks), MANY_RULES(DEFRULE(c_few_barracks, a_res_loom), MANY_RULES(DEFRULE(c_few_skirm, a_build_lumber_camp), MANY_RULES(DEFRULE(c_few_skirm, a_res_ballistics), MANY_RULES(DEFRULE(AND(c_some_ram, c_few_skirm), a_res_loom), MANY_RULES(DEFRULE(c_few_barracks, a_res_loom), MANY_RULES(DEFRULE(c_few_skirm, a_res_farm_2), MANY_RULES(DEFRULE(AND(c_no_lumber_camp, c_can_res_chain_mail), a_build_barracks), MANY_RULES(DEFRULE(c_few_barracks, a_res_loom), MANY_RULES(DEFRULE(c_some_ram, a_build_house), MANY_RULES(DEFRULE(AND(c_some_ram, c_few_skirm), a_res_loom), TWO_RULES(DEFRULE(c_few_barracks, a_build_lumber_camp), DEFRULE(c_low_wood, a_train_vill)))))))))))))))))))))))))))))))))))))))))))))))))))))))))))"
160,22,192.4,"MANY_RULES(DEFRULE(AND(c_no_lumber_camp, c_can_res_chain_mail), a_dynamic_group_size(20)), MANY_RULES(DEFRULE(c_few_skirm, a_build_house), MANY_RULES(DEFRULE(c_enemy_has_many_pike, a_dynamic_camp_dist(20)), MANY_RULES(DEFRULE(c_few_barracks, a_res_loom), MANY_RULES(DEFRULE(c_no_house, a_dynamic_civ_scout_cap(168)), MANY_RULES(DEFRULE(c_few_barracks, a_res_loom), MANY_RULES(DEFRULE(c_no_house, a_dynamic_atk_percent(i_val(168))), MANY_RULES(DEFRULE(c_few_skirm, a_build_barracks), MANY_RULES(DEFRULE(c_few_barracks, a_res_loom), MANY_RULES(DEFRULE(c_few_skirm, a_build_lumber_camp), MANY_RULES(DEFRULE(c_few_skirm, a_train_vill), MANY_RULES(DEFRULE(AND(c_few_watch_tower, c_few_skirm), a_res_loom), MANY_RULES(DEFRULE(c_few_barracks, a_res_loom), MANY_RULES(DEFRULE(c_few_skirm, a_res_farm_2), MANY_RULES(DEFRULE(c_few_skirm, a_build_barracks), MANY_RULES(DEFRULE(c_few_barracks, a_res_loom), MANY_RULES(DEFRULE(c_few_barracks, a_forward_castle), MANY_RULES(DEFRULE(c_few_archery_range, a_res_loom), MANY_RULES(DEFRULE(c_few_skirm, a_dynamic_civ_scout_cap(12)), MANY_RULES(DEFRULE(AND(c_some_ram, c_few_skirm), a_res_loom), MANY_RULES(DEFRULE(c_few_watch_tower, a_train_vill), MANY_RULES(DEFRULE(AND(c_few_skirm, c_enemy_has_many_pike), a_res_farm_2), MANY_RULES(DEFRULE(c_few_barracks, a_forward_castle), MANY_RULES(DEFRULE(c_many_ram, a_dynamic_civ_scout_cap(20)), MANY_RULES(DEFRULE(c_some_infantry, a_build_house), MANY_RULES(DEFRULE(c_few_skirm, a_train_vill), MANY_RULES(DEFRULE(c_few_skirm, a_res_farm_2), MANY_RULES(DEFRULE(c_few_barracks, a_res_loom), MANY_RULES(DEFRULE(AND(c_few_skirm, c_enemy_has_many_pike), a_res_loom), MANY_RULES(DEFRULE(c_few_barracks, a_res_loom), MANY_RULES(DEFRULE(c_few_barracks, a_res_loom), MANY_RULES(DEFRULE(c_no_house, a_dynamic_civ_scout_cap(168)), MANY_RULES(DEFRULE(c_few_barracks, a_res_loom), MANY_RULES(DEFRULE(c_no_house, a_dynamic_atk_percent(i_val(168))), MANY_RULES(DEFRULE(c_few_skirm, a_build_barracks), MANY_RULES(DEFRULE(c_few_barracks, a_res_loom), MANY_RULES(DEFRULE(c_few_skirm, a_build_lumber_camp), MANY_RULES(DEFRULE(c_few_skirm, a_res_loom), MANY_RULES(DEFRULE(AND(c_some_ram, c_few_skirm), a_res_loom), MANY_RULES(DEFRULE(c_few_barracks, a_res_loom), MANY_RULES(DEFRULE(c_few_skirm, a_res_farm_2), MANY_RULES(DEFRULE(c_few_skirm, a_build_barracks), MANY_RULES(DEFRULE(c_few_barracks, a_res_loom), MANY_RULES(DEFRULE(c_some_ram, a_build_house), MANY_RULES(DEFRULE(AND(c_some_ram, c_few_skirm), a_res_loom), MANY_RULES(DEFRULE(c_few_barracks, a_res_loom), MANY_RULES(DEFRULE(c_few_skirm, a_dynamic_civ_scout_cap(168)), MANY_RULES(DEFRULE(AND(c_some_ram, c_many_ram), a_res_loom), MANY_RULES(DEFRULE(c_no_house, a_dynamic_atk_percent(i_val(20))), MANY_RULES(DEFRULE(AND(c_few_skirm, c_enemy_has_many_pike), a_res_farm_2), MANY_RULES(DEFRULE(c_few_barracks, a_forward_castle), MANY_RULES(DEFRULE(c_many_ram, a_dynamic_civ_scout_cap(20)), MANY_RULES(DEFRULE(c_some_infantry, a_build_house), MANY_RULES(DEFRULE(c_far_gold, a_train_vill), MANY_RULES(DEFRULE(AND(c_many_archer, AND(c_no_blacksmith, c_no_monastery)), a_res_farm_2), MANY_RULES(DEFRULE(c_few_skirm, a_res_farm_2), MANY_RULES(DEFRULE(c_few_barracks, a_res_loom), MANY_RULES(DEFRULE(c_few_skirm, a_dynamic_civ_scout_cap(i_val(62))), MANY_RULES(DEFRULE(c_no_house, a_dynamic_atk_percent(i_val(i_val(62)))), MANY_RULES(DEFRULE(c_few_skirm, a_build_barracks), MANY_RULES(DEFRULE(c_few_barracks, a_res_loom), MANY_RULES(DEFRULE(c_some_ram, a_build_house), MANY_RULES(DEFRULE(AND(c_some_ram, c_few_skirm), a_res_loom), TWO_RULES(DEFRULE(c_few_barracks, a_town_size_20), DEFRULE(c_low_wood, a_train_vill)))))))))))))))))))))))))))))))))))))))))))))))))))))))))))))))))"
160,18,188.708,"MANY_RULES(DEFRULE(AND(c_no_lumber_camp, c_can_res_chain_mail), a_dynamic_group_size(i_val(12))), MANY_RULES(DEFRULE(c_few_skirm, a_build_house), MANY_RULES(DEFRULE(c_enemy_has_many_pike, a_build_town_center), MANY_RULES(DEFRULE(AND(AND(c_can_build_town_center, c_few_siege_workshop), c_enemy_has_many_pike), a_res_loom), MANY_RULES(DEFRULE(c_few_skirm, a_build_barracks), MANY_RULES(DEFRULE(c_few_barracks, a_dynamic_civ_scout_cap(168)), MANY_RULES(DEFRULE(c_some_ram, a_dynamic_civ_scout_cap(20)), MANY_RULES(DEFRULE(c_few_skirm, a_res_loom), MANY_RULES(DEFRULE(c_few_skirm, a_train_vill), MANY_RULES(DEFRULE(c_few_skirm, a_res_loom), MANY_RULES(DEFRULE(c_few_skirm, a_build_house), MANY_RULES(DEFRULE(c_few_skirm, a_dynamic_civ_scout_cap(12)), MANY_RULES(DEFRULE(AND(c_many_archer, c_few_watch_tower), a_res_loom), MANY_RULES(DEFRULE(c_few_skirm, a_res_loom), MANY_RULES(DEFRULE(AND(c_can_res_stone_2, c_few_skirm), a_res_loom), TWO_RULES(DEFRULE(c_few_barracks, a_build_lumber_camp), DEFRULE(c_has_monk, a_train_vill)))))))))))))))))"
160,11,184.61599999999999,"MANY_RULES(DEFRULE(AND(c_no_lumber_camp, c_can_res_chain_mail), a_dynamic_group_size(168)), MANY_RULES(t_empty_rule, MANY_RULES(DEFRULE(c_far_gold, a_train_vill), MANY_RULES(DEFRULE(c_few_skirm, a_res_loom), MANY_RULES(DEFRULE(AND(c_few_skirm, c_enemy_has_many_pike), a_dynamic_civ_scout_cap(12)), MANY_RULES(DEFRULE(c_few_skirm, a_res_loom), MANY_RULES(DEFRULE(c_few_skirm, a_train_vill), MANY_RULES(DEFRULE(c_few_skirm, a_res_loom), MANY_RULES(DEFRULE(c_few_skirm, a_res_farm_2), MANY_RULES(DEFRULE(c_few_barracks, a_forward_castle), MANY_RULES(DEFRULE(c_few_skirm, a_dynamic_civ_scout_cap(20)), MANY_RULES(DEFRULE(c_some_ram, a_build_house), MANY_RULES(DEFRULE(c_far_gold, a_train_vill), MANY_RULES(DEFRULE(c_few_skirm, a_res_farm_2), MANY_RULES(DEFRULE(c_few_archery_range, a_res_loom), MANY_RULES(DEFRULE(c_few_skirm, a_dynamic_civ_scout_cap(12)), MANY_RULES(DEFRULE(AND(c_some_ram, c_few_skirm), a_res_loom), MANY_RULES(DEFRULE(c_few_watch_tower, a_train_vill), MANY_RULES(DEFRULE(c_few_skirm, a_build_lumber_camp), MANY_RULES(DEFRULE(c_few_barracks, a_forward_castle), MANY_RULES(DEFRULE(c_many_ram, a_dynamic_civ_scout_cap(20)), MANY_RULES(DEFRULE(c_some_infantry, a_build_house), MANY_RULES(DEFRULE(c_few_skirm, a_build_house), MANY_RULES(DEFRULE(c_few_skirm, a_train_vill), MANY_RULES(DEFRULE(c_few_skirm, a_res_farm_2), MANY_RULES(DEFRULE(c_few_barracks, a_res_loom), MANY_RULES(DEFRULE(AND(c_few_skirm, c_enemy_has_many_pike), a_res_loom), MANY_RULES(DEFRULE(c_few_barracks, a_res_loom), MANY_RULES(DEFRULE(c_few_barracks, a_res_loom), MANY_RULES(DEFRULE(c_few_skirm, a_dynamic_civ_scout_cap(168)), MANY_RULES(DEFRULE(c_few_barracks, a_res_loom), MANY_RULES(DEFRULE(c_no_house, a_dynamic_atk_percent(i_val(168))), MANY_RULES(DEFRULE(c_few_skirm, a_build_barracks), MANY_RULES(DEFRULE(c_few_barracks, a_res_loom), MANY_RULES(DEFRULE(c_few_skirm, a_build_lumber_camp), MANY_RULES(DEFRULE(c_few_skirm, a_train_vill), MANY_RULES(DEFRULE(AND(c_some_ram, c_few_skirm), a_res_loom), MANY_RULES(DEFRULE(c_few_barracks, a_dynamic_atk_percent(3)), MANY_RULES(DEFRULE(c_few_skirm, a_res_farm_2), MANY_RULES(DEFRULE(c_few_skirm, a_build_barracks), MANY_RULES(DEFRULE(c_few_barracks, a_res_bracer), MANY_RULES(DEFRULE(c_some_ram, a_build_house), MANY_RULES(DEFRULE(AND(c_some_ram, c_few_skirm), a_res_loom), TWO_RULES(DEFRULE(c_few_barracks, a_build_lumber_camp), DEFRULE(c_low_wood, a_train_vill)))))))))))))))))))))))))))))))))))))))))))))"
160,78,184.4656,"MANY_RULES(DEFRULE(AND(c_no_lumber_camp, c_can_res_chain_mail), a_dynamic_group_size(20)), MANY_RULES(DEFRULE(c_few_skirm, a_build_house), MANY_RULES(DEFRULE(c_enemy_has_many_pike, a_dynamic_camp_dist(20)), MANY_RULES(DEFRULE(c_few_skirm, a_res_loom), MANY_RULES(DEFRULE(c_no_house, a_dynamic_civ_scout_cap(168)), MANY_RULES(DEFRULE(c_few_barracks, a_res_loom), MANY_RULES(DEFRULE(c_no_house, a_dynamic_atk_percent(i_val(168))), MANY_RULES(DEFRULE(c_few_skirm, a_build_barracks), MANY_RULES(DEFRULE(c_few_barracks, a_res_loom), MANY_RULES(DEFRULE(c_few_skirm, a_build_lumber_camp), MANY_RULES(DEFRULE(c_few_skirm, a_train_vill), MANY_RULES(DEFRULE(AND(c_few_watch_tower, c_few_skirm), a_res_loom), MANY_RULES(DEFRULE(c_few_barracks, a_res_loom), MANY_RULES(DEFRULE(c_few_skirm, a_res_farm_2), MANY_RULES(DEFRULE(c_few_skirm, a_build_barracks), MANY_RULES(DEFRULE(c_few_barracks, a_res_loom), MANY_RULES(DEFRULE(c_few_barracks, a_forward_castle), MANY_RULES(DEFRULE(c_few_archery_range, a_res_loom), MANY_RULES(DEFRULE(c_few_skirm, a_dynamic_civ_scout_cap(12)), MANY_RULES(DEFRULE(AND(c_some_ram, c_few_skirm), a_res_loom), MANY_RULES(DEFRULE(c_few_watch_tower, a_train_vill), MANY_RULES(DEFRULE(AND(c_few_skirm, c_enemy_has_many_pike), a_res_farm_2), MANY_RULES(DEFRULE(c_few_barracks, a_forward_castle), MANY_RULES(DEFRULE(c_few_skirm, a_dynamic_civ_scout_cap(20)), MANY_RULES(DEFRULE(c_some_infantry, a_build_house), MANY_RULES(DEFRULE(c_few_skirm, a_train_vill), MANY_RULES(DEFRULE(c_few_skirm, a_res_farm_2), MANY_RULES(DEFRULE(c_few_barracks, a_res_loom), MANY_RULES(DEFRULE(c_enemy_has_many_pike, a_res_loom), MANY_RULES(DEFRULE(c_few_barracks, a_res_loom), MANY_RULES(DEFRULE(c_few_barracks, a_res_loom), MANY_RULES(DEFRULE(c_no_house, a_dynamic_civ_scout_cap(168)), MANY_RULES(DEFRULE(c_few_barracks, a_res_loom), MANY_RULES(DEFRULE(c_no_house, a_dynamic_atk_percent(i_val(168))), MANY_RULES(DEFRULE(c_few_skirm, a_build_barracks), MANY_RULES(DEFRULE(c_few_barracks, a_res_loom), MANY_RULES(DEFRULE(c_few_skirm, a_build_lumber_camp), MANY_RULES(DEFRULE(c_few_skirm, a_res_loom), MANY_RULES(DEFRULE(AND(c_some_ram, c_few_skirm), a_res_loom), MANY_RULES(DEFRULE(c_few_barracks, a_res_loom), MANY_RULES(DEFRULE(c_few_skirm, a_res_farm_2), MANY_RULES(DEFRULE(c_few_skirm, a_build_barracks), MANY_RULES(DEFRULE(c_few_barracks, a_res_loom), MANY_RULES(DEFRULE(c_some_ram, a_build_house), MANY_RULES(DEFRULE(AND(c_some_ram, c_few_skirm), a_res_loom), TWO_RULES(DEFRULE(c_few_barracks, a_build_lumber_camp), DEFRULE(c_low_wood, a_train_vill)))))))))))))))))))))))))))))))))))))))))))))))"
160,49,183.5592,"MANY_RULES(DEFRULE(AND(c_no_lumber_camp, c_can_res_chain_mail), a_dynamic_group_size(20)), MANY_RULES(DEFRULE(c_few_mill, a_build_house), MANY_RULES(DEFRULE(c_enemy_has_many_pike, a_dynamic_camp_dist(20)), MANY_RULES(DEFRULE(AND(c_few_skirm, c_enemy_has_many_pike), a_res_loom), MANY_RULES(DEFRULE(c_few_barracks, a_res_loom), MANY_RULES(DEFRULE(AND(c_some_ram, c_many_ram), a_res_loom), MANY_RULES(DEFRULE(c_no_house, a_dynamic_civ_scout_cap(168)), MANY_RULES(DEFRULE(c_few_barracks, a_res_loom), MANY_RULES(DEFRULE(c_no_house, a_dynamic_atk_percent(i_val(62))), MANY_RULES(DEFRULE(c_few_skirm, a_build_barracks), MANY_RULES(DEFRULE(c_few_barracks, a_res_loom), MANY_RULES(DEFRULE(c_few_skirm, a_build_lumber_camp), MANY_RULES(DEFRULE(c_few_barracks, a_res_loom), MANY_RULES(t_empty_rule, MANY_RULES(DEFRULE(c_far_gold, a_train_vill), MANY_RULES(DEFRULE(c_few_skirm, a_res_loom), MANY_RULES(DEFRULE(AND(c_few_skirm, c_enemy_has_many_pike), a_dynamic_civ_scout_cap(12)), MANY_RULES(DEFRULE(c_few_mill, a_build_house), MANY_RULES(DEFRULE(c_few_skirm, a_train_vill), MANY_RULES(DEFRULE(c_few_skirm, a_res_loom), MANY_RULES(DEFRULE(c_few_skirm, a_res_farm_2), MANY_RULES(DEFRULE(c_can_buy_food, a_forward_castle), MANY_RULES(DEFRULE(c_many_ram, a_dynamic_civ_scout_cap(168)), MANY_RULES(DEFRULE(c_few_mill, a_dynamic_civ_scout_cap(12)), MANY_RULES(DEFRULE(c_far_gold, a_train_vill), MANY_RULES(DEFRULE(c_few_skirm, a_train_vill), MANY_RULES(DEFRULE(c_few_skirm, a_res_farm_2), MANY_RULES(DEFRULE(c_few_barracks, a_res_loom), MANY_RULES(DEFRULE(c_few_skirm, a_dynamic_civ_scout_cap(168)), MANY_RULES(DEFRULE(c_few_skirm, a_dynamic_civ_scout_cap(168)), MANY_RULES(DEFRULE(c_no_house, a_dynamic_atk_percent(i_val(3))), MANY_RULES(DEFRULE(c_few_barracks, a_forward_castle), MANY_RULES(DEFRULE(c_many_ram, a_dynamic_civ_scout_cap(20)), MANY_RULES(DEFRULE(c_some_infantry, a_build_house), MANY_RULES(DEFRULE(c_far_gold, a_train_vill), MANY_RULES(DEFRULE(c_few_skirm, a_train_vill), MANY_RULES(DEFRULE(c_few_skirm, a_res_farm_2), MANY_RULES(DEFRULE(c_few_barracks, a_res_loom), MANY_RULES(DEFRULE(c_few_skirm, a_dynamic_civ_scout_cap(i_val(62))), MANY_RULES(DEFRULE(c_no_house, a_dynamic_atk_percent(i_val(62))), MANY_RULES(t_empty_rule, MANY_RULES(DEFRULE(c_few_barracks, a_res_loom), MANY_RULES(DEFRULE(c_some_ram, a_build_house), MANY_RULES(DEFRULE(AND(c_some_ram, c_few_skirm), a_res_loom), TWO_RULES(DEFRULE(c_few_barracks, a_town_size_20), DEFRULE(c_low_wood, a_train_vill))))))))))))))))))))))))))))))))))))))))))))))"
160,55,176.2792,"MANY_RULES(DEFRULE(AND(c_can_build_university, c_can_res_gold_1), a_dynamic_group_size(14)), MANY_RULES(t_empty_rule, MANY_RULES(DEFRULE(c_no_house, a_res_loom), MANY_RULES(DEFRULE(c_few_barracks, a_res_loom), MANY_RULES(DEFRULE(c_no_house, a_dynamic_atk_percent(i_val(62))), MANY_RULES(DEFRULE(c_few_skirm, a_build_barracks), MANY_RULES(DEFRULE(c_few_barracks, a_res_loom), MANY_RULES(DEFRULE(c_few_skirm, a_build_lumber_camp), MANY_RULES(DEFRULE(c_few_skirm, a_train_vill), MANY_RULES(DEFRULE(AND(c_some_ram, c_few_skirm), a_build_house), MANY_RULES(DEFRULE(c_few_barracks, a_res_loom), MANY_RULES(DEFRULE(c_few_skirm, a_res_farm_2), MANY_RULES(DEFRULE(c_few_barracks, a_forward_castle), MANY_RULES(DEFRULE(c_many_ram, a_dynamic_civ_scout_cap(20)), MANY_RULES(DEFRULE(c_few_barracks, a_forward_castle), MANY_RULES(DEFRULE(c_many_ram, a_dynamic_civ_scout_cap(20)), MANY_RULES(DEFRULE(c_some_ram, a_build_house), MANY_RULES(DEFRULE(c_no_house, a_dynamic_civ_scout_cap(168)), MANY_RULES(DEFRULE(c_few_barracks, a_res_loom), MANY_RULES(DEFRULE(c_no_house, a_dynamic_atk_percent(i_val(62))), MANY_RULES(DEFRULE(c_few_skirm, a_train_vill), MANY_RULES(DEFRULE(c_few_skirm, a_build_barracks), MANY_RULES(DEFRULE(c_few_skirm, a_dynamic_civ_scout_cap(168)), MANY_RULES(DEFRULE(c_few_skirm, a_res_loom), MANY_RULES(DEFRULE(c_no_house, a_dynamic_civ_scout_cap(168)), MANY_RULES(DEFRULE(c_few_barracks, a_train_vill), MANY_RULES(DEFRULE(c_no_house, a_dynamic_atk_percent(20)), MANY_RULES(DEFRULE(AND(c_mil_pop_10, c_no_archery_range), a_dynamic_civ_scout_cap(62)), MANY_RULES(DEFRULE(c_few_skirm, a_train_vill), MANY_RULES(DEFRULE(c_few_skirm, a_res_farm_2), MANY_RULES(DEFRULE(AND(c_many_archer, c_few_watch_tower), a_res_loom), MANY_RULES(DEFRULE(c_few_skirm, a_dynamic_civ_scout_cap(168)), MANY_RULES(DEFRULE(c_no_house, a_dynamic_atk_percent(i_val(3))), MANY_RULES(DEFRULE(c_no_house, a_dynamic_atk_percent(i_val(62))), MANY_RULES(DEFRULE(c_few_skirm, a_build_barracks), MANY_RULES(DEFRULE(c_few_barracks, a_res_loom), MANY_RULES(DEFRULE(c_can_res_blast, a_go_feudal_age), MANY_RULES(t_empty_rule, t_empty_list))))))))))))))))))))))))))))))))))))))"
160,40,170.7984,"MANY_RULES(DEFRULE(AND(c_no_lumber_camp, c_can_res_chain_mail), a_dynamic_group_size(20)), MANY_RULES(DEFRULE(c_few_mill, a_build_house), MANY_RULES(DEFRULE(c_enemy_has_many_pike, a_dynamic_camp_dist(20)), MANY_RULES(DEFRULE(AND(c_few_skirm, c_enemy_has_many_pike), a_res_loom), MANY_RULES(DEFRULE(c_few_barracks, a_res_loom), MANY_RULES(DEFRULE(AND(c_some_ram, c_many_ram), a_res_loom), MANY_RULES(DEFRULE(c_no_house, a_dynamic_civ_scout_cap(168)), MANY_RULES(DEFRULE(c_few_barracks, a_res_loom), MANY_RULES(DEFRULE(c_no_house, a_dynamic_atk_percent(i_val(62))), MANY_RULES(DEFRULE(c_few_skirm, a_build_barracks), MANY_RULES(DEFRULE(c_few_barracks, a_res_loom), MANY_RULES(DEFRULE(c_few_skirm, a_build_lumber_camp), MANY_RULES(DEFRULE(c_few_barracks, a_res_loom), MANY_RULES(t_empty_rule, MANY_RULES(DEFRULE(c_far_gold, a_train_vill), MANY_RULES(DEFRULE(c_few_skirm, a_res_loom), MANY_RULES(DEFRULE(AND(c_few_skirm, c_enemy_has_many_pike), a_res_farm_2), MANY_RULES(DEFRULE(c_few_mill, a_build_house), MANY_RULES(DEFRULE(c_few_skirm, a_train_vill), MANY_RULES(DEFRULE(c_few_skirm, a_res_loom), MANY_RULES(DEFRULE(c_few_skirm, a_res_farm_2), MANY_RULES(DEFRULE(c_can_buy_food, a_forward_castle), MANY_RULES(DEFRULE(c_many_ram, a_dynamic_civ_scout_cap(168)), MANY_RULES(DEFRULE(c_few_mill, a_dynamic_civ_scout_cap(12)), MANY_RULES(DEFRULE(c_far_gold, a_train_vill), MANY_RULES(DEFRULE(c_few_skirm, a_train_vill), MANY_RULES(DEFRULE(c_few_skirm, a_res_farm_2), MANY_RULES(DEFRULE(c_few_barracks, a_res_loom), MANY_RULES(DEFRULE(c_few_skirm, a_dynamic_civ_scout_cap(168)), MANY_RULES(DEFRULE(AND(c_some_ram, c_few_skirm), a_res_loom), MANY_RULES(DEFRULE(c_no_house, a_dynamic_atk_percent(i_val(3))), MANY_RULES(DEFRULE(c_few_barracks, a_forward_castle), MANY_RULES(DEFRULE(c_many_ram, a_dynamic_civ_scout_cap(20)), MANY_RULES(DEFRULE(c_some_infantry, a_build_house), MANY_RULES(DEFRULE(c_far_gold, a_train_vill), MANY_RULES(DEFRULE(c_few_skirm, a_train_vill), MANY_RULES(DEFRULE(c_few_skirm, a_res_farm_2), MANY_RULES(DEFRULE(c_few_barracks, a_res_loom), MANY_RULES(DEFRULE(c_few_skirm, a_dynamic_civ_scout_cap(i_val(62))), MANY_RULES(DEFRULE(c_no_house, a_dynamic_atk_percent(i_val(62))), MANY_RULES(t_empty_rule, MANY_RULES(DEFRULE(c_few_barracks, a_res_loom), MANY_RULES(DEFRULE(c_some_ram, a_build_house), MANY_RULES(DEFRULE(AND(c_some_ram, c_few_skirm), a_res_loom), TWO_RULES(DEFRULE(c_few_barracks, a_town_size_20), DEFRULE(c_low_wood, a_train_vill))))))))))))))))))))))))))))))))))))))))))))))"
161,20,588.9104,"MANY_RULES(DEFRULE(AND(c_no_lumber_camp, c_can_res_chain_mail), a_dynamic_group_size(i_val(62))), MANY_RULES(DEFRULE(c_few_skirm, a_build_house), MANY_RULES(DEFRULE(c_enemy_has_many_pike, a_res_loom), MANY_RULES(DEFRULE(AND(AND(c_can_build_town_center, c_few_siege_workshop), c_enemy_has_many_pike), a_res_loom), MANY_RULES(DEFRULE(c_few_skirm, a_build_barracks), MANY_RULES(DEFRULE(c_few_barracks, a_dynamic_civ_scout_cap(168)), MANY_RULES(DEFRULE(c_some_ram, a_dynamic_civ_scout_cap(20)), MANY_RULES(DEFRULE(c_few_skirm, a_res_loom), MANY_RULES(DEFRULE(c_few_skirm, a_train_vill), MANY_RULES(DEFRULE(c_few_skirm, a_res_loom), MANY_RULES(DEFRULE(c_few_skirm, a_res_loom), MANY_RULES(DEFRULE(c_few_skirm, a_forward_castle), MANY_RULES(DEFRULE(AND(c_many_archer, c_few_watch_tower), a_res_loom), MANY_RULES(DEFRULE(c_few_skirm, a_dynamic_civ_scout_cap(i_val(62))), MANY_RULES(DEFRULE(AND(c_few_skirm, c_can_res_gold_2), a_dynamic_civ_scout_cap(168)), MANY_RULES(DEFRULE(c_few_mill, a_build_house), MANY_RULES(DEFRULE(c_enemy_has_many_pike, a_dynamic_camp_dist(20)), MANY_RULES(DEFRULE(AND(c_few_skirm, c_enemy_has_many_pike), a_res_loom), MANY_RULES(DEFRULE(c_few_barracks, a_res_loom), MANY_RULES(DEFRULE(AND(c_some_ram, c_can_res_farm_3), a_res_loom), MANY_RULES(DEFRULE(c_no_house, a_dynamic_civ_scout_cap(168)), MANY_RULES(DEFRULE(c_few_barracks, a_train_vill), MANY_RULES(DEFRULE(c_no_house, a_dynamic_atk_percent(20)), MANY_RULES(DEFRULE(c_few_skirm, a_build_barracks), MANY_RULES(DEFRULE(c_few_barracks, a_res_loom), MANY_RULES(DEFRULE(c_few_skirm, a_build_lumber_camp), MANY_RULES(DEFRULE(c_few_skirm, a_train_vill), MANY_RULES(DEFRULE(AND(AND(c_few_skirm, c_enemy_has_many_pike), c_few_skirm), a_res_loom), MANY_RULES(DEFRULE(c_few_barracks, a_res_loom), MANY_RULES(DEFRULE(c_few_skirm, a_res_farm_2), MANY_RULES(DEFRULE(c_few_barracks, a_forward_castle), MANY_RULES(DEFRULE(c_many_ram, a_dynamic_civ_scout_cap(20)), MANY_RULES(DEFRULE(c_some_ram, a_build_house), MANY_RULES(DEFRULE(AND(AND(c_no_mining_camp, c_far_gold), AND(c_few_treb, c_far_gold)), a_train_vill), MANY_RULES(DEFRULE(c_few_skirm, a_train_vill), MANY_RULES(DEFRULE(c_few_skirm, a_res_farm_2), MANY_RULES(DEFRULE(c_is_feudal_age, a_train_monk), MANY_RULES(t_empty_rule, t_empty_list))))))))))))))))))))))))))))))))))))))"
161,0,572.1688,"MANY_RULES(DEFRULE(AND(c_can_build_university, c_can_res_gold_1), a_dynamic_group_size(14)), MANY_RULES(t_empty_rule, MANY_RULES(DEFRULE(c_no_house, a_res_loom), MANY_RULES(DEFRULE(c_few_barracks, a_res_loom), MANY_RULES(DEFRULE(c_no_house, a_dynamic_atk_percent(i_val(62))), MANY_RULES(DEFRULE(c_few_skirm, a_build_barracks), MANY_RULES(DEFRULE(c_few_barracks, a_res_loom), MANY_RULES(DEFRULE(c_few_skirm, a_build_lumber_camp), MANY_RULES(DEFRULE(c_few_skirm, a_train_vill), MANY_RULES(DEFRULE(AND(c_some_ram, c_few_skirm), a_build_house), MANY_RULES(DEFRULE(c_few_barracks, a_res_loom), MANY_RULES(DEFRULE(c_few_skirm, a_res_farm_2), MANY_RULES(DEFRULE(c_few_barracks, a_forward_castle), MANY_RULES(DEFRULE(c_many_ram, a_dynamic_civ_scout_cap(20)), MANY_RULES(DEFRULE(c_few_barracks, a_forward_castle), MANY_RULES(DEFRULE(c_many_ram, a_dynamic_civ_scout_cap(20)), MANY_RULES(DEFRULE(c_some_ram, a_build_house), MANY_RULES(DEFRULE(c_no_house, a_dynamic_civ_scout_cap(168)), MANY_RULES(DEFRULE(c_no_house, a_dynamic_atk_percent(i_val(62))), MANY_RULES(DEFRULE(c_few_skirm, a_train_vill), MANY_RULES(DEFRULE(c_few_skirm, a_build_barracks), MANY_RULES(DEFRULE(c_few_skirm, a_dynamic_civ_scout_cap(168)), MANY_RULES(DEFRULE(AND(c_many_archer, c_few_watch_tower), a_res_loom), MANY_RULES(DEFRULE(c_few_skirm, a_res_loom), MANY_RULES(DEFRULE(c_no_house, a_dynamic_civ_scout_cap(168)), MANY_RULES(DEFRULE(c_few_barracks, a_train_vill), MANY_RULES(DEFRULE(c_no_house, a_dynamic_atk_percent(20)), MANY_RULES(DEFRULE(AND(c_mil_pop_10, c_no_archery_range), a_dynamic_civ_scout_cap(62)), MANY_RULES(DEFRULE(c_few_skirm, a_train_vill), MANY_RULES(DEFRULE(c_few_skirm, a_res_farm_2), MANY_RULES(DEFRULE(AND(c_many_archer, c_few_watch_tower), a_res_loom), MANY_RULES(DEFRULE(c_few_skirm, a_dynamic_civ_scout_cap(168)), MANY_RULES(DEFRULE(c_few_barracks, a_forward_castle), MANY_RULES(DEFRULE(c_no_house, a_dynamic_atk_percent(i_val(62))), MANY_RULES(DEFRULE(c_few_skirm, a_build_barracks), MANY_RULES(DEFRULE(c_few_barracks, a_res_loom), MANY_RULES(DEFRULE(c_can_res_blast, a_go_feudal_age), MANY_RULES(t_empty_rule, t_empty_list))))))))))))))))))))))))))))))))))))))"
161,2,556.036,"MANY_RULES(DEFRULE(AND(c_no_lumber_camp, c_can_res_chain_mail), a_dynamic_group_size(20)), MANY_RULES(DEFRULE(c_few_skirm, a_build_house), MANY_RULES(DEFRULE(c_enemy_has_many_pike, a_dynamic_camp_dist(20)), MANY_RULES(DEFRULE(c_few_barracks, a_res_loom), MANY_RULES(DEFRULE(c_no_house, a_dynamic_civ_scout_cap(168)), MANY_RULES(DEFRULE(c_few_barracks, a_res_loom), MANY_RULES(DEFRULE(c_no_house, a_dynamic_atk_percent(i_val(168))), MANY_RULES(DEFRULE(c_few_skirm, a_build_barracks), MANY_RULES(DEFRULE(c_few_barracks, a_res_loom), MANY_RULES(DEFRULE(c_few_skirm, a_build_lumber_camp), MANY_RULES(DEFRULE(c_few_skirm, a_train_vill), MANY_RULES(DEFRULE(AND(c_few_watch_tower, c_few_skirm), a_res_loom), MANY_RULES(DEFRULE(c_few_barracks, a_res_loom), MANY_RULES(DEFRULE(c_few_skirm, a_res_farm_2), MANY_RULES(DEFRULE(c_few_skirm, a_build_barracks), MANY_RULES(DEFRULE(c_few_barracks, a_dynamic_civ_scout_cap(168)), MANY_RULES(DEFRULE(c_few_barracks, a_forward_castle), MANY_RULES(DEFRULE(c_few_archery_range, a_res_loom), MANY_RULES(DEFRULE(c_few_skirm, a_dynamic_civ_scout_cap(12)), MANY_RULES(DEFRULE(AND(c_some_ram, c_few_skirm), a_res_loom), MANY_RULES(DEFRULE(c_few_watch_tower, a_train_vill), MANY_RULES(DEFRULE(AND(c_few_skirm, c_enemy_has_many_pike), a_res_farm_2), MANY_RULES(DEFRULE(c_few_barracks, a_forward_castle), MANY_RULES(DEFRULE(c_many_ram, a_dynamic_civ_scout_cap(20)), MANY_RULES(DEFRULE(c_some_infantry, a_build_house), MANY_RULES(DEFRULE(c_few_skirm, a_train_vill), MANY_RULES(DEFRULE(c_few_skirm, a_res_farm_2), MANY_RULES(DEFRULE(c_few_barracks, a_res_loom), MANY_RULES(DEFRULE(AND(c_few_skirm, c_enemy_has_many_pike), a_res_loom), MANY_RULES(DEFRULE(c_few_barracks, a_res_loom), MANY_RULES(DEFRULE(c_few_barracks, a_res_loom), MANY_RULES(DEFRULE(c_no_house, a_dynamic_civ_scout_cap(168)), MANY_RULES(DEFRULE(c_few_barracks, a_res_loom), MANY_RULES(DEFRULE(c_no_house, a_dynamic_atk_percent(i_val(168))), MANY_RULES(DEFRULE(c_few_skirm, a_build_barracks), MANY_RULES(DEFRULE(c_few_barracks, a_res_loom), MANY_RULES(DEFRULE(c_few_skirm, a_build_lumber_camp), MANY_RULES(DEFRULE(c_few_skirm, a_res_loom), MANY_RULES(DEFRULE(AND(c_some_ram, c_few_skirm), a_res_loom), MANY_RULES(DEFRULE(c_few_barracks, a_res_loom), MANY_RULES(DEFRULE(c_few_skirm, a_res_farm_2), MANY_RULES(DEFRULE(c_few_skirm, a_build_barracks), MANY_RULES(DEFRULE(c_few_barracks, a_res_loom), MANY_RULES(DEFRULE(c_some_ram, a_build_house), MANY_RULES(DEFRULE(AND(c_some_ram, c_few_skirm), a_res_loom), MANY_RULES(DEFRULE(c_few_barracks, a_res_loom), MANY_RULES(DEFRULE(c_few_skirm, a_dynamic_civ_scout_cap(168)), MANY_RULES(DEFRULE(AND(c_some_ram, c_many_ram), a_res_loom), MANY_RULES(DEFRULE(c_no_house, a_dynamic_atk_percent(i_val(3))), MANY_RULES(DEFRULE(AND(c_few_skirm, c_enemy_has_many_pike), a_res_farm_2), MANY_RULES(DEFRULE(c_few_barracks, a_forward_castle), MANY_RULES(DEFRULE(c_many_ram, a_dynamic_civ_scout_cap(20)), MANY_RULES(DEFRULE(c_some_infantry, a_build_house), MANY_RULES(DEFRULE(c_far_gold, a_train_vill), MANY_RULES(DEFRULE(AND(c_many_archer, AND(c_no_blacksmith, c_no_monastery)), a_res_farm_2), MANY_RULES(DEFRULE(c_few_skirm, a_res_farm_2), MANY_RULES(DEFRULE(c_few_barracks, a_res_loom), MANY_RULES(DEFRULE(c_few_skirm, a_dynamic_civ_scout_cap(i_val(62))), MANY_RULES(DEFRULE(c_no_house, a_dynamic_atk_percent(i_val(i_val(62)))), MANY_RULES(DEFRULE(c_few_skirm, a_build_barracks), MANY_RULES(DEFRULE(c_few_barracks, a_res_loom), MANY_RULES(DEFRULE(c_some_ram, a_build_house), MANY_RULES(DEFRULE(AND(c_some_ram, c_few_skirm), a_res_loom), TWO_RULES(DEFRULE(c_few_barracks, a_town_size_20), DEFRULE(c_low_wood, a_train_vill)))))))))))))))))))))))))))))))))))))))))))))))))))))))))))))))))"
161,39,543.6096,"MANY_RULES(DEFRULE(AND(c_can_build_university, c_can_res_gold_1), a_dynamic_group_size(14)), MANY_RULES(t_empty_rule, MANY_RULES(DEFRULE(c_no_house, a_res_loom), MANY_RULES(DEFRULE(c_few_barracks, a_res_loom), MANY_RULES(DEFRULE(c_no_house, a_dynamic_atk_percent(i_val(62))), MANY_RULES(DEFRULE(c_few_skirm, a_build_barracks), MANY_RULES(DEFRULE(c_few_barracks, a_res_loom), MANY_RULES(DEFRULE(c_few_skirm, a_build_lumber_camp), MANY_RULES(DEFRULE(c_few_skirm, a_train_vill), MANY_RULES(DEFRULE(AND(c_some_ram, c_few_skirm), a_build_house), MANY_RULES(DEFRULE(c_few_barracks, a_res_loom), MANY_RULES(DEFRULE(c_few_skirm, a_res_farm_2), MANY_RULES(DEFRULE(c_few_barracks, a_forward_castle), MANY_RULES(DEFRULE(c_many_ram, a_dynamic_civ_scout_cap(20)), MANY_RULES(DEFRULE(c_few_barracks, a_forward_castle), MANY_RULES(DEFRULE(c_many_ram, a_dynamic_civ_scout_cap(168)), MANY_RULES(DEFRULE(c_no_house, a_build_house), MANY_RULES(DEFRULE(c_no_house, a_dynamic_civ_scout_cap(168)), MANY_RULES(DEFRULE(c_no_house, a_dynamic_atk_percent(i_val(62))), MANY_RULES(DEFRULE(c_few_skirm, a_train_vill), MANY_RULES(DEFRULE(c_few_skirm, a_build_barracks), MANY_RULES(DEFRULE(c_few_skirm, a_dynamic_civ_scout_cap(168)), MANY_RULES(DEFRULE(AND(c_many_archer, c_few_watch_tower), a_res_loom), MANY_RULES(DEFRULE(c_few_skirm, a_res_loom), MANY_RULES(DEFRULE(c_no_house, a_dynamic_civ_scout_cap(168)), MANY_RULES(DEFRULE(c_few_barracks, a_train_vill), MANY_RULES(DEFRULE(c_no_house, a_dynamic_atk_percent(20)), MANY_RULES(DEFRULE(AND(c_mil_pop_10, c_no_archery_range), a_dynamic_civ_scout_cap(62)), MANY_RULES(DEFRULE(c_few_skirm, a_train_vill), MANY_RULES(DEFRULE(c_few_skirm, a_res_farm_2), MANY_RULES(DEFRULE(AND(c_many_archer, c_few_watch_tower), a_res_loom), MANY_RULES(DEFRULE(c_few_skirm, a_dynamic_civ_scout_cap(168)), MANY_RULES(DEFRULE(c_few_barracks, a_forward_castle), MANY_RULES(DEFRULE(c_no_house, a_dynamic_atk_percent(i_val(62))), MANY_RULES(DEFRULE(c_few_skirm, a_build_barracks), MANY_RULES(DEFRULE(c_few_barracks, a_res_loom), MANY_RULES(DEFRULE(c_can_res_blast, a_go_feudal_age), MANY_RULES(t_empty_rule, t_empty_list))))))))))))))))))))))))))))))))))))))"
161,4,523.328,"MANY_RULES(DEFRULE(AND(c_no_lumber_camp, c_can_res_chain_mail), a_dynamic_group_size(168)), MANY_RULES(t_empty_rule, MANY_RULES(DEFRULE(c_far_gold, a_train_vill), MANY_RULES(DEFRULE(c_few_skirm, a_res_loom), MANY_RULES(DEFRULE(AND(c_few_skirm, c_enemy_has_many_pike), a_dynamic_civ_scout_cap(12)), MANY_RULES(DEFRULE(c_few_skirm, a_res_loom), MANY_RULES(DEFRULE(c_few_skirm, a_train_vill), MANY_RULES(DEFRULE(c_few_skirm, a_res_loom), MANY_RULES(DEFRULE(c_few_skirm, a_res_farm_2), MANY_RULES(DEFRULE(c_few_barracks, a_train_vill), MANY_RULES(DEFRULE(c_many_ram, a_dynamic_civ_scout_cap(20)), MANY_RULES(DEFRULE(c_some_ram, a_build_house), MANY_RULES(DEFRULE(c_few_skirm, a_train_vill), MANY_RULES(DEFRULE(c_few_skirm, a_res_farm_2), MANY_RULES(DEFRULE(c_few_barracks, a_res_loom), MANY_RULES(DEFRULE(c_few_skirm, a_dynamic_civ_scout_cap(12)), MANY_RULES(DEFRULE(AND(c_some_ram, c_few_skirm), a_res_loom), MANY_RULES(DEFRULE(c_no_house, a_dynamic_atk_percent(i_val(3))), MANY_RULES(DEFRULE(AND(c_few_skirm, c_enemy_has_many_pike), a_res_farm_2), MANY_RULES(DEFRULE(c_few_barracks, a_forward_castle), MANY_RULES(DEFRULE(c_many_ram, a_dynamic_civ_scout_cap(20)), MANY_RULES(DEFRULE(AND(AND(c_no_mining_camp, c_far_gold), AND(c_few_treb, c_far_gold)), a_train_vill), MANY_RULES(DEFRULE(c_far_gold, a_train_vill), MANY_RULES(DEFRULE(c_few_skirm, a_train_vill), MANY_RULES(DEFRULE(c_few_skirm, a_res_farm_2), MANY_RULES(DEFRULE(c_few_barracks, a_res_loom), MANY_RULES(DEFRULE(c_few_skirm, a_dynamic_civ_scout_cap(i_val(i_val(62)))), MANY_RULES(t_empty_rule, MANY_RULES(DEFRULE(c_few_barracks, a_res_loom), MANY_RULES(DEFRULE(c_no_house, a_dynamic_atk_percent(i_val(62))), MANY_RULES(DEFRULE(c_few_skirm, a_build_barracks), MANY_RULES(DEFRULE(c_few_barracks, a_res_loom), MANY_RULES(DEFRULE(c_few_skirm, a_build_lumber_camp), MANY_RULES(DEFRULE(c_few_skirm, a_train_vill), MANY_RULES(DEFRULE(AND(c_some_ram, c_few_skirm), a_res_loom), MANY_RULES(DEFRULE(c_few_barracks, a_res_loom), MANY_RULES(DEFRULE(c_few_skirm, a_res_farm_2), MANY_RULES(DEFRULE(c_few_barracks, a_forward_castle), MANY_RULES(DEFRULE(c_many_ram, a_dynamic_civ_scout_cap(20)), MANY_RULES(DEFRULE(c_few_barracks, a_forward_castle), MANY_RULES(DEFRULE(c_many_ram, a_dynamic_camp_dist(20)), MANY_RULES(DEFRULE(c_some_ram, a_build_house), MANY_RULES(DEFRULE(c_no_house, a_dynamic_civ_scout_cap(168)), MANY_RULES(DEFRULE(c_few_barracks, a_res_loom), MANY_RULES(DEFRULE(c_no_house, a_dynamic_atk_percent(i_val(62))), MANY_RULES(DEFRULE(c_few_skirm, a_train_vill), MANY_RULES(DEFRULE(c_enemy_has_few_archer, a_build_barracks), MANY_RULES(DEFRULE(c_few_skirm, a_dynamic_civ_scout_cap(168)), MANY_RULES(DEFRULE(AND(c_many_archer, c_few_watch_tower), a_res_loom), MANY_RULES(DEFRULE(c_few_skirm, a_res_loom), MANY_RULES(DEFRULE(c_no_house, a_dynamic_civ_scout_cap(168)), MANY_RULES(DEFRULE(c_few_barracks, a_train_vill), MANY_RULES(DEFRULE(c_no_house, a_dynamic_atk_percent(20)), MANY_RULES(DEFRULE(c_some_ram, a_build_house), MANY_RULES(DEFRULE(AND(c_mil_pop_10, c_no_archery_range), a_dynamic_civ_scout_cap(62)), MANY_RULES(DEFRULE(c_few_skirm, a_train_vill), MANY_RULES(DEFRULE(c_few_skirm, a_res_farm_2), MANY_RULES(DEFRULE(AND(c_many_archer, c_few_watch_tower), a_res_loom), MANY_RULES(DEFRULE(c_few_skirm, a_dynamic_civ_scout_cap(168)), MANY_RULES(DEFRULE(c_few_barracks, a_forward_castle), MANY_RULES(DEFRULE(c_no_house, a_dynamic_atk_percent(i_val(168))), MANY_RULES(DEFRULE(c_few_skirm, a_build_barracks), MANY_RULES(DEFRULE(c_few_barracks, a_res_loom), MANY_RULES(DEFRULE(c_can_res_blast, a_go_feudal_age), MANY_RULES(t_empty_rule, t_empty_list)))))))))))))))))))))))))))))))))))))))))))))))))))))))))))))))))"
161,62,513.81,"MANY_RULES(DEFRULE(AND(c_no_lumber_camp, c_can_res_chain_mail), a_dynamic_group_size(20)), MANY_RULES(DEFRULE(c_few_mill, a_build_house), MANY_RULES(DEFRULE(c_enemy_has_many_pike, a_dynamic_camp_dist(20)), MANY_RULES(DEFRULE(AND(c_few_skirm, c_enemy_has_many_pike), a_res_loom), MANY_RULES(DEFRULE(c_few_barracks, a_res_loom), MANY_RULES(DEFRULE(AND(c_some_ram, c_many_ram), a_res_loom), MANY_RULES(DEFRULE(c_no_house, a_dynamic_civ_scout_cap(168)), MANY_RULES(DEFRULE(c_few_barracks, a_res_loom), MANY_RULES(DEFRULE(c_no_house, a_dynamic_atk_percent(12)), MANY_RULES(DEFRULE(c_few_skirm, a_build_barracks), MANY_RULES(DEFRULE(c_few_barracks, a_res_loom), MANY_RULES(DEFRULE(c_few_skirm, a_build_lumber_camp), MANY_RULES(DEFRULE(c_few_skirm, a_train_vill), MANY_RULES(DEFRULE(AND(c_some_ram, c_few_skirm), a_res_loom), MANY_RULES(DEFRULE(c_few_barracks, a_res_loom), MANY_RULES(DEFRULE(c_few_skirm, a_res_farm_2), MANY_RULES(DEFRULE(c_few_skirm, a_forward_castle), MANY_RULES(DEFRULE(c_many_ram, a_dynamic_civ_scout_cap(20)), MANY_RULES(DEFRULE(c_some_ram, a_build_house), MANY_RULES(DEFRULE(AND(AND(c_no_mining_camp, c_far_gold), AND(c_few_treb, c_far_gold)), a_train_vill), MANY_RULES(DEFRULE(c_few_skirm, a_res_farm_2), MANY_RULES(DEFRULE(AND(c_many_archer, c_no_blacksmith), a_res_loom), MANY_RULES(DEFRULE(c_few_skirm, a_dynamic_civ_scout_cap(168)), MANY_RULES(DEFRULE(c_low_stone, a_disable_scout), MANY_RULES(t_empty_rule, t_empty_list)))))))))))))))))))))))))"
161,53,503.3556,"MANY_RULES(DEFRULE(AND(c_no_lumber_camp, c_can_res_chain_mail), a_dynamic_group_size(168)), MANY_RULES(t_empty_rule, MANY_RULES(DEFRULE(c_far_gold, a_train_vill), MANY_RULES(DEFRULE(c_few_skirm, a_res_loom), MANY_RULES(DEFRULE(AND(c_few_skirm, c_enemy_has_many_pike), a_dynamic_civ_scout_cap(12)), MANY_RULES(DEFRULE(c_few_skirm, a_res_loom), MANY_RULES(DEFRULE(c_few_skirm, a_train_vill), MANY_RULES(DEFRULE(c_few_skirm, a_res_loom), MANY_RULES(DEFRULE(c_few_skirm, a_res_farm_2), MANY_RULES(DEFRULE(c_few_barracks, a_train_vill), MANY_RULES(DEFRULE(c_many_ram, a_dynamic_civ_scout_cap(20)), MANY_RULES(DEFRULE(c_some_ram, a_build_house), MANY_RULES(DEFRULE(c_few_skirm, a_train_vill), MANY_RULES(DEFRULE(c_few_skirm, a_res_farm_2), MANY_RULES(DEFRULE(c_few_barracks, a_res_loom), MANY_RULES(DEFRULE(c_few_skirm, a_dynamic_civ_scout_cap(12)), MANY_RULES(DEFRULE(AND(c_some_ram, c_few_skirm), a_res_loom), MANY_RULES(DEFRULE(c_few_barracks, a_forward_castle), MANY_RULES(DEFRULE(c_many_ram, a_dynamic_civ_scout_cap(20)), MANY_RULES(DEFRULE(c_few_barracks, a_forward_castle), MANY_RULES(DEFRULE(c_many_ram, a_dynamic_civ_scout_cap(20)), MANY_RULES(DEFRULE(c_some_ram, a_build_house), MANY_RULES(DEFRULE(c_no_house, a_dynamic_civ_scout_cap(168)), MANY_RULES(DEFRULE(c_no_house, a_dynamic_atk_percent(i_val(62))), MANY_RULES(DEFRULE(c_few_skirm, a_train_vill), MANY_RULES(DEFRULE(c_few_skirm, a_build_barracks), MANY_RULES(DEFRULE(c_few_skirm, a_dynamic_civ_scout_cap(168)), MANY_RULES(DEFRULE(AND(c_many_archer, c_few_watch_tower), a_res_loom), MANY_RULES(DEFRULE(c_few_skirm, a_res_loom), MANY_RULES(DEFRULE(c_no_house, a_dynamic_civ_scout_cap(168)), MANY_RULES(DEFRULE(c_few_barracks, a_train_vill), MANY_RULES(DEFRULE(c_no_house, a_dynamic_atk_percent(20)), MANY_RULES(DEFRULE(AND(c_mil_pop_10, c_no_archery_range), a_dynamic_civ_scout_cap(62)), MANY_RULES(DEFRULE(c_few_skirm, a_train_vill), MANY_RULES(DEFRULE(c_few_barracks, a_train_vill), MANY_RULES(DEFRULE(c_no_house, a_dynamic_atk_percent(20)), MANY_RULES(DEFRULE(AND(c_mil_pop_10, c_no_archery_range), a_dynamic_civ_scout_cap(62)), MANY_RULES(DEFRULE(c_few_skirm, a_train_vill), MANY_RULES(DEFRULE(c_few_skirm, a_res_farm_2), MANY_RULES(DEFRULE(AND(c_many_archer, c_few_watch_tower), a_res_loom), MANY_RULES(DEFRULE(c_few_skirm, a_dynamic_civ_scout_cap(168)), MANY_RULES(DEFRULE(c_few_barracks, a_forward_castle), MANY_RULES(DEFRULE(c_no_house, a_dynamic_atk_percent(i_val(62))), MANY_RULES(DEFRULE(c_few_skirm, a_build_barracks), MANY_RULES(DEFRULE(c_few_barracks, a_res_loom), MANY_RULES(DEFRULE(c_can_res_blast, a_go_feudal_age), MANY_RULES(t_empty_rule, t_empty_list)))))))))))))))))))))))))))))))))))))))))))))))"
161,32,493.7448,"MANY_RULES(DEFRULE(AND(c_no_lumber_camp, c_can_res_chain_mail), a_dynamic_group_size(20)), MANY_RULES(DEFRULE(c_few_mill, a_build_house), MANY_RULES(DEFRULE(c_enemy_has_many_pike, a_dynamic_camp_dist(20)), MANY_RULES(DEFRULE(AND(c_few_skirm, c_enemy_has_many_pike), a_res_loom), MANY_RULES(DEFRULE(c_few_barracks, a_res_loom), MANY_RULES(DEFRULE(AND(c_some_ram, c_many_ram), a_res_loom), MANY_RULES(DEFRULE(c_no_house, a_dynamic_civ_scout_cap(168)), MANY_RULES(DEFRULE(c_few_barracks, a_res_loom), MANY_RULES(DEFRULE(c_no_house, a_dynamic_atk_percent(i_val(62))), MANY_RULES(DEFRULE(c_few_skirm, a_build_barracks), MANY_RULES(DEFRULE(c_few_barracks, a_res_loom), MANY_RULES(DEFRULE(c_few_skirm, a_build_lumber_camp), MANY_RULES(DEFRULE(c_few_barracks, a_res_loom), MANY_RULES(t_empty_rule, MANY_RULES(DEFRULE(c_far_gold, a_train_vill), MANY_RULES(DEFRULE(c_few_skirm, a_res_loom), MANY_RULES(DEFRULE(AND(c_few_skirm, c_enemy_has_many_pike), a_dynamic_civ_scout_cap(12)), MANY_RULES(DEFRULE(c_few_skirm, a_res_loom), MANY_RULES(DEFRULE(c_few_skirm, a_train_vill), MANY_RULES(DEFRULE(c_few_skirm, a_res_loom), MANY_RULES(DEFRULE(c_few_skirm, a_res_farm_2), MANY_RULES(DEFRULE(c_can_buy_food, a_forward_castle), MANY_RULES(DEFRULE(c_many_ram, a_dynamic_civ_scout_cap(168)), MANY_RULES(DEFRULE(c_few_mill, a_dynamic_civ_scout_cap(12)), MANY_RULES(DEFRULE(c_far_gold, a_train_vill), MANY_RULES(DEFRULE(c_few_skirm, a_train_vill), MANY_RULES(DEFRULE(c_few_skirm, a_res_farm_2), MANY_RULES(DEFRULE(c_few_barracks, a_res_loom), MANY_RULES(DEFRULE(c_few_skirm, a_dynamic_civ_scout_cap(168)), MANY_RULES(DEFRULE(AND(c_some_ram, c_few_skirm), a_res_loom), MANY_RULES(DEFRULE(c_no_house, a_dynamic_atk_percent(i_val(3))), MANY_RULES(DEFRULE(c_few_barracks, a_forward_castle), MANY_RULES(DEFRULE(c_many_ram, a_dynamic_civ_scout_cap(20)), MANY_RULES(DEFRULE(c_some_infantry, a_build_house), MANY_RULES(DEFRULE(c_far_gold, a_train_vill), MANY_RULES(DEFRULE(c_few_skirm, a_train_vill), MANY_RULES(DEFRULE(c_few_skirm, a_res_farm_2), MANY_RULES(DEFRULE(c_few_barracks, a_res_loom), MANY_RULES(DEFRULE(c_few_skirm, a_dynamic_civ_scout_cap(62)), MANY_RULES(DEFRULE(c_no_house, a_dynamic_atk_percent(i_val(62))), MANY_RULES(t_empty_rule, MANY_RULES(DEFRULE(c_few_barracks, a_res_loom), MANY_RULES(DEFRULE(c_some_ram, a_build_house), MANY_RULES(DEFRULE(AND(c_some_ram, c_few_skirm), a_res_loom), TWO_RULES(DEFRULE(c_few_barracks, a_town_size_20), DEFRULE(c_low_wood, a_train_vill))))))))))))))))))))))))))))))))))))))))))))))"
161,90,491.6064,"MANY_RULES(DEFRULE(c_some_archer, a_build_market), TWO_RULES(t_empty_rule, t_empty_rule))"
161,95,474.43,"MANY_RULES(DEFRULE(AND(c_can_res_iron_cast, c_few_archery_range), a_dynamic_civ_scout_cap(13)), TWO_RULES(DEFRULE(c_can_res_bracer, a_sell_wood), DEFRULE(c_few_house, a_forward_barracks)))"
161,83,455.2216,"MANY_RULES(DEFRULE(c_can_res_gold_1, a_dynamic_group_size(14)), MANY_RULES(t_empty_rule, MANY_RULES(DEFRULE(c_no_house, a_res_loom), MANY_RULES(DEFRULE(c_few_barracks, a_res_loom), MANY_RULES(DEFRULE(c_no_house, a_dynamic_atk_percent(i_val(62))), MANY_RULES(DEFRULE(c_few_skirm, a_build_barracks), MANY_RULES(DEFRULE(c_few_barracks, a_res_loom), MANY_RULES(DEFRULE(c_few_skirm, a_build_lumber_camp), MANY_RULES(DEFRULE(c_few_skirm, a_train_vill), MANY_RULES(DEFRULE(AND(c_some_ram, c_few_skirm), a_build_house), MANY_RULES(DEFRULE(c_few_barracks, a_res_loom), MANY_RULES(DEFRULE(c_few_skirm, a_res_farm_2), MANY_RULES(DEFRULE(c_few_barracks, a_forward_castle), MANY_RULES(DEFRULE(c_many_ram, a_dynamic_civ_scout_cap(20)), MANY_RULES(DEFRULE(c_few_barracks, a_forward_castle), MANY_RULES(DEFRULE(c_many_ram, a_dynamic_civ_scout_cap(20)), MANY_RULES(DEFRULE(c_some_ram, a_build_house), MANY_RULES(DEFRULE(c_no_house, a_dynamic_civ_scout_cap(168)), MANY_RULES(DEFRULE(c_no_house, a_dynamic_atk_percent(i_val(62))), MANY_RULES(DEFRULE(c_few_skirm, a_train_vill), MANY_RULES(DEFRULE(c_few_skirm, a_build_barracks), MANY_RULES(DEFRULE(c_few_skirm, a_dynamic_civ_scout_cap(168)), MANY_RULES(DEFRULE(AND(c_many_archer, c_few_watch_tower), a_res_loom), MANY_RULES(DEFRULE(c_few_skirm, a_res_loom), MANY_RULES(DEFRULE(c_no_house, a_dynamic_civ_scout_cap(168)), MANY_RULES(DEFRULE(c_few_barracks, a_train_vill), MANY_RULES(DEFRULE(c_no_house, a_dynamic_atk_percent(20)), MANY_RULES(DEFRULE(AND(c_mil_pop_10, c_no_archery_range), a_dynamic_civ_scout_cap(62)), MANY_RULES(DEFRULE(c_few_skirm, a_train_vill), MANY_RULES(DEFRULE(c_few_barracks, a_train_vill), MANY_RULES(DEFRULE(c_no_house, a_dynamic_atk_percent(20)), MANY_RULES(DEFRULE(AND(c_mil_pop_10, c_no_archery_range), a_dynamic_civ_scout_cap(62)), MANY_RULES(DEFRULE(c_few_skirm, a_train_vill), MANY_RULES(DEFRULE(c_few_skirm, a_res_farm_2), MANY_RULES(DEFRULE(AND(c_many_archer, c_few_watch_tower), a_res_loom), MANY_RULES(DEFRULE(c_few_skirm, a_dynamic_civ_scout_cap(168)), MANY_RULES(DEFRULE(c_few_barracks, a_forward_castle), MANY_RULES(DEFRULE(c_no_house, a_dynamic_atk_percent(i_val(62))), MANY_RULES(DEFRULE(c_few_skirm, a_build_barracks), MANY_RULES(DEFRULE(c_few_barracks, a_res_loom), MANY_RULES(DEFRULE(c_can_res_blast, a_go_feudal_age), MANY_RULES(t_empty_rule, t_empty_list))))))))))))))))))))))))))))))))))))))))))"
161,38,454.4808,"MANY_RULES(DEFRULE(AND(c_no_lumber_camp, c_can_res_chain_mail), a_dynamic_group_size(20)), MANY_RULES(DEFRULE(c_few_mill, a_build_house), MANY_RULES(DEFRULE(c_enemy_has_many_pike, a_dynamic_camp_dist(20)), MANY_RULES(DEFRULE(AND(c_few_skirm, c_enemy_has_many_pike), a_res_loom), MANY_RULES(DEFRULE(c_few_barracks, a_res_loom), MANY_RULES(DEFRULE(AND(c_some_ram, c_many_ram), a_res_loom), MANY_RULES(DEFRULE(c_no_house, a_dynamic_civ_scout_cap(168)), MANY_RULES(DEFRULE(c_few_barracks, a_res_loom), MANY_RULES(DEFRULE(c_no_house, a_dynamic_atk_percent(i_val(62))), MANY_RULES(DEFRULE(c_few_skirm, a_build_barracks), MANY_RULES(DEFRULE(c_few_barracks, a_res_loom), MANY_RULES(DEFRULE(c_few_skirm, a_build_lumber_camp), MANY_RULES(DEFRULE(c_few_barracks, a_res_loom), MANY_RULES(t_empty_rule, MANY_RULES(DEFRULE(c_far_gold, a_train_vill), MANY_RULES(DEFRULE(c_few_skirm, a_res_loom), MANY_RULES(DEFRULE(AND(c_few_skirm, c_enemy_has_many_pike), a_dynamic_civ_scout_cap(12)), MANY_RULES(DEFRULE(c_few_skirm, a_res_loom), MANY_RULES(DEFRULE(c_few_skirm, a_train_vill), MANY_RULES(DEFRULE(c_few_skirm, a_res_loom), MANY_RULES(DEFRULE(c_few_skirm, a_res_farm_2), MANY_RULES(DEFRULE(c_can_buy_food, a_forward_castle), MANY_RULES(DEFRULE(c_many_ram, a_dynamic_civ_scout_cap(168)), MANY_RULES(DEFRULE(c_few_mill, a_dynamic_civ_scout_cap(12)), MANY_RULES(DEFRULE(c_far_gold, a_train_vill), MANY_RULES(DEFRULE(c_few_skirm, a_train_vill), MANY_RULES(DEFRULE(c_few_skirm, a_res_farm_2), MANY_RULES(DEFRULE(c_few_barracks, a_res_loom), MANY_RULES(DEFRULE(c_few_skirm, a_dynamic_civ_scout_cap(168)), MANY_RULES(DEFRULE(AND(c_some_ram, c_few_skirm), a_res_loom), MANY_RULES(DEFRULE(c_no_house, a_dynamic_atk_percent(i_val(3))), MANY_RULES(DEFRULE(c_few_barracks, a_forward_castle), MANY_RULES(DEFRULE(c_many_ram, a_dynamic_civ_scout_cap(20)), MANY_RULES(DEFRULE(c_some_infantry, a_build_house), MANY_RULES(DEFRULE(c_far_gold, a_train_vill), MANY_RULES(DEFRULE(c_few_skirm, a_train_vill), MANY_RULES(DEFRULE(c_few_skirm, a_res_farm_2), MANY_RULES(DEFRULE(c_few_barracks, a_res_loom), MANY_RULES(DEFRULE(c_few_skirm, a_dynamic_civ_scout_cap(i_val(12))), MANY_RULES(DEFRULE(c_no_house, a_dynamic_atk_percent(20)), MANY_RULES(t_empty_rule, MANY_RULES(DEFRULE(c_few_barracks, a_res_farm_2), MANY_RULES(DEFRULE(c_some_ram, a_build_house), MANY_RULES(DEFRULE(AND(c_some_ram, c_few_skirm), a_res_loom), TWO_RULES(DEFRULE(c_few_barracks, a_town_size_20), DEFRULE(c_low_wood, a_train_vill))))))))))))))))))))))))))))))))))))))))))))))"
161,23,437.2264,"MANY_RULES(DEFRULE(AND(c_no_lumber_camp, c_can_res_chain_mail), a_dynamic_group_size(168)), MANY_RULES(t_empty_rule, MANY_RULES(DEFRULE(c_far_gold, a_train_vill), MANY_RULES(DEFRULE(AND(c_no_lumber_camp, c_can_res_chain_mail), a_train_vill), MANY_RULES(DEFRULE(AND(c_few_skirm, c_enemy_has_many_pike), a_res_loom), MANY_RULES(DEFRULE(c_few_skirm, a_res_loom), MANY_RULES(DEFRULE(c_some_ram, a_build_house), MANY_RULES(DEFRULE(AND(AND(c_no_mining_camp, c_far_gold), AND(c_few_treb, c_far_gold)), a_train_vill), MANY_RULES(DEFRULE(c_few_archer, a_train_vill), MANY_RULES(DEFRULE(c_some_ram, a_build_house), MANY_RULES(DEFRULE(AND(c_mil_pop_10, c_far_gold), a_dynamic_civ_scout_cap(62)), MANY_RULES(DEFRULE(c_no_house, a_forward_castle), MANY_RULES(DEFRULE(c_few_barracks, a_res_loom), MANY_RULES(DEFRULE(c_few_barracks, a_dynamic_atk_percent(i_val(168))), MANY_RULES(DEFRULE(c_few_skirm, a_build_barracks), MANY_RULES(DEFRULE(c_few_barracks, a_res_loom), MANY_RULES(DEFRULE(c_few_skirm, a_build_lumber_camp), MANY_RULES(DEFRULE(c_few_skirm, a_res_ballistics), MANY_RULES(DEFRULE(AND(c_some_ram, c_few_skirm), a_res_loom), MANY_RULES(DEFRULE(c_few_barracks, a_res_loom), MANY_RULES(DEFRULE(c_few_skirm, a_res_farm_2), MANY_RULES(DEFRULE(AND(c_no_lumber_camp, c_can_res_chain_mail), a_build_barracks), MANY_RULES(DEFRULE(c_few_barracks, a_res_loom), MANY_RULES(DEFRULE(c_some_ram, a_build_house), MANY_RULES(DEFRULE(AND(c_some_ram, c_few_skirm), a_res_loom), TWO_RULES(DEFRULE(c_few_barracks, a_build_lumber_camp), DEFRULE(c_low_wood, a_train_vill)))))))))))))))))))))))))))"
161,35,425.1872,"MANY_RULES(DEFRULE(AND(c_no_lumber_camp, c_can_res_chain_mail), a_dynamic_group_size(168)), MANY_RULES(t_empty_rule, MANY_RULES(DEFRULE(c_far_gold, a_train_vill), MANY_RULES(DEFRULE(c_few_skirm, a_res_loom), MANY_RULES(DEFRULE(AND(c_few_siege_workshop, c_enemy_has_many_pike), a_dynamic_civ_scout_cap(12)), MANY_RULES(DEFRULE(c_few_skirm, a_res_loom), MANY_RULES(DEFRULE(c_few_skirm, a_train_vill), MANY_RULES(DEFRULE(c_few_skirm, a_res_loom), MANY_RULES(DEFRULE(c_few_skirm, a_res_farm_2), MANY_RULES(DEFRULE(c_few_barracks, a_forward_castle), MANY_RULES(DEFRULE(c_few_skirm, a_dynamic_civ_scout_cap(20)), MANY_RULES(DEFRULE(c_some_ram, a_build_house), MANY_RULES(DEFRULE(c_far_gold, a_train_vill), MANY_RULES(DEFRULE(c_few_skirm, a_res_farm_2), MANY_RULES(DEFRULE(c_few_archery_range, a_res_loom), MANY_RULES(DEFRULE(c_few_skirm, a_dynamic_civ_scout_cap(12)), MANY_RULES(DEFRULE(AND(c_some_ram, c_few_skirm), a_res_loom), MANY_RULES(DEFRULE(c_few_watch_tower, a_train_vill), MANY_RULES(DEFRULE(AND(c_few_skirm, c_enemy_has_many_pike), a_res_farm_2), MANY_RULES(DEFRULE(c_few_barracks, a_forward_castle), MANY_RULES(DEFRULE(c_few_barracks, a_forward_castle), MANY_RULES(DEFRULE(c_some_infantry, a_build_house), MANY_RULES(DEFRULE(c_few_skirm, a_build_house), MANY_RULES(DEFRULE(c_few_skirm, a_train_vill), MANY_RULES(DEFRULE(c_few_skirm, a_res_farm_2), MANY_RULES(DEFRULE(c_few_barracks, a_res_loom), MANY_RULES(DEFRULE(AND(c_few_skirm, c_enemy_has_many_pike), a_res_loom), MANY_RULES(DEFRULE(c_few_barracks, a_res_loom), MANY_RULES(DEFRULE(c_few_barracks, a_res_loom), MANY_RULES(DEFRULE(c_few_skirm, a_dynamic_civ_scout_cap(168)), MANY_RULES(DEFRULE(c_few_barracks, a_res_loom), MANY_RULES(DEFRULE(c_no_house, a_dynamic_atk_percent(i_val(168))), MANY_RULES(DEFRULE(c_few_skirm, a_build_barracks), MANY_RULES(DEFRULE(c_few_barracks, a_res_loom), MANY_RULES(DEFRULE(c_few_skirm, a_build_lumber_camp), MANY_RULES(DEFRULE(c_few_skirm, a_train_vill), MANY_RULES(DEFRULE(AND(c_some_ram, c_few_skirm), a_res_loom), MANY_RULES(DEFRULE(c_few_barracks, a_res_loom), MANY_RULES(DEFRULE(c_few_skirm, a_res_farm_2), MANY_RULES(DEFRULE(c_few_skirm, a_build_barracks), MANY_RULES(DEFRULE(c_few_barracks, a_res_bracer), MANY_RULES(DEFRULE(c_some_ram, a_build_house), MANY_RULES(DEFRULE(AND(c_some_ram, c_few_skirm), a_res_loom), MANY_RULES(DEFRULE(c_far_gold, a_train_vill), MANY_RULES(DEFRULE(c_few_skirm, a_res_loom), MANY_RULES(DEFRULE(AND(c_few_skirm, c_enemy_has_many_pike), a_dynamic_civ_scout_cap(12)), MANY_RULES(DEFRULE(c_few_mill, a_build_house), MANY_RULES(DEFRULE(c_few_skirm, a_train_vill), MANY_RULES(DEFRULE(c_few_skirm, a_res_loom), MANY_RULES(DEFRULE(c_few_skirm, a_res_farm_2), MANY_RULES(DEFRULE(c_can_buy_food, a_forward_castle), MANY_RULES(DEFRULE(c_many_ram, a_dynamic_civ_scout_cap(168)), MANY_RULES(t_empty_rule, t_empty_list)))))))))))))))))))))))))))))))))))))))))))))))))))))"
161,67,421.278,"MANY_RULES(DEFRULE(AND(c_no_lumber_camp, c_can_res_chain_mail), a_dynamic_group_size(168)), MANY_RULES(t_empty_rule, MANY_RULES(DEFRULE(c_far_gold, a_train_vill), MANY_RULES(DEFRULE(c_few_skirm, a_res_loom), MANY_RULES(DEFRULE(AND(c_few_skirm, c_enemy_has_many_pike), a_dynamic_civ_scout_cap(12)), MANY_RULES(DEFRULE(c_few_skirm, a_res_loom), MANY_RULES(DEFRULE(c_few_skirm, a_train_vill), MANY_RULES(DEFRULE(c_few_skirm, a_res_loom), MANY_RULES(DEFRULE(c_few_skirm, a_res_farm_2), MANY_RULES(DEFRULE(c_few_barracks, a_forward_castle), MANY_RULES(DEFRULE(c_few_skirm, a_dynamic_civ_scout_cap(20)), MANY_RULES(DEFRULE(c_some_ram, a_build_house), MANY_RULES(DEFRULE(c_far_gold, a_train_vill), MANY_RULES(DEFRULE(c_few_skirm, a_res_farm_2), MANY_RULES(DEFRULE(c_few_archery_range, a_res_loom), MANY_RULES(DEFRULE(c_few_skirm, a_dynamic_civ_scout_cap(12)), MANY_RULES(DEFRULE(AND(c_no_watch_tower, c_few_skirm), a_res_loom), MANY_RULES(DEFRULE(c_few_watch_tower, a_train_vill), MANY_RULES(DEFRULE(AND(c_few_skirm, c_enemy_has_many_pike), a_res_farm_2), MANY_RULES(DEFRULE(c_few_barracks, a_forward_castle), MANY_RULES(DEFRULE(c_many_ram, a_dynamic_civ_scout_cap(20)), MANY_RULES(DEFRULE(c_some_infantry, a_build_house), MANY_RULES(DEFRULE(c_few_skirm, a_build_house), MANY_RULES(DEFRULE(c_few_skirm, a_train_vill), MANY_RULES(DEFRULE(c_few_skirm, a_res_farm_2), MANY_RULES(DEFRULE(c_few_barracks, a_res_loom), MANY_RULES(DEFRULE(AND(c_few_skirm, c_enemy_has_many_pike), a_res_loom), MANY_RULES(DEFRULE(c_few_barracks, a_res_loom), MANY_RULES(DEFRULE(c_few_barracks, a_res_loom), MANY_RULES(DEFRULE(c_few_skirm, a_dynamic_civ_scout_cap(168)), MANY_RULES(DEFRULE(c_few_barracks, a_res_loom), MANY_RULES(DEFRULE(c_no_house, a_dynamic_atk_percent(i_val(168))), MANY_RULES(DEFRULE(c_few_skirm, a_build_barracks), MANY_RULES(DEFRULE(c_few_barracks, a_res_loom), MANY_RULES(DEFRULE(c_few_skirm, a_build_lumber_camp), MANY_RULES(DEFRULE(c_few_skirm, a_train_vill), MANY_RULES(DEFRULE(AND(c_some_ram, c_few_skirm), a_res_loom), MANY_RULES(DEFRULE(c_few_barracks, a_res_loom), MANY_RULES(DEFRULE(c_few_skirm, a_res_farm_2), MANY_RULES(DEFRULE(c_few_skirm, a_build_barracks), MANY_RULES(DEFRULE(c_few_barracks, a_res_bracer), MANY_RULES(DEFRULE(c_some_ram, a_build_house), MANY_RULES(DEFRULE(AND(c_some_ram, c_few_skirm), a_res_loom), TWO_RULES(DEFRULE(c_few_barracks, a_build_lumber_camp), DEFRULE(c_low_wood, a_train_vill)))))))))))))))))))))))))))))))))))))))))))))"
161,6,417.6112,"MANY_RULES(DEFRULE(AND(c_no_lumber_camp, c_can_res_chain_mail), a_dynamic_group_size(20)), MANY_RULES(DEFRULE(c_few_mill, a_build_house), MANY_RULES(DEFRULE(c_enemy_has_many_pike, a_dynamic_camp_dist(20)), MANY_RULES(DEFRULE(AND(c_few_skirm, c_enemy_has_many_pike), a_res_loom), MANY_RULES(DEFRULE(c_few_barracks, a_res_loom), MANY_RULES(DEFRULE(AND(c_some_ram, c_many_ram), a_res_loom), MANY_RULES(DEFRULE(c_no_house, a_dynamic_civ_scout_cap(168)), MANY_RULES(DEFRULE(c_few_barracks, a_res_loom), MANY_RULES(DEFRULE(c_no_house, a_dynamic_atk_percent(i_val(62))), MANY_RULES(DEFRULE(c_few_skirm, a_build_barracks), MANY_RULES(DEFRULE(c_few_barracks, a_res_loom), MANY_RULES(DEFRULE(c_few_skirm, a_build_lumber_camp), MANY_RULES(DEFRULE(c_few_barracks, a_res_loom), MANY_RULES(t_empty_rule, MANY_RULES(DEFRULE(c_far_gold, a_train_vill), MANY_RULES(DEFRULE(c_few_skirm, a_res_loom), MANY_RULES(DEFRULE(AND(c_few_skirm, c_enemy_has_many_pike), a_dynamic_civ_scout_cap(12)), MANY_RULES(DEFRULE(c_few_skirm, a_res_loom), MANY_RULES(DEFRULE(c_few_skirm, a_train_vill), MANY_RULES(DEFRULE(c_few_skirm, a_res_loom), MANY_RULES(DEFRULE(c_few_skirm, a_res_farm_2), MANY_RULES(DEFRULE(c_can_buy_food, a_forward_castle), MANY_RULES(DEFRULE(c_few_skirm, a_build_barracks), MANY_RULES(DEFRULE(c_few_barracks, a_res_loom), MANY_RULES(DEFRULE(c_can_res_blast, a_go_feudal_age), MANY_RULES(t_empty_rule, t_empty_list))))))))))))))))))))))))))"
161,14,412.6312,"MANY_RULES(DEFRULE(AND(c_no_lumber_camp, c_can_res_chain_mail), a_dynamic_group_size(i_val(12))), MANY_RULES(DEFRULE(c_few_skirm, a_build_house), MANY_RULES(DEFRULE(c_enemy_has_many_pike, a_res_loom), MANY_RULES(DEFRULE(AND(AND(c_can_build_town_center, c_few_siege_workshop), c_enemy_has_many_pike), a_res_loom), MANY_RULES(DEFRULE(c_few_skirm, a_build_barracks), MANY_RULES(DEFRULE(c_few_barracks, a_dynamic_civ_scout_cap(168)), MANY_RULES(DEFRULE(c_some_ram, a_dynamic_civ_scout_cap(20)), MANY_RULES(DEFRULE(c_few_skirm, a_res_loom), MANY_RULES(DEFRULE(c_few_skirm, a_train_vill), MANY_RULES(DEFRULE(c_few_skirm, a_res_loom), MANY_RULES(DEFRULE(c_few_skirm, a_res_loom), MANY_RULES(DEFRULE(c_few_skirm, a_dynamic_civ_scout_cap(12)), MANY_RULES(DEFRULE(AND(c_many_archer, c_few_watch_tower), a_res_loom), MANY_RULES(DEFRULE(c_few_skirm, a_res_loom), MANY_RULES(DEFRULE(AND(c_few_skirm, c_can_res_gold_2), a_dynamic_civ_scout_cap(168)), MANY_RULES(DEFRULE(AND(c_few_barracks, c_enemy_has_many_pike), a_build_house), MANY_RULES(DEFRULE(c_enemy_has_many_pike, a_dynamic_camp_dist(20)), MANY_RULES(DEFRULE(AND(c_few_skirm, c_enemy_has_many_pike), a_res_loom), MANY_RULES(DEFRULE(c_few_barracks, a_res_loom), MANY_RULES(DEFRULE(AND(c_some_ram, c_can_res_farm_3), a_res_loom), MANY_RULES(DEFRULE(c_no_house, a_dynamic_civ_scout_cap(168)), MANY_RULES(DEFRULE(c_few_barracks, a_res_loom), MANY_RULES(DEFRULE(c_few_barracks, a_res_loom), MANY_RULES(DEFRULE(c_few_skirm, a_build_barracks), MANY_RULES(DEFRULE(c_few_barracks, a_res_loom), MANY_RULES(DEFRULE(c_many_ram, a_dynamic_civ_scout_cap(20)), MANY_RULES(DEFRULE(c_few_skirm, a_train_vill), MANY_RULES(DEFRULE(AND(c_some_ram, c_few_skirm), a_res_loom), MANY_RULES(DEFRULE(c_few_barracks, a_res_loom), MANY_RULES(DEFRULE(c_few_skirm, a_res_farm_2), MANY_RULES(DEFRULE(c_few_barracks, a_forward_castle), MANY_RULES(DEFRULE(c_many_ram, a_dynamic_civ_scout_cap(20)), MANY_RULES(DEFRULE(AND(c_no_lumber_camp, c_can_res_chain_mail), a_build_house), MANY_RULES(DEFRULE(AND(AND(c_no_mining_camp, c_far_gold), AND(c_few_treb, c_far_gold)), a_train_vill), MANY_RULES(DEFRULE(c_few_skirm, a_train_vill), MANY_RULES(DEFRULE(c_few_skirm, a_res_farm_2), MANY_RULES(DEFRULE(c_is_feudal_age, a_train_monk), MANY_RULES(t_empty_rule, t_empty_list))))))))))))))))))))))))))))))))))))))"
161,41,412.44,"MANY_RULES(DEFRULE(AND(c_no_lumber_camp, c_can_res_chain_mail), a_dynamic_group_size(168)), MANY_RULES(t_empty_rule, MANY_RULES(DEFRULE(c_far_gold, a_train_vill), MANY_RULES(DEFRULE(c_few_skirm, a_res_loom), MANY_RULES(DEFRULE(AND(c_few_siege_workshop, c_enemy_has_many_pike), a_dynamic_civ_scout_cap(168)), MANY_RULES(DEFRULE(c_few_skirm, a_res_loom), MANY_RULES(DEFRULE(c_few_skirm, a_train_vill), MANY_RULES(DEFRULE(c_few_skirm, a_res_loom), MANY_RULES(DEFRULE(c_few_skirm, a_res_farm_2), MANY_RULES(DEFRULE(c_few_barracks, a_forward_castle), MANY_RULES(DEFRULE(c_few_skirm, a_dynamic_civ_scout_cap(20)), MANY_RULES(DEFRULE(c_some_ram, a_build_house), MANY_RULES(DEFRULE(c_far_gold, a_train_vill), MANY_RULES(DEFRULE(c_few_skirm, a_res_farm_2), MANY_RULES(DEFRULE(c_few_archery_range, a_res_loom), MANY_RULES(DEFRULE(c_few_skirm, a_dynamic_civ_scout_cap(12)), MANY_RULES(DEFRULE(AND(c_some_ram, c_few_skirm), a_res_loom), MANY_RULES(DEFRULE(c_few_watch_tower, a_train_vill), MANY_RULES(DEFRULE(AND(c_few_skirm, c_enemy_has_many_pike), a_res_farm_2), MANY_RULES(DEFRULE(c_few_barracks, a_forward_castle), MANY_RULES(DEFRULE(c_few_barracks, a_forward_castle), MANY_RULES(DEFRULE(c_some_infantry, a_build_house), MANY_RULES(DEFRULE(c_few_skirm, a_build_house), MANY_RULES(DEFRULE(c_few_skirm, a_train_vill), MANY_RULES(DEFRULE(c_few_skirm, a_res_farm_2), MANY_RULES(DEFRULE(c_few_barracks, a_res_loom), MANY_RULES(DEFRULE(AND(c_few_skirm, c_enemy_has_many_pike), a_res_loom), MANY_RULES(DEFRULE(c_few_barracks, a_res_loom), MANY_RULES(DEFRULE(c_few_barracks, a_res_loom), MANY_RULES(DEFRULE(c_few_skirm, a_dynamic_civ_scout_cap(168)), MANY_RULES(DEFRULE(c_few_barracks, a_res_loom), MANY_RULES(DEFRULE(c_no_house, a_dynamic_atk_percent(i_val(168))), MANY_RULES(DEFRULE(c_few_skirm, a_build_barracks), MANY_RULES(DEFRULE(c_few_barracks, a_res_loom), MANY_RULES(DEFRULE(c_few_skirm, a_build_lumber_camp), MANY_RULES(DEFRULE(c_few_skirm, a_train_vill), MANY_RULES(DEFRULE(AND(c_some_ram, c_few_skirm), a_res_loom), MANY_RULES(DEFRULE(c_few_barracks, a_res_loom), MANY_RULES(DEFRULE(c_few_skirm, a_res_farm_2), MANY_RULES(DEFRULE(c_few_skirm, a_build_barracks), MANY_RULES(DEFRULE(c_few_barracks, a_res_bracer), MANY_RULES(DEFRULE(c_some_ram, a_build_house), MANY_RULES(DEFRULE(AND(c_some_ram, c_few_skirm), a_res_loom), TWO_RULES(DEFRULE(c_few_barracks, a_build_lumber_camp), DEFRULE(c_low_wood, a_train_vill)))))))))))))))))))))))))))))))))))))))))))))"
161,7,409.812,"MANY_RULES(DEFRULE(AND(c_no_lumber_camp, c_can_res_chain_mail), a_dynamic_group_size(168)), MANY_RULES(t_empty_rule, MANY_RULES(DEFRULE(c_far_gold, a_train_vill), MANY_RULES(DEFRULE(c_few_skirm, a_res_loom), MANY_RULES(DEFRULE(AND(c_few_skirm, c_enemy_has_many_pike), a_dynamic_civ_scout_cap(12)), MANY_RULES(DEFRULE(c_few_skirm, a_res_loom), MANY_RULES(DEFRULE(c_few_skirm, a_train_vill), MANY_RULES(DEFRULE(c_few_skirm, a_res_loom), MANY_RULES(DEFRULE(c_few_skirm, a_res_farm_2), MANY_RULES(DEFRULE(c_few_barracks, a_train_vill), MANY_RULES(DEFRULE(c_many_ram, a_dynamic_civ_scout_cap(20)), MANY_RULES(DEFRULE(c_some_ram, a_build_house), MANY_RULES(DEFRULE(c_few_skirm, a_train_vill), MANY_RULES(DEFRULE(c_few_skirm, a_res_farm_2), MANY_RULES(DEFRULE(c_few_barracks, a_res_loom), MANY_RULES(DEFRULE(c_few_skirm, a_dynamic_civ_scout_cap(12)), MANY_RULES(DEFRULE(AND(c_some_ram, c_few_skirm), a_res_loom), MANY_RULES(DEFRULE(c_few_barracks, a_forward_castle), MANY_RULES(DEFRULE(AND(c_few_skirm, c_enemy_has_many_pike), a_res_farm_2), MANY_RULES(DEFRULE(c_few_barracks, a_forward_castle), MANY_RULES(DEFRULE(c_many_ram, a_res_loom), MANY_RULES(DEFRULE(c_few_barracks, a_forward_castle), MANY_RULES(DEFRULE(c_far_gold, a_train_vill), MANY_RULES(DEFRULE(c_few_skirm, a_train_vill), MANY_RULES(DEFRULE(c_few_skirm, a_res_farm_2), MANY_RULES(DEFRULE(c_few_barracks, a_res_loom), MANY_RULES(DEFRULE(c_few_skirm, a_dynamic_civ_scout_cap(i_val(62))), MANY_RULES(t_empty_rule, MANY_RULES(DEFRULE(c_few_barracks, a_res_loom), MANY_RULES(DEFRULE(c_no_house, a_dynamic_atk_percent(i_val(62))), MANY_RULES(DEFRULE(c_few_skirm, a_build_barracks), MANY_RULES(DEFRULE(c_few_barracks, a_res_loom), MANY_RULES(DEFRULE(c_few_skirm, a_build_lumber_camp), MANY_RULES(DEFRULE(c_few_skirm, a_train_vill), MANY_RULES(DEFRULE(AND(c_some_ram, c_few_skirm), a_res_loom), MANY_RULES(DEFRULE(c_few_barracks, a_res_loom), MANY_RULES(DEFRULE(c_few_skirm, a_res_farm_2), MANY_RULES(DEFRULE(c_few_barracks, a_forward_castle), MANY_RULES(DEFRULE(c_many_ram, a_dynamic_civ_scout_cap(20)), MANY_RULES(DEFRULE(c_few_barracks, a_forward_castle), MANY_RULES(DEFRULE(c_many_ram, a_dynamic_camp_dist(20)), MANY_RULES(DEFRULE(c_some_ram, a_build_house), MANY_RULES(DEFRULE(c_no_house, a_dynamic_civ_scout_cap(168)), MANY_RULES(DEFRULE(c_few_barracks, a_res_loom), MANY_RULES(DEFRULE(c_no_house, a_dynamic_atk_percent(i_val(62))), MANY_RULES(DEFRULE(c_few_skirm, a_train_vill), MANY_RULES(DEFRULE(c_few_skirm, a_res_hand_cart), MANY_RULES(DEFRULE(c_few_skirm, a_dynamic_civ_scout_cap(168)), MANY_RULES(DEFRULE(AND(c_many_archer, c_few_watch_tower), a_res_loom), MANY_RULES(DEFRULE(c_few_skirm, a_res_loom), MANY_RULES(DEFRULE(c_no_house, a_dynamic_civ_scout_cap(168)), MANY_RULES(DEFRULE(c_few_barracks, a_train_vill), MANY_RULES(DEFRULE(c_no_house, a_dynamic_atk_percent(20)), MANY_RULES(DEFRULE(c_some_ram, a_build_house), MANY_RULES(DEFRULE(AND(c_mil_pop_10, c_no_archery_range), a_dynamic_civ_scout_cap(62)), MANY_RULES(DEFRULE(c_few_skirm, a_train_vill), MANY_RULES(DEFRULE(c_few_skirm, a_res_farm_2), MANY_RULES(DEFRULE(AND(c_many_archer, c_few_watch_tower), a_res_loom), MANY_RULES(DEFRULE(c_few_skirm, a_dynamic_civ_scout_cap(168)), MANY_RULES(DEFRULE(c_few_barracks, a_forward_castle), MANY_RULES(DEFRULE(c_no_house, a_dynamic_atk_percent(i_val(62))), MANY_RULES(DEFRULE(c_few_skirm, a_build_barracks), MANY_RULES(DEFRULE(c_few_barracks, a_res_loom), MANY_RULES(DEFRULE(c_can_res_blast, a_go_feudal_age), MANY_RULES(t_empty_rule, t_empty_list)))))))))))))))))))))))))))))))))))))))))))))))))))))))))))))))))"
161,31,409.2368,"MANY_RULES(DEFRULE(AND(c_no_lumber_camp, c_can_res_chain_mail), a_dynamic_group_size(168)), MANY_RULES(t_empty_rule, MANY_RULES(DEFRULE(c_far_gold, a_train_vill), MANY_RULES(DEFRULE(c_few_skirm, a_res_loom), MANY_RULES(DEFRULE(AND(c_few_skirm, c_enemy_has_many_pike), a_dynamic_civ_scout_cap(12)), MANY_RULES(DEFRULE(c_few_skirm, a_res_loom), MANY_RULES(DEFRULE(c_few_skirm, a_train_vill), MANY_RULES(DEFRULE(c_few_skirm, a_res_loom), MANY_RULES(DEFRULE(c_few_skirm, a_res_farm_2), MANY_RULES(DEFRULE(c_few_barracks, a_train_vill), MANY_RULES(DEFRULE(c_many_ram, a_dynamic_civ_scout_cap(20)), MANY_RULES(DEFRULE(c_some_ram, a_build_house), MANY_RULES(DEFRULE(c_few_skirm, a_train_vill), MANY_RULES(DEFRULE(c_few_skirm, a_res_farm_2), MANY_RULES(DEFRULE(c_few_barracks, a_res_loom), MANY_RULES(DEFRULE(c_few_skirm, a_dynamic_civ_scout_cap(12)), MANY_RULES(DEFRULE(AND(c_some_ram, c_few_skirm), a_res_loom), MANY_RULES(DEFRULE(c_few_barracks, a_forward_castle), MANY_RULES(DEFRULE(AND(c_few_skirm, c_enemy_has_many_pike), a_res_farm_2), MANY_RULES(DEFRULE(c_few_barracks, a_forward_castle), MANY_RULES(DEFRULE(c_many_ram, a_dynamic_civ_scout_cap(20)), MANY_RULES(DEFRULE(c_few_barracks, a_forward_castle), MANY_RULES(DEFRULE(c_far_gold, a_train_vill), MANY_RULES(DEFRULE(c_few_skirm, a_train_vill), MANY_RULES(DEFRULE(c_few_skirm, a_res_farm_2), MANY_RULES(DEFRULE(c_few_barracks, a_res_loom), MANY_RULES(DEFRULE(c_few_skirm, a_dynamic_civ_scout_cap(i_val(62))), MANY_RULES(t_empty_rule, MANY_RULES(DEFRULE(c_few_barracks, a_res_loom), MANY_RULES(DEFRULE(c_no_house, a_dynamic_atk_percent(i_val(62))), MANY_RULES(DEFRULE(c_few_skirm, a_build_barracks), MANY_RULES(DEFRULE(c_few_barracks, a_res_loom), MANY_RULES(DEFRULE(c_few_skirm, a_build_lumber_camp), MANY_RULES(DEFRULE(c_few_skirm, a_train_vill), MANY_RULES(DEFRULE(c_few_skirm, a_build_barracks), MANY_RULES(DEFRULE(c_few_barracks, a_res_loom), MANY_RULES(DEFRULE(c_few_skirm, a_build_lumber_camp), MANY_RULES(DEFRULE(c_few_skirm, a_train_vill), MANY_RULES(DEFRULE(AND(c_some_ram, c_few_skirm), a_res_loom), MANY_RULES(DEFRULE(c_few_barracks, a_res_loom), MANY_RULES(DEFRULE(c_few_skirm, a_res_farm_2), MANY_RULES(DEFRULE(c_few_barracks, a_forward_castle), MANY_RULES(DEFRULE(c_many_ram, a_dynamic_civ_scout_cap(20)), MANY_RULES(DEFRULE(c_few_barracks, a_forward_castle), MANY_RULES(DEFRULE(c_many_ram, a_dynamic_camp_dist(20)), MANY_RULES(DEFRULE(c_some_ram, a_build_house), MANY_RULES(DEFRULE(c_no_house, a_dynamic_civ_scout_cap(168)), MANY_RULES(DEFRULE(c_no_house, a_dynamic_atk_percent(i_val(62))), MANY_RULES(DEFRULE(c_few_skirm, a_train_vill), MANY_RULES(DEFRULE(c_enemy_has_few_archer, a_build_barracks), MANY_RULES(DEFRULE(c_few_skirm, a_dynamic_civ_scout_cap(168)), MANY_RULES(DEFRULE(AND(c_many_archer, c_few_watch_tower), a_res_loom), MANY_RULES(DEFRULE(c_few_skirm, a_res_loom), MANY_RULES(DEFRULE(c_no_house, a_dynamic_civ_scout_cap(168)), MANY_RULES(DEFRULE(c_few_barracks, a_train_vill), MANY_RULES(DEFRULE(c_no_house, a_dynamic_atk_percent(20)), MANY_RULES(DEFRULE(c_some_ram, a_build_house), MANY_RULES(DEFRULE(AND(c_mil_pop_10, c_no_archery_range), a_dynamic_civ_scout_cap(62)), MANY_RULES(DEFRULE(c_few_skirm, a_train_vill), MANY_RULES(DEFRULE(c_few_skirm, a_res_farm_2), MANY_RULES(DEFRULE(AND(c_many_archer, c_few_watch_tower), a_res_loom), MANY_RULES(DEFRULE(c_few_skirm, a_dynamic_civ_scout_cap(168)), MANY_RULES(DEFRULE(c_few_barracks, a_forward_castle), MANY_RULES(DEFRULE(c_no_house, a_dynamic_atk_percent(i_val(62))), MANY_RULES(DEFRULE(c_few_skirm, a_build_barracks), MANY_RULES(DEFRULE(c_few_barracks, a_res_loom), MANY_RULES(DEFRULE(c_can_res_blast, a_go_feudal_age), MANY_RULES(t_empty_rule, t_empty_list))))))))))))))))))))))))))))))))))))))))))))))))))))))))))))))))))))"
161,51,403.768,"MANY_RULES(DEFRULE(AND(c_no_lumber_camp, c_can_res_chain_mail), a_dynamic_group_size(i_val(62))), MANY_RULES(DEFRULE(c_few_skirm, a_build_house), MANY_RULES(DEFRULE(c_enemy_has_many_pike, a_res_loom), MANY_RULES(DEFRULE(AND(AND(c_can_build_town_center, c_few_siege_workshop), c_enemy_has_many_pike), a_res_loom), MANY_RULES(DEFRULE(c_few_skirm, a_build_barracks), MANY_RULES(DEFRULE(c_few_barracks, a_dynamic_civ_scout_cap(20)), MANY_RULES(DEFRULE(c_some_ram, a_dynamic_civ_scout_cap(20)), MANY_RULES(DEFRULE(c_few_skirm, a_res_loom), MANY_RULES(DEFRULE(c_few_skirm, a_train_vill), MANY_RULES(DEFRULE(c_few_skirm, a_res_loom), MANY_RULES(DEFRULE(c_few_skirm, a_res_loom), MANY_RULES(DEFRULE(c_few_skirm, a_forward_castle), MANY_RULES(DEFRULE(AND(c_many_archer, c_few_watch_tower), a_res_loom), MANY_RULES(DEFRULE(c_few_skirm, a_res_loom), MANY_RULES(DEFRULE(AND(c_few_skirm, c_can_res_gold_2), a_dynamic_civ_scout_cap(168)), MANY_RULES(DEFRULE(c_few_mill, a_build_house), MANY_RULES(DEFRULE(c_enemy_has_many_pike, a_dynamic_camp_dist(20)), MANY_RULES(DEFRULE(AND(c_few_skirm, c_enemy_has_many_pike), a_res_loom), MANY_RULES(DEFRULE(c_few_barracks, a_res_loom), MANY_RULES(DEFRULE(AND(c_some_ram, c_few_barracks), a_res_loom), MANY_RULES(DEFRULE(c_no_house, a_dynamic_civ_scout_cap(168)), MANY_RULES(DEFRULE(c_few_barracks, a_train_vill), MANY_RULES(DEFRULE(c_no_house, a_dynamic_atk_percent(20)), MANY_RULES(DEFRULE(c_few_skirm, a_build_barracks), MANY_RULES(DEFRULE(c_few_barracks, a_res_loom), MANY_RULES(DEFRULE(c_few_skirm, a_build_lumber_camp), MANY_RULES(DEFRULE(c_few_skirm, a_train_vill), MANY_RULES(DEFRULE(AND(c_some_ram, c_few_skirm), a_res_loom), MANY_RULES(DEFRULE(c_few_barracks, a_res_loom), MANY_RULES(DEFRULE(c_few_skirm, a_res_farm_2), MANY_RULES(DEFRULE(c_few_barracks, a_forward_castle), MANY_RULES(DEFRULE(c_many_ram, a_dynamic_civ_scout_cap(20)), MANY_RULES(DEFRULE(c_some_ram, a_build_house), MANY_RULES(DEFRULE(AND(AND(c_no_mining_camp, c_far_gold), AND(c_few_treb, c_far_gold)), a_train_vill), MANY_RULES(DEFRULE(c_few_skirm, a_train_vill), MANY_RULES(DEFRULE(c_few_skirm, a_res_farm_2), MANY_RULES(DEFRULE(c_is_feudal_age, a_train_monk), MANY_RULES(t_empty_rule, t_empty_list))))))))))))))))))))))))))))))))))))))"
161,28,400.8136,"MANY_RULES(DEFRULE(AND(c_no_lumber_camp, c_can_res_chain_mail), a_dynamic_group_size(i_val(62))), MANY_RULES(DEFRULE(c_few_skirm, a_build_house), MANY_RULES(DEFRULE(c_enemy_has_many_pike, a_res_loom), MANY_RULES(DEFRULE(AND(AND(c_can_build_town_center, c_few_siege_workshop), c_enemy_has_many_pike), a_res_loom), MANY_RULES(DEFRULE(c_few_skirm, a_build_barracks), MANY_RULES(DEFRULE(c_few_barracks, a_dynamic_civ_scout_cap(168)), MANY_RULES(DEFRULE(c_some_ram, a_dynamic_civ_scout_cap(20)), MANY_RULES(DEFRULE(c_few_skirm, a_res_loom), MANY_RULES(DEFRULE(c_few_skirm, a_train_vill), MANY_RULES(DEFRULE(c_few_skirm, a_res_loom), MANY_RULES(DEFRULE(AND(c_few_skirm, c_enemy_has_many_pike), a_res_loom), MANY_RULES(DEFRULE(c_few_skirm, a_forward_castle), MANY_RULES(DEFRULE(AND(c_many_archer, c_few_watch_tower), a_res_loom), MANY_RULES(DEFRULE(c_few_skirm, a_res_loom), MANY_RULES(DEFRULE(AND(c_few_skirm, c_can_res_gold_2), a_dynamic_civ_scout_cap(168)), MANY_RULES(DEFRULE(c_few_mill, a_build_house), MANY_RULES(DEFRULE(c_enemy_has_many_pike, a_dynamic_camp_dist(20)), MANY_RULES(DEFRULE(AND(c_few_skirm, c_enemy_has_many_pike), a_res_loom), MANY_RULES(DEFRULE(c_few_barracks, a_res_loom), MANY_RULES(DEFRULE(AND(c_some_ram, c_few_barracks), a_res_loom), MANY_RULES(DEFRULE(c_no_house, a_dynamic_civ_scout_cap(168)), MANY_RULES(DEFRULE(c_few_barracks, a_train_vill), MANY_RULES(DEFRULE(c_no_house, a_dynamic_atk_percent(20)), MANY_RULES(DEFRULE(c_few_skirm, a_build_barracks), MANY_RULES(DEFRULE(c_few_barracks, a_res_loom), MANY_RULES(DEFRULE(c_few_skirm, a_build_lumber_camp), MANY_RULES(DEFRULE(c_few_skirm, a_train_vill), MANY_RULES(DEFRULE(AND(c_some_ram, c_few_skirm), a_res_loom), MANY_RULES(DEFRULE(c_few_barracks, a_res_loom), MANY_RULES(DEFRULE(c_few_skirm, a_res_farm_2), MANY_RULES(DEFRULE(c_few_barracks, a_forward_castle), MANY_RULES(DEFRULE(c_many_ram, a_dynamic_civ_scout_cap(20)), MANY_RULES(DEFRULE(c_some_ram, a_build_house), MANY_RULES(DEFRULE(AND(AND(c_no_mining_camp, c_far_gold), AND(c_few_treb, c_far_gold)), a_train_vill), MANY_RULES(DEFRULE(c_few_skirm, a_train_vill), MANY_RULES(DEFRULE(c_few_skirm, a_res_farm_2), MANY_RULES(DEFRULE(c_is_feudal_age, a_train_monk), MANY_RULES(t_empty_rule, t_empty_list))))))))))))))))))))))))))))))))))))))"
161,68,399.5112,"MANY_RULES(DEFRULE(AND(c_no_lumber_camp, c_can_res_chain_mail), a_dynamic_group_size(20)), MANY_RULES(DEFRULE(c_few_mill, a_build_house), MANY_RULES(DEFRULE(c_enemy_has_many_pike, a_dynamic_camp_dist(20)), MANY_RULES(DEFRULE(AND(c_few_skirm, c_enemy_has_many_pike), a_res_loom), MANY_RULES(DEFRULE(c_few_barracks, a_res_loom), MANY_RULES(DEFRULE(AND(c_some_ram, c_many_ram), a_res_loom), MANY_RULES(DEFRULE(c_no_house, a_dynamic_civ_scout_cap(168)), MANY_RULES(DEFRULE(c_few_barracks, a_res_loom), MANY_RULES(DEFRULE(c_no_house, a_dynamic_atk_percent(i_val(62))), MANY_RULES(DEFRULE(c_few_skirm, a_build_barracks), MANY_RULES(DEFRULE(c_few_barracks, a_res_loom), MANY_RULES(DEFRULE(c_few_skirm, a_build_lumber_camp), MANY_RULES(DEFRULE(c_few_barracks, a_res_loom), MANY_RULES(DEFRULE(c_far_gold, a_train_vill), MANY_RULES(DEFRULE(c_far_gold, a_train_vill), MANY_RULES(DEFRULE(c_few_skirm, a_res_loom), MANY_RULES(DEFRULE(AND(c_few_skirm, c_enemy_has_many_pike), a_dynamic_civ_scout_cap(12)), MANY_RULES(DEFRULE(c_few_skirm, a_res_loom), MANY_RULES(DEFRULE(c_few_skirm, a_train_vill), MANY_RULES(DEFRULE(c_few_skirm, a_res_loom), MANY_RULES(DEFRULE(c_few_skirm, a_res_farm_2), MANY_RULES(DEFRULE(c_can_buy_food, a_forward_castle), MANY_RULES(DEFRULE(c_many_ram, a_dynamic_civ_scout_cap(168)), MANY_RULES(DEFRULE(c_few_mill, a_dynamic_civ_scout_cap(12)), MANY_RULES(DEFRULE(c_far_gold, a_train_vill), MANY_RULES(DEFRULE(c_few_skirm, a_train_vill), MANY_RULES(DEFRULE(c_few_skirm, a_res_farm_2), MANY_RULES(DEFRULE(c_few_barracks, a_res_loom), MANY_RULES(DEFRULE(c_few_skirm, a_dynamic_civ_scout_cap(168)), MANY_RULES(DEFRULE(AND(c_some_ram, c_few_skirm), a_res_loom), MANY_RULES(DEFRULE(c_no_house, a_dynamic_atk_percent(i_val(3))), MANY_RULES(DEFRULE(c_few_barracks, a_forward_castle), MANY_RULES(DEFRULE(c_many_ram, a_dynamic_civ_scout_cap(20)), MANY_RULES(DEFRULE(c_some_infantry, a_build_house), MANY_RULES(DEFRULE(c_far_gold, a_train_vill), MANY_RULES(DEFRULE(c_few_skirm, a_train_vill), MANY_RULES(DEFRULE(c_few_skirm, a_res_farm_2), MANY_RULES(DEFRULE(c_few_barracks, a_res_loom), MANY_RULES(DEFRULE(c_few_skirm, a_dynamic_civ_scout_cap(i_val(12))), MANY_RULES(DEFRULE(c_no_house, a_dynamic_atk_percent(i_val(62))), MANY_RULES(t_empty_rule, MANY_RULES(DEFRULE(c_few_barracks, a_res_loom), MANY_RULES(DEFRULE(c_some_ram, a_build_house), MANY_RULES(DEFRULE(AND(c_some_ram, c_few_skirm), a_res_loom), TWO_RULES(DEFRULE(c_few_barracks, a_town_size_20), DEFRULE(c_low_wood, a_train_vill))))))))))))))))))))))))))))))))))))))))))))))"
161,84,393.5272,"TWO_RULES(DEFRULE(AND(c_no_blacksmith, c_can_build_monastery), DO_BOTH(a_retreat_tc, a_build_barracks)), DEFRULE(AND(c_need_farms, c_far_wood), a_dynamic_civ_scout_cap(84)))"
161,24,387.5344,"MANY_RULES(DEFRULE(AND(c_has_food, c_can_res_stone_1), a_dynamic_camp_dist(20)), TWO_RULES(DEFRULE(c_enemy_has_many_knight, a_go_feudal_age), DEFRULE(c_few_dock, a_forward_barracks)))"
161,70,386.8256,"MANY_RULES(DEFRULE(AND(c_no_lumber_camp, c_can_res_chain_mail), a_dynamic_group_size(20)), MANY_RULES(DEFRULE(c_few_mill, a_build_house), MANY_RULES(DEFRULE(c_enemy_has_many_pike, a_dynamic_camp_dist(20)), MANY_RULES(DEFRULE(AND(c_few_skirm, c_enemy_has_many_pike), a_res_loom), MANY_RULES(DEFRULE(c_few_barracks, a_res_loom), MANY_RULES(DEFRULE(AND(c_some_ram, c_many_ram), a_res_loom), MANY_RULES(DEFRULE(c_no_house, a_dynamic_civ_scout_cap(168)), MANY_RULES(DEFRULE(c_few_barracks, a_res_loom), MANY_RULES(DEFRULE(c_no_house, a_dynamic_atk_percent(i_val(i_val(168)))), MANY_RULES(DEFRULE(c_few_skirm, a_build_barracks), MANY_RULES(DEFRULE(c_few_barracks, a_res_loom), MANY_RULES(DEFRULE(c_few_skirm, a_build_lumber_camp), MANY_RULES(DEFRULE(c_few_skirm, a_train_vill), MANY_RULES(DEFRULE(AND(c_some_ram, c_few_skirm), a_res_loom), MANY_RULES(DEFRULE(c_few_barracks, a_res_loom), MANY_RULES(DEFRULE(c_few_skirm, a_res_farm_2), MANY_RULES(DEFRULE(c_few_skirm, a_forward_castle), MANY_RULES(DEFRULE(c_many_ram, a_dynamic_civ_scout_cap(20)), MANY_RULES(DEFRULE(c_some_ram, a_build_house), MANY_RULES(DEFRULE(AND(AND(c_no_mining_camp, c_far_gold), AND(c_few_treb, c_far_gold)), a_train_vill), MANY_RULES(DEFRULE(c_far_gold, a_res_loom), MANY_RULES(DEFRULE(c_few_skirm, a_res_farm_2), MANY_RULES(DEFRULE(c_no_blacksmith, a_res_loom), MANY_RULES(DEFRULE(c_few_skirm, a_dynamic_civ_scout_cap(168)), MANY_RULES(DEFRULE(c_few_skirm, a_res_farm_2), MANY_RULES(DEFRULE(c_no_house, a_dynamic_atk_percent(i_val(20))), MANY_RULES(DEFRULE(c_few_skirm, a_build_barracks), MANY_RULES(DEFRULE(c_few_barracks, a_res_loom), MANY_RULES(DEFRULE(c_few_skirm, a_res_farm_2), MANY_RULES(DEFRULE(c_few_barracks, a_res_loom), MANY_RULES(DEFRULE(AND(c_few_skirm, c_few_skirm), a_res_loom), t_empty_list)))))))))))))))))))))))))))))))"
161,82,385.762,"MANY_RULES(DEFRULE(AND(c_no_lumber_camp, c_can_res_chain_mail), a_dynamic_group_size(168)), MANY_RULES(t_empty_rule, MANY_RULES(DEFRULE(c_far_gold, a_train_vill), MANY_RULES(DEFRULE(c_few_skirm, a_res_loom), MANY_RULES(DEFRULE(AND(c_few_skirm, c_enemy_has_many_pike), a_dynamic_civ_scout_cap(12)), MANY_RULES(DEFRULE(c_few_skirm, a_res_loom), MANY_RULES(DEFRULE(c_few_skirm, a_train_vill), MANY_RULES(DEFRULE(c_few_skirm, a_res_loom), MANY_RULES(DEFRULE(c_few_skirm, a_res_farm_2), MANY_RULES(DEFRULE(c_few_barracks, a_build_house), MANY_RULES(DEFRULE(c_many_ram, a_dynamic_civ_scout_cap(20)), MANY_RULES(DEFRULE(c_some_ram, a_build_house), MANY_RULES(DEFRULE(c_few_skirm, a_train_vill), MANY_RULES(DEFRULE(c_few_skirm, a_res_farm_2), MANY_RULES(DEFRULE(c_few_barracks, a_res_loom), MANY_RULES(DEFRULE(c_few_skirm, a_dynamic_civ_scout_cap(12)), MANY_RULES(DEFRULE(AND(c_some_ram, c_few_skirm), a_res_loom), MANY_RULES(DEFRULE(c_no_house, a_dynamic_atk_percent(i_val(3))), MANY_RULES(DEFRULE(AND(c_few_skirm, c_enemy_has_many_pike), a_res_farm_2), MANY_RULES(DEFRULE(c_few_barracks, a_forward_castle), MANY_RULES(DEFRULE(c_many_ram, a_dynamic_civ_scout_cap(20)), MANY_RULES(DEFRULE(c_few_barracks, a_forward_castle), MANY_RULES(DEFRULE(c_far_gold, a_train_vill), MANY_RULES(DEFRULE(c_few_skirm, a_train_vill), MANY_RULES(DEFRULE(c_few_skirm, a_res_farm_2), MANY_RULES(DEFRULE(c_few_barracks, a_res_loom), MANY_RULES(DEFRULE(c_few_skirm, a_dynamic_civ_scout_cap(i_val(62))), MANY_RULES(t_empty_rule, MANY_RULES(DEFRULE(c_few_barracks, a_res_loom), MANY_RULES(DEFRULE(c_no_house, a_dynamic_atk_percent(i_val(62))), MANY_RULES(DEFRULE(c_few_skirm, a_build_barracks), MANY_RULES(DEFRULE(c_few_barracks, a_res_loom), MANY_RULES(DEFRULE(c_few_skirm, a_build_lumber_camp), MANY_RULES(DEFRULE(c_few_skirm, a_train_vill), MANY_RULES(DEFRULE(AND(c_some_ram, c_few_skirm), a_res_loom), MANY_RULES(DEFRULE(c_few_barracks, a_res_loom), MANY_RULES(DEFRULE(c_few_skirm, a_res_farm_2), MANY_RULES(DEFRULE(c_few_barracks, a_forward_castle), MANY_RULES(DEFRULE(c_many_ram, a_dynamic_civ_scout_cap(20)), MANY_RULES(DEFRULE(c_few_barracks, a_forward_castle), MANY_RULES(DEFRULE(c_many_ram, a_dynamic_camp_dist(20)), MANY_RULES(DEFRULE(c_some_ram, a_build_house), MANY_RULES(DEFRULE(c_no_house, a_dynamic_civ_scout_cap(168)), MANY_RULES(DEFRULE(c_few_barracks, a_res_loom), MANY_RULES(DEFRULE(c_no_house, a_dynamic_atk_percent(i_val(62))), MANY_RULES(DEFRULE(c_few_skirm, a_train_vill), MANY_RULES(DEFRULE(c_enemy_has_few_archer, a_build_barracks), MANY_RULES(DEFRULE(c_few_skirm, a_dynamic_civ_scout_cap(168)), MANY_RULES(DEFRULE(AND(c_many_archer, c_few_watch_tower), a_res_loom), MANY_RULES(DEFRULE(c_few_skirm, a_res_loom), MANY_RULES(DEFRULE(c_no_house, a_dynamic_civ_scout_cap(168)), MANY_RULES(DEFRULE(c_few_barracks, a_train_vill), MANY_RULES(DEFRULE(c_no_house, a_res_loom), MANY_RULES(DEFRULE(c_some_ram, a_build_house), MANY_RULES(DEFRULE(AND(c_mil_pop_10, c_no_archery_range), a_dynamic_civ_scout_cap(62)), MANY_RULES(DEFRULE(c_few_skirm, a_train_vill), MANY_RULES(DEFRULE(c_few_skirm, a_res_farm_2), MANY_RULES(DEFRULE(AND(c_many_archer, c_few_watch_tower), a_res_loom), MANY_RULES(DEFRULE(c_few_skirm, a_dynamic_civ_scout_cap(168)), MANY_RULES(DEFRULE(c_few_barracks, a_forward_castle), MANY_RULES(DEFRULE(c_no_house, a_dynamic_atk_percent(i_val(62))), MANY_RULES(DEFRULE(c_few_skirm, a_build_barracks), MANY_RULES(DEFRULE(c_few_barracks, a_res_loom), MANY_RULES(DEFRULE(c_can_res_blast, a_go_feudal_age), MANY_RULES(t_empty_rule, t_empty_list)))))))))))))))))))))))))))))))))))))))))))))))))))))))))))))))))"
161,15,383.916,"MANY_RULES(DEFRULE(AND(c_no_lumber_camp, c_can_res_chain_mail), a_dynamic_group_size(20)), MANY_RULES(DEFRULE(c_few_mill, a_build_house), MANY_RULES(DEFRULE(c_enemy_has_many_pike, a_dynamic_camp_dist(20)), MANY_RULES(DEFRULE(AND(c_few_skirm, c_enemy_has_many_pike), a_res_loom), MANY_RULES(DEFRULE(c_few_barracks, a_build_lumber_camp), MANY_RULES(DEFRULE(AND(c_some_ram, c_many_ram), a_res_loom), MANY_RULES(DEFRULE(c_no_house, a_dynamic_civ_scout_cap(168)), MANY_RULES(DEFRULE(c_few_barracks, a_res_loom), MANY_RULES(DEFRULE(AND(c_some_ram, c_few_skirm), a_res_loom), MANY_RULES(DEFRULE(c_few_barracks, a_res_loom), MANY_RULES(DEFRULE(c_few_skirm, a_res_farm_2), MANY_RULES(DEFRULE(c_few_barracks, a_forward_castle), MANY_RULES(DEFRULE(c_many_ram, a_dynamic_civ_scout_cap(20)), MANY_RULES(DEFRULE(c_few_barracks, a_forward_castle), MANY_RULES(DEFRULE(c_many_ram, a_dynamic_camp_dist(20)), MANY_RULES(DEFRULE(c_some_ram, a_build_house), MANY_RULES(DEFRULE(c_no_house, a_dynamic_civ_scout_cap(168)), MANY_RULES(DEFRULE(c_few_barracks, a_res_loom), MANY_RULES(DEFRULE(c_no_house, a_dynamic_atk_percent(i_val(62))), MANY_RULES(DEFRULE(c_few_skirm, a_train_vill), MANY_RULES(DEFRULE(c_few_skirm, a_res_hand_cart), MANY_RULES(DEFRULE(c_few_skirm, a_dynamic_civ_scout_cap(168)), MANY_RULES(DEFRULE(AND(c_many_archer, c_few_watch_tower), a_res_loom), MANY_RULES(DEFRULE(c_few_skirm, a_res_loom), MANY_RULES(DEFRULE(c_no_house, a_dynamic_civ_scout_cap(168)), MANY_RULES(DEFRULE(c_few_barracks, a_train_vill), MANY_RULES(DEFRULE(c_no_house, a_dynamic_atk_percent(20)), MANY_RULES(DEFRULE(c_some_ram, a_build_house), MANY_RULES(DEFRULE(AND(c_mil_pop_10, c_no_archery_range), a_dynamic_civ_scout_cap(62)), MANY_RULES(DEFRULE(c_few_skirm, a_train_vill), MANY_RULES(DEFRULE(c_few_skirm, a_res_farm_2), MANY_RULES(DEFRULE(AND(c_many_archer, c_few_watch_tower), a_res_loom), MANY_RULES(DEFRULE(c_few_skirm, a_dynamic_civ_scout_cap(168)), MANY_RULES(DEFRULE(c_few_barracks, a_forward_castle), MANY_RULES(DEFRULE(c_no_house, a_dynamic_atk_percent(i_val(62))), MANY_RULES(DEFRULE(c_few_skirm, a_build_barracks), MANY_RULES(DEFRULE(c_few_barracks, a_res_loom), MANY_RULES(DEFRULE(c_can_res_blast, a_go_feudal_age), MANY_RULES(t_empty_rule, t_empty_list)))))))))))))))))))))))))))))))))))))))"
161,58,376.4228,"MANY_RULES(DEFRULE(AND(c_no_lumber_camp, c_can_res_chain_mail), a_dynamic_group_size(i_val(12))), MANY_RULES(DEFRULE(c_few_skirm, a_build_house), MANY_RULES(DEFRULE(c_enemy_has_many_pike, a_build_town_center), MANY_RULES(DEFRULE(AND(AND(c_can_build_town_center, c_few_siege_workshop), c_enemy_has_many_pike), a_res_loom), MANY_RULES(DEFRULE(c_few_skirm, a_build_barracks), MANY_RULES(DEFRULE(c_few_barracks, a_dynamic_civ_scout_cap(168)), MANY_RULES(DEFRULE(c_some_ram, a_dynamic_civ_scout_cap(20)), MANY_RULES(DEFRULE(c_few_skirm, a_res_loom), MANY_RULES(DEFRULE(c_few_skirm, a_train_vill), MANY_RULES(DEFRULE(c_few_skirm, a_res_loom), MANY_RULES(DEFRULE(c_few_skirm, a_res_loom), MANY_RULES(DEFRULE(c_few_skirm, a_dynamic_civ_scout_cap(12)), MANY_RULES(DEFRULE(AND(c_many_archer, c_few_watch_tower), a_res_loom), MANY_RULES(DEFRULE(c_no_house, a_res_loom), MANY_RULES(DEFRULE(AND(c_can_res_stone_2, c_few_skirm), a_res_loom), TWO_RULES(DEFRULE(c_few_barracks, a_build_lumber_camp), DEFRULE(c_has_monk, a_train_vill)))))))))))))))))"
161,34,353.054,"MANY_RULES(DEFRULE(AND(c_no_lumber_camp, c_can_res_chain_mail), a_dynamic_group_size(168)), MANY_RULES(t_empty_rule, MANY_RULES(DEFRULE(c_far_gold, a_train_vill), MANY_RULES(DEFRULE(c_few_skirm, a_res_loom), MANY_RULES(DEFRULE(AND(c_few_skirm, c_enemy_has_many_pike), a_dynamic_civ_scout_cap(12)), MANY_RULES(DEFRULE(c_few_skirm, a_res_loom), MANY_RULES(DEFRULE(c_few_skirm, a_train_vill), MANY_RULES(DEFRULE(c_few_skirm, a_res_loom), MANY_RULES(DEFRULE(c_few_skirm, a_res_farm_2), MANY_RULES(DEFRULE(c_few_barracks, a_train_vill), MANY_RULES(DEFRULE(c_many_ram, a_dynamic_civ_scout_cap(20)), MANY_RULES(DEFRULE(c_some_ram, a_build_house), MANY_RULES(DEFRULE(c_few_skirm, a_train_vill), MANY_RULES(DEFRULE(c_few_skirm, a_res_farm_2), MANY_RULES(DEFRULE(c_few_barracks, a_res_loom), MANY_RULES(DEFRULE(c_few_skirm, a_dynamic_civ_scout_cap(12)), MANY_RULES(DEFRULE(AND(c_some_ram, c_few_skirm), a_res_loom), MANY_RULES(DEFRULE(c_few_barracks, a_forward_castle), MANY_RULES(DEFRULE(AND(c_few_skirm, c_enemy_has_many_pike), a_res_farm_2), MANY_RULES(DEFRULE(c_few_barracks, a_forward_castle), MANY_RULES(DEFRULE(c_many_ram, a_dynamic_civ_scout_cap(20)), MANY_RULES(DEFRULE(c_few_barracks, a_forward_castle), MANY_RULES(DEFRULE(c_far_gold, a_train_vill), MANY_RULES(DEFRULE(c_few_skirm, a_train_vill), MANY_RULES(DEFRULE(c_few_skirm, a_res_farm_2), MANY_RULES(DEFRULE(c_few_barracks, a_res_loom), MANY_RULES(DEFRULE(c_few_skirm, a_dynamic_civ_scout_cap(i_val(62))), MANY_RULES(t_empty_rule, MANY_RULES(DEFRULE(c_few_barracks, a_res_loom), MANY_RULES(DEFRULE(c_no_house, a_dynamic_atk_percent(i_val(62))), MANY_RULES(DEFRULE(c_few_skirm, a_build_barracks), MANY_RULES(DEFRULE(c_few_barracks, a_res_loom), MANY_RULES(DEFRULE(c_few_skirm, a_build_lumber_camp), MANY_RULES(DEFRULE(c_few_skirm, a_train_vill), MANY_RULES(DEFRULE(AND(c_some_ram, c_few_skirm), a_res_loom), MANY_RULES(DEFRULE(c_few_barracks, a_res_loom), MANY_RULES(DEFRULE(c_few_skirm, a_res_farm_2), MANY_RULES(DEFRULE(c_few_barracks, a_forward_castle), MANY_RULES(DEFRULE(c_many_ram, a_dynamic_civ_scout_cap(20)), MANY_RULES(DEFRULE(c_few_barracks, a_forward_castle), MANY_RULES(DEFRULE(c_many_ram, a_dynamic_camp_dist(20)), MANY_RULES(DEFRULE(c_some_ram, a_build_house), MANY_RULES(DEFRULE(c_no_house, a_dynamic_civ_scout_cap(168)), MANY_RULES(DEFRULE(c_few_barracks, a_res_loom), MANY_RULES(DEFRULE(c_no_house, a_dynamic_atk_percent(i_val(62))), MANY_RULES(DEFRULE(c_few_skirm, a_train_vill), MANY_RULES(DEFRULE(c_few_skirm, a_build_barracks), MANY_RULES(DEFRULE(c_few_skirm, a_dynamic_civ_scout_cap(168)), MANY_RULES(DEFRULE(AND(c_many_archer, c_few_watch_tower), a_res_loom), MANY_RULES(DEFRULE(c_few_skirm, a_res_loom), MANY_RULES(DEFRULE(c_no_house, a_dynamic_civ_scout_cap(168)), MANY_RULES(DEFRULE(c_few_barracks, a_train_vill), MANY_RULES(DEFRULE(c_no_house, a_dynamic_atk_percent(20)), MANY_RULES(DEFRULE(c_some_ram, a_build_house), MANY_RULES(DEFRULE(AND(c_mil_pop_10, c_no_archery_range), a_dynamic_civ_scout_cap(62)), MANY_RULES(DEFRULE(c_few_skirm, a_train_vill), MANY_RULES(DEFRULE(c_few_skirm, a_res_farm_2), MANY_RULES(DEFRULE(AND(c_many_archer, c_few_watch_tower), a_res_loom), MANY_RULES(DEFRULE(c_few_skirm, a_dynamic_civ_scout_cap(168)), MANY_RULES(DEFRULE(c_few_barracks, a_forward_castle), MANY_RULES(DEFRULE(c_no_house, a_dynamic_atk_percent(i_val(62))), MANY_RULES(DEFRULE(c_few_skirm, a_build_barracks), MANY_RULES(DEFRULE(c_few_barracks, a_res_loom), MANY_RULES(DEFRULE(c_few_skirm, a_train_vill), MANY_RULES(t_empty_rule, t_empty_list)))))))))))))))))))))))))))))))))))))))))))))))))))))))))))))))))"
161,85,350.7192,"TWO_RULES(DEFRULE(c_few_knight, a_town_size_40), DEFRULE(c_some_infantry, a_town_size_30))"
161,61,349.378,"MANY_RULES(DEFRULE(AND(c_no_lumber_camp, c_can_res_chain_mail), a_dynamic_group_size(20)), MANY_RULES(DEFRULE(c_few_skirm, a_build_house), MANY_RULES(DEFRULE(c_enemy_has_many_pike, a_dynamic_camp_dist(20)), MANY_RULES(DEFRULE(c_few_skirm, a_res_loom), MANY_RULES(DEFRULE(c_no_house, a_dynamic_civ_scout_cap(168)), MANY_RULES(DEFRULE(c_few_barracks, a_res_loom), MANY_RULES(DEFRULE(c_no_house, a_dynamic_atk_percent(i_val(168))), MANY_RULES(DEFRULE(c_few_skirm, a_build_barracks), MANY_RULES(DEFRULE(c_few_barracks, a_res_loom), MANY_RULES(DEFRULE(c_few_skirm, a_build_lumber_camp), MANY_RULES(DEFRULE(c_few_skirm, a_train_vill), MANY_RULES(DEFRULE(AND(c_few_watch_tower, c_few_skirm), a_res_loom), MANY_RULES(DEFRULE(c_few_barracks, a_res_loom), MANY_RULES(DEFRULE(c_few_skirm, a_res_farm_2), MANY_RULES(DEFRULE(c_few_skirm, a_build_barracks), MANY_RULES(DEFRULE(c_few_barracks, a_res_loom), MANY_RULES(DEFRULE(c_few_barracks, a_forward_castle), MANY_RULES(DEFRULE(c_few_archery_range, a_res_loom), MANY_RULES(DEFRULE(c_few_skirm, a_dynamic_civ_scout_cap(12)), MANY_RULES(DEFRULE(AND(c_some_ram, c_few_skirm), a_res_loom), MANY_RULES(DEFRULE(c_few_watch_tower, a_train_vill), MANY_RULES(DEFRULE(AND(c_few_skirm, c_enemy_has_many_pike), a_res_farm_2), MANY_RULES(DEFRULE(c_few_barracks, a_forward_castle), MANY_RULES(DEFRULE(c_few_skirm, a_dynamic_civ_scout_cap(20)), MANY_RULES(DEFRULE(c_some_infantry, a_build_house), MANY_RULES(DEFRULE(c_few_skirm, a_train_vill), MANY_RULES(DEFRULE(c_few_skirm, a_res_farm_2), MANY_RULES(DEFRULE(c_few_barracks, a_res_loom), MANY_RULES(DEFRULE(AND(c_few_skirm, c_enemy_has_many_pike), a_res_loom), MANY_RULES(DEFRULE(c_few_barracks, a_res_loom), MANY_RULES(DEFRULE(c_few_barracks, a_res_loom), MANY_RULES(DEFRULE(c_no_house, a_dynamic_civ_scout_cap(168)), MANY_RULES(DEFRULE(c_few_skirm, a_build_barracks), MANY_RULES(DEFRULE(c_few_barracks, a_res_loom), MANY_RULES(DEFRULE(c_few_skirm, a_build_lumber_camp), MANY_RULES(DEFRULE(c_few_barracks, a_res_loom), MANY_RULES(t_empty_rule, MANY_RULES(DEFRULE(c_far_gold, a_train_vill), MANY_RULES(DEFRULE(c_few_skirm, a_res_loom), MANY_RULES(DEFRULE(AND(c_few_skirm, c_enemy_has_many_pike), a_dynamic_civ_scout_cap(12)), MANY_RULES(DEFRULE(c_few_skirm, a_res_loom), MANY_RULES(DEFRULE(c_few_skirm, a_train_vill), MANY_RULES(DEFRULE(c_few_skirm, a_res_loom), MANY_RULES(DEFRULE(c_few_skirm, a_res_farm_2), MANY_RULES(DEFRULE(c_can_buy_food, a_forward_castle), MANY_RULES(DEFRULE(c_many_ram, a_dynamic_civ_scout_cap(168)), MANY_RULES(DEFRULE(c_few_mill, a_dynamic_civ_scout_cap(12)), MANY_RULES(DEFRULE(c_far_gold, a_train_vill), MANY_RULES(DEFRULE(c_few_skirm, a_train_vill), MANY_RULES(DEFRULE(c_few_skirm, a_res_farm_2), MANY_RULES(DEFRULE(c_few_barracks, a_res_loom), MANY_RULES(DEFRULE(c_few_skirm, a_dynamic_civ_scout_cap(168)), MANY_RULES(DEFRULE(AND(c_some_ram, c_few_skirm), a_res_loom), MANY_RULES(DEFRULE(c_no_house, a_dynamic_atk_percent(i_val(3))), MANY_RULES(DEFRULE(c_few_barracks, a_forward_castle), MANY_RULES(DEFRULE(c_many_ram, a_dynamic_civ_scout_cap(20)), MANY_RULES(DEFRULE(c_some_infantry, a_build_house), MANY_RULES(DEFRULE(c_far_gold, a_train_vill), MANY_RULES(DEFRULE(c_few_skirm, a_train_vill), MANY_RULES(DEFRULE(c_few_skirm, a_res_farm_2), MANY_RULES(DEFRULE(c_few_barracks, a_res_loom), MANY_RULES(DEFRULE(c_few_skirm, a_dynamic_civ_scout_cap(i_val(12))), MANY_RULES(DEFRULE(c_no_house, a_dynamic_atk_percent(i_val(62))), MANY_RULES(t_empty_rule, MANY_RULES(DEFRULE(c_few_barracks, a_res_loom), MANY_RULES(DEFRULE(c_some_ram, a_build_house), MANY_RULES(DEFRULE(AND(c_some_ram, c_few_skirm), a_res_loom), TWO_RULES(DEFRULE(c_few_barracks, a_town_size_20), DEFRULE(c_low_wood, a_train_vill)))))))))))))))))))))))))))))))))))))))))))))))))))))))))))))))))))))"
161,77,343.7248,"MANY_RULES(DEFRULE(c_few_archery_range, a_buy_wood), TWO_RULES(t_empty_rule, t_empty_rule))"
161,89,342.5884,"TWO_RULES(DEFRULE(AND(c_can_sell_food, c_few_market), a_dynamic_group_size(3)), DEFRULE(AND(c_many_treb, c_no_watch_tower), a_dynamic_group_size(26)))"
161,17,339.1584,"MANY_RULES(DEFRULE(c_can_res_chain_mail, a_dynamic_group_size(20)), MANY_RULES(DEFRULE(c_few_skirm, a_build_house), MANY_RULES(DEFRULE(c_enemy_has_many_pike, a_dynamic_camp_dist(20)), MANY_RULES(DEFRULE(AND(c_few_skirm, c_enemy_has_many_pike), a_res_loom), MANY_RULES(DEFRULE(c_few_barracks, a_res_loom), MANY_RULES(DEFRULE(c_few_barracks, a_res_loom), MANY_RULES(DEFRULE(c_no_house, a_dynamic_civ_scout_cap(168)), MANY_RULES(DEFRULE(c_few_barracks, a_res_loom), MANY_RULES(DEFRULE(c_no_house, a_dynamic_atk_percent(i_val(12))), MANY_RULES(DEFRULE(c_few_skirm, a_build_barracks), MANY_RULES(DEFRULE(c_few_barracks, a_res_loom), MANY_RULES(DEFRULE(c_few_skirm, a_build_lumber_camp), MANY_RULES(DEFRULE(c_few_skirm, a_train_vill), MANY_RULES(DEFRULE(AND(c_some_ram, c_few_skirm), a_res_loom), MANY_RULES(DEFRULE(c_few_barracks, a_res_loom), MANY_RULES(DEFRULE(c_few_skirm, a_res_farm_2), MANY_RULES(t_empty_rule, MANY_RULES(DEFRULE(c_no_house, a_dynamic_civ_scout_cap(168)), MANY_RULES(DEFRULE(c_few_barracks, a_res_loom), MANY_RULES(DEFRULE(c_no_house, a_dynamic_atk_percent(i_val(168))), MANY_RULES(DEFRULE(c_few_skirm, a_build_barracks), MANY_RULES(DEFRULE(c_few_barracks, a_res_loom), MANY_RULES(DEFRULE(c_few_skirm, a_build_lumber_camp), MANY_RULES(DEFRULE(c_no_house, a_dynamic_atk_percent(i_val(62))), MANY_RULES(DEFRULE(c_few_skirm, a_build_barracks), MANY_RULES(DEFRULE(c_few_barracks, a_res_loom), MANY_RULES(DEFRULE(c_can_res_blast, a_go_feudal_age), MANY_RULES(t_empty_rule, t_empty_list))))))))))))))))))))))))))))"
161,87,337.7296,"MANY_RULES(DEFRULE(c_many_infantry, a_build_monastery), MANY_RULES(t_empty_rule, t_empty_list))"
161,12,331.4616,"MANY_RULES(DEFRULE(AND(c_no_lumber_camp, c_can_res_chain_mail), a_dynamic_group_size(168)), MANY_RULES(t_empty_rule, MANY_RULES(DEFRULE(c_far_gold, a_train_vill), MANY_RULES(DEFRULE(c_few_skirm, a_res_loom), MANY_RULES(DEFRULE(AND(c_few_skirm, c_enemy_has_many_pike), a_dynamic_civ_scout_cap(12)), MANY_RULES(DEFRULE(c_few_skirm, a_res_loom), MANY_RULES(DEFRULE(c_few_skirm, a_train_vill), MANY_RULES(DEFRULE(c_few_skirm, a_res_loom), MANY_RULES(DEFRULE(c_few_skirm, a_res_farm_2), MANY_RULES(DEFRULE(c_few_barracks, a_train_vill), MANY_RULES(DEFRULE(c_many_ram, a_dynamic_civ_scout_cap(20)), MANY_RULES(DEFRULE(c_some_ram, a_build_house), MANY_RULES(DEFRULE(c_few_skirm, a_train_vill), MANY_RULES(DEFRULE(c_few_skirm, a_res_farm_2), MANY_RULES(DEFRULE(c_few_barracks, a_res_loom), MANY_RULES(DEFRULE(c_some_ram, a_build_house), MANY_RULES(DEFRULE(AND(c_some_ram, c_few_skirm), a_res_loom), TWO_RULES(DEFRULE(c_few_barracks, a_town_size_20), DEFRULE(c_low_wood, a_train_vill)))))))))))))))))))"
161,73,329.8176,"MANY_RULES(DEFRULE(AND(c_no_lumber_camp, c_can_res_chain_mail), a_dynamic_group_size(20)), MANY_RULES(DEFRULE(c_few_mill, a_build_house), MANY_RULES(DEFRULE(c_enemy_has_many_pike, a_dynamic_camp_dist(20)), MANY_RULES(DEFRULE(AND(c_few_skirm, c_enemy_has_many_pike), a_res_loom), MANY_RULES(DEFRULE(c_few_barracks, a_res_loom), MANY_RULES(DEFRULE(AND(c_some_ram, c_many_ram), a_res_loom), MANY_RULES(DEFRULE(c_no_house, a_dynamic_civ_scout_cap(168)), MANY_RULES(DEFRULE(c_few_barracks, a_res_loom), MANY_RULES(DEFRULE(c_no_house, a_dynamic_atk_percent(i_val(62))), MANY_RULES(DEFRULE(c_few_skirm, a_build_barracks), MANY_RULES(DEFRULE(c_few_barracks, a_res_loom), MANY_RULES(t_empty_rule, MANY_RULES(DEFRULE(c_few_barracks, a_res_loom), MANY_RULES(DEFRULE(c_far_gold, a_train_vill), MANY_RULES(DEFRULE(c_far_gold, a_train_vill), MANY_RULES(DEFRULE(c_few_skirm, a_res_loom), MANY_RULES(DEFRULE(AND(c_few_skirm, c_enemy_has_many_pike), a_dynamic_civ_scout_cap(12)), MANY_RULES(DEFRULE(c_few_skirm, a_res_loom), MANY_RULES(DEFRULE(c_few_skirm, a_train_vill), MANY_RULES(DEFRULE(c_few_skirm, a_res_loom), MANY_RULES(DEFRULE(c_few_skirm, a_res_farm_2), MANY_RULES(DEFRULE(c_can_buy_food, a_forward_castle), MANY_RULES(DEFRULE(c_many_ram, a_dynamic_civ_scout_cap(168)), MANY_RULES(DEFRULE(c_few_mill, a_dynamic_civ_scout_cap(12)), MANY_RULES(DEFRULE(c_far_gold, a_train_vill), MANY_RULES(DEFRULE(c_few_skirm, a_train_vill), MANY_RULES(DEFRULE(c_few_skirm, a_res_farm_2), MANY_RULES(DEFRULE(c_few_barracks, a_res_loom), MANY_RULES(DEFRULE(c_few_skirm, a_dynamic_civ_scout_cap(168)), MANY_RULES(DEFRULE(AND(c_some_ram, c_few_skirm), a_res_loom), MANY_RULES(DEFRULE(c_no_house, a_dynamic_atk_percent(i_val(3))), MANY_RULES(DEFRULE(c_few_barracks, a_forward_castle), MANY_RULES(DEFRULE(c_many_ram, a_dynamic_civ_scout_cap(20)), MANY_RULES(DEFRULE(c_some_infantry, a_build_house), MANY_RULES(DEFRULE(c_far_gold, a_train_vill), MANY_RULES(DEFRULE(c_few_skirm, a_train_vill), MANY_RULES(DEFRULE(c_few_skirm, a_res_farm_2), MANY_RULES(DEFRULE(c_few_barracks, a_res_loom), MANY_RULES(DEFRULE(c_few_skirm, a_dynamic_civ_scout_cap(i_val(12))), MANY_RULES(DEFRULE(c_no_house, a_dynamic_atk_percent(i_val(62))), MANY_RULES(t_empty_rule, MANY_RULES(DEFRULE(c_few_barracks, a_res_loom), MANY_RULES(DEFRULE(c_some_ram, a_build_house), MANY_RULES(DEFRULE(AND(c_some_ram, c_few_skirm), a_res_loom), TWO_RULES(DEFRULE(c_few_barracks, a_town_size_20), DEFRULE(c_low_wood, a_train_vill))))))))))))))))))))))))))))))))))))))))))))))"
161,69,313.9296,"MANY_RULES(DEFRULE(AND(c_no_lumber_camp, c_can_res_chain_mail), a_dynamic_group_size(20)), MANY_RULES(DEFRULE(c_few_mill, a_build_house), MANY_RULES(DEFRULE(c_enemy_has_many_pike, a_dynamic_camp_dist(20)), MANY_RULES(DEFRULE(AND(c_few_skirm, c_enemy_has_many_pike), a_res_loom), MANY_RULES(DEFRULE(c_few_barracks, a_res_loom), MANY_RULES(DEFRULE(AND(c_some_ram, c_many_ram), a_res_loom), MANY_RULES(DEFRULE(c_no_house, a_dynamic_civ_scout_cap(168)), MANY_RULES(DEFRULE(c_few_barracks, a_res_loom), MANY_RULES(DEFRULE(c_no_house, a_dynamic_atk_percent(12)), MANY_RULES(DEFRULE(c_few_skirm, a_build_barracks), MANY_RULES(DEFRULE(c_few_barracks, a_res_loom), MANY_RULES(DEFRULE(c_few_skirm, a_build_lumber_camp), MANY_RULES(DEFRULE(c_few_skirm, a_train_vill), MANY_RULES(DEFRULE(AND(c_some_ram, c_few_skirm), a_res_loom), MANY_RULES(DEFRULE(c_few_barracks, a_res_loom), MANY_RULES(DEFRULE(c_few_skirm, a_res_farm_2), MANY_RULES(DEFRULE(c_few_skirm, a_forward_castle), MANY_RULES(DEFRULE(c_many_ram, a_dynamic_civ_scout_cap(20)), MANY_RULES(DEFRULE(c_some_ram, a_build_house), MANY_RULES(DEFRULE(AND(AND(c_can_res_farm_2, c_can_build_mining_camp), AND(c_few_treb, c_far_gold)), a_train_vill), MANY_RULES(DEFRULE(c_few_skirm, a_res_farm_2), MANY_RULES(DEFRULE(AND(c_many_archer, c_no_blacksmith), a_res_loom), MANY_RULES(DEFRULE(c_few_skirm, a_dynamic_civ_scout_cap(168)), MANY_RULES(DEFRULE(c_few_skirm, a_res_farm_2), MANY_RULES(DEFRULE(c_no_house, a_dynamic_atk_percent(i_val(20))), MANY_RULES(DEFRULE(c_few_skirm, a_build_barracks), MANY_RULES(DEFRULE(c_few_barracks, a_res_loom), MANY_RULES(DEFRULE(c_few_skirm, a_res_farm_2), MANY_RULES(DEFRULE(c_few_barracks, a_res_loom), MANY_RULES(DEFRULE(c_few_barracks, a_res_loom), TWO_RULES(DEFRULE(c_few_barracks, a_res_loom), DEFRULE(c_low_wood, a_retreat_castle))))))))))))))))))))))))))))))))"
161,74,311.1672,"MANY_RULES(DEFRULE(AND(c_no_lumber_camp, c_can_res_chain_mail), a_dynamic_group_size(20)), MANY_RULES(DEFRULE(c_few_skirm, a_build_house), MANY_RULES(DEFRULE(c_enemy_has_many_pike, a_dynamic_camp_dist(20)), MANY_RULES(DEFRULE(c_few_barracks, a_res_loom), MANY_RULES(DEFRULE(c_no_house, a_dynamic_civ_scout_cap(168)), MANY_RULES(DEFRULE(c_few_barracks, a_res_loom), MANY_RULES(DEFRULE(c_no_house, a_dynamic_atk_percent(i_val(168))), MANY_RULES(DEFRULE(c_few_skirm, a_build_barracks), MANY_RULES(DEFRULE(c_few_barracks, a_res_loom), MANY_RULES(DEFRULE(c_few_skirm, a_build_lumber_camp), MANY_RULES(DEFRULE(c_few_skirm, a_train_vill), MANY_RULES(DEFRULE(AND(c_few_watch_tower, c_few_skirm), a_res_loom), MANY_RULES(DEFRULE(c_few_barracks, a_res_loom), MANY_RULES(DEFRULE(c_few_skirm, a_res_farm_2), MANY_RULES(DEFRULE(c_few_skirm, a_build_barracks), MANY_RULES(DEFRULE(c_few_barracks, a_res_loom), MANY_RULES(DEFRULE(c_few_barracks, a_forward_castle), MANY_RULES(DEFRULE(c_few_archery_range, a_res_loom), MANY_RULES(DEFRULE(c_few_skirm, a_dynamic_civ_scout_cap(12)), MANY_RULES(DEFRULE(AND(c_some_ram, c_few_skirm), a_res_loom), MANY_RULES(DEFRULE(c_few_watch_tower, a_train_vill), MANY_RULES(DEFRULE(AND(c_few_skirm, c_enemy_has_many_pike), a_res_farm_2), MANY_RULES(DEFRULE(c_few_barracks, a_forward_castle), MANY_RULES(DEFRULE(c_few_skirm, a_dynamic_civ_scout_cap(20)), MANY_RULES(DEFRULE(c_some_infantry, a_build_house), MANY_RULES(DEFRULE(c_few_skirm, a_train_vill), MANY_RULES(DEFRULE(c_few_skirm, a_res_farm_2), MANY_RULES(DEFRULE(c_few_barracks, a_res_loom), MANY_RULES(DEFRULE(c_few_barracks, a_res_loom), MANY_RULES(DEFRULE(c_few_barracks, a_res_loom), MANY_RULES(DEFRULE(c_no_house, a_dynamic_civ_scout_cap(i_val(37))), MANY_RULES(DEFRULE(c_few_barracks, a_res_loom), MANY_RULES(DEFRULE(c_no_house, a_dynamic_atk_percent(i_val(168))), MANY_RULES(DEFRULE(c_few_skirm, a_build_barracks), MANY_RULES(DEFRULE(c_few_barracks, a_res_loom), MANY_RULES(DEFRULE(c_few_skirm, a_build_lumber_camp), MANY_RULES(DEFRULE(c_few_skirm, a_res_loom), MANY_RULES(DEFRULE(c_some_ram, a_res_loom), MANY_RULES(DEFRULE(c_few_barracks, a_res_loom), MANY_RULES(DEFRULE(c_few_skirm, a_res_farm_2), MANY_RULES(DEFRULE(c_few_skirm, a_build_barracks), MANY_RULES(DEFRULE(c_few_barracks, a_res_loom), MANY_RULES(DEFRULE(c_some_ram, a_build_house), MANY_RULES(DEFRULE(AND(c_some_ram, c_few_skirm), a_res_loom), TWO_RULES(DEFRULE(c_few_barracks, a_build_lumber_camp), DEFRULE(c_low_wood, a_train_vill))))))))))))))))))))))))))))))))))))))))))))))"
161,88,302.5152,"TWO_RULES(DEFRULE(AND(AND(c_many_knight, c_can_sell_stone), AND(c_far_wood, c_can_build_market)), a_dynamic_civ_scout_pct(i_val(17))), DEFRULE(AND(AND(c_can_res_chemistry, c_few_knight), AND(c_far_stone, c_can_sell_stone)), a_dynamic_atk_percent(i_val(203))))"
161,94,294.764,"TWO_RULES(DEFRULE(c_few_house, a_build_university), DEFRULE(c_can_go_castle_age, a_res_wheel_barrow))"
161,54,294.48,"MANY_RULES(DEFRULE(AND(c_no_lumber_camp, c_can_res_chain_mail), a_dynamic_group_size(20)), MANY_RULES(DEFRULE(c_few_mill, a_build_house), MANY_RULES(DEFRULE(c_enemy_has_many_pike, a_dynamic_camp_dist(20)), MANY_RULES(DEFRULE(AND(c_few_skirm, c_enemy_has_many_pike), a_res_loom), MANY_RULES(DEFRULE(c_few_barracks, a_res_loom), MANY_RULES(DEFRULE(AND(c_some_ram, c_many_ram), a_res_loom), MANY_RULES(DEFRULE(c_no_house, a_dynamic_civ_scout_cap(168)), MANY_RULES(DEFRULE(c_few_barracks, a_res_loom), MANY_RULES(DEFRULE(c_no_house, a_dynamic_atk_percent(i_val(62))), MANY_RULES(DEFRULE(AND(c_some_knight, c_can_res_iron_cast), a_dynamic_civ_scout_pct(133)), MANY_RULES(DEFRULE(c_few_barracks, a_res_loom), MANY_RULES(DEFRULE(c_few_skirm, a_build_lumber_camp), MANY_RULES(DEFRULE(c_few_barracks, a_res_loom), MANY_RULES(t_empty_rule, MANY_RULES(DEFRULE(c_few_barracks, a_res_loom), MANY_RULES(DEFRULE(c_few_skirm, a_res_loom), MANY_RULES(DEFRULE(AND(c_few_skirm, c_enemy_has_many_pike), a_dynamic_civ_scout_cap(12)), MANY_RULES(DEFRULE(c_few_mill, a_build_house), MANY_RULES(DEFRULE(c_few_skirm, a_train_vill), MANY_RULES(DEFRULE(c_few_skirm, a_res_loom), MANY_RULES(DEFRULE(c_few_skirm, a_res_farm_2), MANY_RULES(DEFRULE(c_can_buy_food, a_forward_castle), MANY_RULES(DEFRULE(c_many_ram, a_dynamic_civ_scout_cap(168)), MANY_RULES(DEFRULE(c_few_mill, a_dynamic_civ_scout_cap(12)), MANY_RULES(DEFRULE(c_far_gold, a_train_vill), MANY_RULES(DEFRULE(c_few_skirm, a_train_vill), MANY_RULES(DEFRULE(c_few_skirm, a_res_farm_2), MANY_RULES(DEFRULE(c_few_barracks, a_res_loom), MANY_RULES(DEFRULE(c_few_skirm, a_dynamic_civ_scout_cap(168)), MANY_RULES(DEFRULE(AND(c_some_ram, c_few_skirm), a_res_loom), MANY_RULES(DEFRULE(c_no_house, a_dynamic_atk_percent(i_val(3))), MANY_RULES(DEFRULE(c_few_barracks, a_forward_castle), MANY_RULES(DEFRULE(c_many_ram, a_dynamic_civ_scout_cap(20)), MANY_RULES(DEFRULE(c_some_infantry, a_build_house), MANY_RULES(DEFRULE(c_far_gold, a_train_vill), MANY_RULES(DEFRULE(c_few_skirm, a_train_vill), MANY_RULES(DEFRULE(c_few_skirm, a_res_farm_2), MANY_RULES(DEFRULE(c_few_barracks, a_res_loom), MANY_RULES(DEFRULE(c_few_skirm, a_dynamic_civ_scout_cap(i_val(62))), MANY_RULES(DEFRULE(c_no_house, a_dynamic_atk_percent(i_val(62))), MANY_RULES(t_empty_rule, MANY_RULES(DEFRULE(c_few_barracks, a_res_loom), MANY_RULES(DEFRULE(c_some_ram, a_build_house), MANY_RULES(DEFRULE(AND(c_some_ram, c_few_skirm), a_res_loom), TWO_RULES(DEFRULE(c_few_barracks, a_town_size_20), DEFRULE(c_low_wood, a_res_farm_2))))))))))))))))))))))))))))))))))))))))))))))"
161,47,284.772,"MANY_RULES(DEFRULE(c_no_house, a_build_castle), TWO_RULES(t_empty_rule, t_empty_rule))"
161,91,282.7736,"TWO_RULES(DEFRULE(c_can_buy_wood, a_attack_now), DEFRULE(c_some_skirm, a_build_farm))"
161,80,280.17,"MANY_RULES(DEFRULE(AND(c_no_lumber_camp, c_can_res_chain_mail), a_dynamic_group_size(20)), MANY_RULES(DEFRULE(c_few_mill, a_build_house), MANY_RULES(DEFRULE(c_enemy_has_many_pike, a_dynamic_camp_dist(20)), MANY_RULES(DEFRULE(AND(c_few_skirm, c_enemy_has_many_pike), a_res_loom), MANY_RULES(DEFRULE(c_few_barracks, a_res_loom), MANY_RULES(DEFRULE(AND(c_some_ram, c_many_ram), a_res_loom), MANY_RULES(DEFRULE(c_no_house, a_dynamic_civ_scout_cap(168)), MANY_RULES(DEFRULE(c_few_barracks, a_res_loom), MANY_RULES(DEFRULE(c_no_house, a_dynamic_atk_percent(i_val(62))), MANY_RULES(DEFRULE(c_few_skirm, a_build_barracks), MANY_RULES(DEFRULE(c_few_barracks, a_res_loom), MANY_RULES(DEFRULE(c_few_skirm, a_build_lumber_camp), MANY_RULES(DEFRULE(c_few_barracks, a_res_loom), MANY_RULES(t_empty_rule, MANY_RULES(DEFRULE(c_far_gold, a_train_vill), MANY_RULES(DEFRULE(c_few_skirm, a_res_loom), MANY_RULES(DEFRULE(AND(c_few_skirm, c_enemy_has_many_pike), a_dynamic_civ_scout_cap(12)), MANY_RULES(DEFRULE(c_few_mill, a_build_house), MANY_RULES(DEFRULE(c_few_skirm, a_train_vill), MANY_RULES(DEFRULE(c_few_skirm, a_res_loom), MANY_RULES(DEFRULE(c_few_skirm, a_res_farm_2), MANY_RULES(DEFRULE(c_can_buy_food, a_forward_castle), MANY_RULES(DEFRULE(c_many_ram, a_dynamic_civ_scout_cap(168)), MANY_RULES(t_empty_rule, t_empty_list))))))))))))))))))))))))"
161,42,277.7136,"MANY_RULES(DEFRULE(AND(c_can_build_university, c_can_res_gold_1), a_dynamic_group_size(14)), MANY_RULES(t_empty_rule, MANY_RULES(DEFRULE(c_no_house, a_res_loom), MANY_RULES(DEFRULE(c_few_barracks, a_res_loom), MANY_RULES(DEFRULE(c_no_house, a_dynamic_atk_percent(i_val(62))), MANY_RULES(DEFRULE(c_few_skirm, a_build_barracks), MANY_RULES(DEFRULE(c_few_barracks, a_res_loom), MANY_RULES(DEFRULE(c_few_skirm, a_build_lumber_camp), MANY_RULES(DEFRULE(c_few_skirm, a_train_vill), MANY_RULES(DEFRULE(AND(c_some_ram, c_few_skirm), a_build_house), MANY_RULES(DEFRULE(c_few_barracks, a_res_loom), MANY_RULES(DEFRULE(c_few_skirm, a_res_farm_2), MANY_RULES(DEFRULE(c_few_barracks, a_forward_castle), MANY_RULES(DEFRULE(c_many_ram, a_dynamic_civ_scout_cap(20)), MANY_RULES(DEFRULE(c_few_barracks, a_forward_castle), MANY_RULES(DEFRULE(c_many_ram, a_dynamic_civ_scout_cap(20)), MANY_RULES(DEFRULE(c_some_ram, a_build_house), MANY_RULES(DEFRULE(c_no_house, a_dynamic_civ_scout_cap(168)), MANY_RULES(DEFRULE(c_no_house, a_dynamic_atk_percent(i_val(62))), MANY_RULES(DEFRULE(c_few_skirm, a_train_vill), MANY_RULES(DEFRULE(c_few_skirm, a_build_barracks), MANY_RULES(DEFRULE(c_few_skirm, a_dynamic_civ_scout_cap(168)), MANY_RULES(DEFRULE(AND(c_many_archer, c_few_watch_tower), a_res_loom), MANY_RULES(DEFRULE(c_few_skirm, a_res_loom), MANY_RULES(DEFRULE(c_no_house, a_dynamic_civ_scout_cap(168)), MANY_RULES(DEFRULE(c_few_barracks, a_dynamic_atk_percent(i_val(3))), MANY_RULES(DEFRULE(c_no_house, a_dynamic_atk_percent(20)), MANY_RULES(DEFRULE(AND(c_mil_pop_10, c_no_archery_range), a_dynamic_civ_scout_cap(62)), MANY_RULES(DEFRULE(c_few_skirm, a_train_vill), MANY_RULES(DEFRULE(c_few_skirm, a_res_farm_2), MANY_RULES(DEFRULE(AND(c_many_archer, c_few_watch_tower), a_res_loom), MANY_RULES(DEFRULE(c_few_skirm, a_dynamic_civ_scout_cap(168)), MANY_RULES(DEFRULE(c_few_barracks, a_forward_castle), MANY_RULES(DEFRULE(c_no_house, a_dynamic_atk_percent(i_val(62))), MANY_RULES(DEFRULE(c_few_skirm, a_build_barracks), MANY_RULES(DEFRULE(c_few_barracks, a_res_loom), MANY_RULES(DEFRULE(c_can_res_blast, a_go_feudal_age), MANY_RULES(t_empty_rule, t_empty_list))))))))))))))))))))))))))))))))))))))"
161,92,274.78,"TWO_RULES(DEFRULE(c_few_pike, a_compact_dropsites), DEFRULE(c_can_build_mill, a_build_mining_camp))"
161,56,268.7328,"MANY_RULES(DEFRULE(AND(c_no_lumber_camp, c_can_res_chain_mail), a_dynamic_group_size(168)), MANY_RULES(t_empty_rule, MANY_RULES(DEFRULE(c_far_gold, a_train_vill), MANY_RULES(DEFRULE(c_few_skirm, a_res_loom), MANY_RULES(DEFRULE(AND(c_few_skirm, c_enemy_has_many_pike), a_dynamic_civ_scout_cap(12)), MANY_RULES(DEFRULE(c_few_skirm, a_res_loom), MANY_RULES(DEFRULE(c_few_skirm, a_train_vill), MANY_RULES(DEFRULE(c_few_skirm, a_res_loom), MANY_RULES(DEFRULE(c_few_skirm, a_res_farm_2), MANY_RULES(DEFRULE(c_few_barracks, a_train_vill), MANY_RULES(DEFRULE(c_many_ram, a_dynamic_civ_scout_cap(20)), MANY_RULES(DEFRULE(c_some_ram, a_build_house), MANY_RULES(DEFRULE(c_few_skirm, a_train_vill), MANY_RULES(DEFRULE(c_few_skirm, a_res_farm_2), MANY_RULES(DEFRULE(c_few_barracks, a_res_loom), MANY_RULES(DEFRULE(c_few_skirm, a_dynamic_civ_scout_cap(12)), MANY_RULES(DEFRULE(AND(c_some_ram, c_few_skirm), a_res_loom), MANY_RULES(DEFRULE(c_no_house, a_dynamic_atk_percent(i_val(3))), MANY_RULES(DEFRULE(AND(c_few_skirm, c_enemy_has_many_pike), a_res_farm_2), MANY_RULES(DEFRULE(c_few_barracks, a_forward_castle), MANY_RULES(DEFRULE(c_many_ram, a_dynamic_civ_scout_cap(20)), MANY_RULES(DEFRULE(AND(AND(c_no_mining_camp, c_far_gold), AND(c_few_treb, c_far_gold)), a_train_vill), MANY_RULES(DEFRULE(c_far_gold, a_train_vill), MANY_RULES(DEFRULE(c_few_skirm, a_train_vill), MANY_RULES(DEFRULE(c_few_barracks, a_res_loom), MANY_RULES(DEFRULE(c_few_skirm, a_dynamic_civ_scout_cap(i_val(62))), MANY_RULES(t_empty_rule, MANY_RULES(DEFRULE(c_few_barracks, a_res_loom), MANY_RULES(DEFRULE(c_no_house, a_dynamic_atk_percent(i_val(62))), MANY_RULES(DEFRULE(c_few_skirm, a_build_barracks), MANY_RULES(DEFRULE(c_few_barracks, a_res_loom), MANY_RULES(DEFRULE(c_few_skirm, a_build_lumber_camp), MANY_RULES(DEFRULE(c_few_skirm, a_train_vill), MANY_RULES(DEFRULE(AND(c_some_ram, c_few_skirm), a_res_loom), MANY_RULES(DEFRULE(c_few_barracks, a_res_loom), MANY_RULES(DEFRULE(c_few_skirm, a_res_farm_2), MANY_RULES(DEFRULE(c_few_barracks, a_forward_castle), MANY_RULES(DEFRULE(c_many_ram, a_dynamic_civ_scout_cap(20)), MANY_RULES(DEFRULE(c_few_barracks, a_forward_castle), MANY_RULES(DEFRULE(c_many_ram, a_dynamic_camp_dist(20)), MANY_RULES(DEFRULE(c_some_ram, a_build_house), MANY_RULES(DEFRULE(c_no_house, a_dynamic_civ_scout_cap(168)), MANY_RULES(DEFRULE(c_few_barracks, a_res_loom), MANY_RULES(DEFRULE(c_no_house, a_dynamic_atk_percent(i_val(62))), MANY_RULES(DEFRULE(c_few_skirm, a_train_vill), MANY_RULES(DEFRULE(c_enemy_has_few_archer, a_build_barracks), MANY_RULES(DEFRULE(c_few_skirm, a_dynamic_civ_scout_cap(168)), MANY_RULES(DEFRULE(AND(c_many_archer, c_few_watch_tower), a_res_loom), MANY_RULES(DEFRULE(c_few_skirm, a_res_loom), MANY_RULES(DEFRULE(c_no_house, a_dynamic_civ_scout_cap(168)), MANY_RULES(DEFRULE(c_few_barracks, a_train_vill), MANY_RULES(DEFRULE(c_no_house, a_dynamic_atk_percent(20)), MANY_RULES(DEFRULE(c_some_ram, a_build_house), MANY_RULES(DEFRULE(AND(c_mil_pop_10, c_no_archery_range), a_dynamic_civ_scout_cap(62)), MANY_RULES(DEFRULE(c_few_skirm, a_train_vill), MANY_RULES(DEFRULE(c_few_skirm, a_res_farm_2), MANY_RULES(DEFRULE(AND(c_many_archer, c_few_watch_tower), a_res_loom), MANY_RULES(DEFRULE(c_few_skirm, a_dynamic_civ_scout_cap(168)), MANY_RULES(DEFRULE(c_few_barracks, a_forward_castle), MANY_RULES(DEFRULE(c_no_house, a_dynamic_atk_percent(i_val(168))), MANY_RULES(DEFRULE(c_few_skirm, a_build_barracks), MANY_RULES(DEFRULE(c_few_barracks, a_res_loom), MANY_RULES(DEFRULE(c_can_res_blast, a_go_feudal_age), MANY_RULES(t_empty_rule, t_empty_list))))))))))))))))))))))))))))))))))))))))))))))))))))))))))))))))"
161,40,264.4808,"MANY_RULES(DEFRULE(AND(c_can_build_university, c_can_res_gold_1), a_dynamic_group_size(14)), MANY_RULES(t_empty_rule, MANY_RULES(DEFRULE(c_no_house, a_res_loom), MANY_RULES(DEFRULE(c_few_barracks, a_res_loom), MANY_RULES(DEFRULE(c_no_house, a_dynamic_atk_percent(i_val(62))), MANY_RULES(DEFRULE(c_few_skirm, a_build_barracks), MANY_RULES(DEFRULE(c_few_barracks, a_res_loom), MANY_RULES(DEFRULE(c_few_skirm, a_build_lumber_camp), MANY_RULES(DEFRULE(c_few_skirm, a_train_vill), MANY_RULES(DEFRULE(AND(c_some_ram, c_few_skirm), a_build_house), MANY_RULES(DEFRULE(c_few_barracks, a_res_loom), MANY_RULES(DEFRULE(c_few_skirm, a_res_farm_2), MANY_RULES(DEFRULE(c_few_barracks, a_forward_castle), MANY_RULES(DEFRULE(c_many_ram, a_dynamic_civ_scout_cap(i_val(12))), MANY_RULES(DEFRULE(c_few_barracks, a_forward_castle), MANY_RULES(DEFRULE(c_many_ram, a_dynamic_civ_scout_cap(20)), MANY_RULES(DEFRULE(c_some_ram, a_build_house), MANY_RULES(DEFRULE(c_no_house, a_dynamic_civ_scout_cap(168)), MANY_RULES(DEFRULE(c_no_house, a_dynamic_atk_percent(i_val(62))), MANY_RULES(DEFRULE(c_few_skirm, a_train_vill), MANY_RULES(DEFRULE(c_few_skirm, a_build_barracks), MANY_RULES(DEFRULE(c_few_skirm, a_dynamic_civ_scout_cap(168)), MANY_RULES(DEFRULE(AND(c_many_archer, c_few_watch_tower), a_res_loom), MANY_RULES(DEFRULE(c_few_skirm, a_res_loom), MANY_RULES(DEFRULE(c_no_house, a_dynamic_civ_scout_cap(168)), MANY_RULES(DEFRULE(c_few_barracks, a_train_vill), MANY_RULES(DEFRULE(c_no_house, a_dynamic_atk_percent(20)), MANY_RULES(DEFRULE(AND(c_mil_pop_10, c_no_archery_range), a_dynamic_civ_scout_cap(62)), MANY_RULES(DEFRULE(c_few_skirm, a_train_vill), MANY_RULES(DEFRULE(c_few_barracks, a_train_vill), MANY_RULES(DEFRULE(c_no_house, a_dynamic_atk_percent(20)), MANY_RULES(DEFRULE(AND(c_mil_pop_10, c_no_archery_range), a_dynamic_civ_scout_cap(62)), MANY_RULES(DEFRULE(c_few_skirm, a_train_vill), MANY_RULES(DEFRULE(c_few_skirm, a_res_farm_2), MANY_RULES(DEFRULE(AND(c_many_archer, c_few_watch_tower), a_res_loom), MANY_RULES(DEFRULE(c_few_skirm, a_dynamic_civ_scout_cap(168)), MANY_RULES(DEFRULE(c_few_barracks, a_forward_castle), MANY_RULES(DEFRULE(c_no_house, a_dynamic_atk_percent(i_val(62))), MANY_RULES(DEFRULE(c_few_skirm, a_build_barracks), MANY_RULES(DEFRULE(c_few_barracks, a_res_loom), MANY_RULES(DEFRULE(c_can_res_blast, a_go_feudal_age), MANY_RULES(t_empty_rule, t_empty_list))))))))))))))))))))))))))))))))))))))))))"
161,64,262.0632,"MANY_RULES(DEFRULE(AND(c_no_lumber_camp, c_can_res_chain_mail), a_dynamic_group_size(i_val(62))), MANY_RULES(DEFRULE(c_few_skirm, a_build_house), MANY_RULES(DEFRULE(c_enemy_has_many_pike, a_res_loom), MANY_RULES(DEFRULE(AND(AND(c_can_build_town_center, c_few_siege_workshop), c_enemy_has_many_pike), a_res_loom), MANY_RULES(DEFRULE(c_few_skirm, a_build_barracks), MANY_RULES(DEFRULE(c_few_barracks, a_dynamic_civ_scout_cap(62)), MANY_RULES(DEFRULE(c_some_ram, a_dynamic_civ_scout_cap(20)), MANY_RULES(DEFRULE(c_few_skirm, a_res_loom), MANY_RULES(DEFRULE(c_few_skirm, a_res_loom), MANY_RULES(DEFRULE(c_few_skirm, a_res_loom), MANY_RULES(DEFRULE(c_few_skirm, a_forward_castle), MANY_RULES(DEFRULE(AND(c_many_archer, c_few_watch_tower), a_res_loom), MANY_RULES(DEFRULE(c_few_skirm, a_res_loom), MANY_RULES(DEFRULE(AND(c_few_skirm, c_can_res_gold_2), a_dynamic_civ_scout_cap(168)), MANY_RULES(DEFRULE(c_few_mill, a_build_house), MANY_RULES(DEFRULE(c_enemy_has_many_pike, a_dynamic_camp_dist(20)), MANY_RULES(DEFRULE(AND(c_few_skirm, c_enemy_has_many_pike), a_res_loom), MANY_RULES(DEFRULE(c_few_barracks, a_res_loom), MANY_RULES(DEFRULE(AND(c_some_ram, c_can_res_farm_3), a_res_loom), MANY_RULES(DEFRULE(c_no_house, a_dynamic_civ_scout_cap(168)), MANY_RULES(DEFRULE(c_few_barracks, a_train_vill), MANY_RULES(DEFRULE(c_no_house, a_dynamic_atk_percent(20)), MANY_RULES(DEFRULE(c_few_skirm, a_build_barracks), MANY_RULES(DEFRULE(c_few_barracks, a_res_loom), MANY_RULES(DEFRULE(c_few_skirm, a_build_lumber_camp), MANY_RULES(DEFRULE(c_few_skirm, a_train_vill), MANY_RULES(DEFRULE(AND(c_some_ram, c_few_skirm), a_res_loom), MANY_RULES(DEFRULE(c_few_barracks, a_res_loom), MANY_RULES(DEFRULE(c_few_skirm, a_res_farm_2), MANY_RULES(DEFRULE(c_few_barracks, a_forward_castle), MANY_RULES(DEFRULE(c_many_ram, a_dynamic_civ_scout_cap(20)), MANY_RULES(DEFRULE(c_some_ram, a_build_house), MANY_RULES(DEFRULE(AND(c_few_treb, c_far_gold), a_train_vill), MANY_RULES(DEFRULE(c_few_skirm, a_train_vill), MANY_RULES(DEFRULE(c_few_skirm, a_res_farm_2), MANY_RULES(DEFRULE(c_is_feudal_age, a_train_monk), MANY_RULES(t_empty_rule, t_empty_list)))))))))))))))))))))))))))))))))))))"
161,30,261.0272,"MANY_RULES(DEFRULE(AND(c_no_lumber_camp, c_can_res_chain_mail), a_dynamic_group_size(20)), MANY_RULES(DEFRULE(c_few_mill, a_build_house), MANY_RULES(DEFRULE(c_enemy_has_many_pike, a_dynamic_camp_dist(20)), MANY_RULES(DEFRULE(AND(c_few_skirm, c_enemy_has_many_pike), a_res_loom), MANY_RULES(DEFRULE(c_few_barracks, a_res_loom), MANY_RULES(DEFRULE(AND(c_some_ram, c_many_ram), a_res_loom), MANY_RULES(DEFRULE(c_no_house, a_dynamic_civ_scout_cap(168)), MANY_RULES(DEFRULE(c_few_barracks, a_res_loom), MANY_RULES(DEFRULE(c_no_house, a_dynamic_atk_percent(i_val(62))), MANY_RULES(DEFRULE(c_few_skirm, a_build_barracks), MANY_RULES(DEFRULE(c_few_barracks, a_res_loom), MANY_RULES(DEFRULE(c_few_skirm, a_res_loom), MANY_RULES(DEFRULE(c_few_barracks, a_res_loom), MANY_RULES(t_empty_rule, MANY_RULES(DEFRULE(c_far_gold, a_train_vill), MANY_RULES(DEFRULE(c_few_skirm, a_res_loom), MANY_RULES(DEFRULE(AND(c_few_skirm, c_enemy_has_many_pike), a_dynamic_civ_scout_cap(12)), MANY_RULES(DEFRULE(c_few_mill, a_build_house), MANY_RULES(DEFRULE(c_few_skirm, a_train_vill), MANY_RULES(DEFRULE(c_few_skirm, a_build_house), MANY_RULES(DEFRULE(c_enemy_has_many_pike, a_dynamic_camp_dist(20)), MANY_RULES(DEFRULE(c_few_barracks, a_res_loom), MANY_RULES(DEFRULE(c_no_house, a_dynamic_civ_scout_cap(168)), MANY_RULES(DEFRULE(c_few_barracks, a_res_loom), MANY_RULES(DEFRULE(c_no_house, a_dynamic_atk_percent(i_val(168))), MANY_RULES(DEFRULE(c_few_skirm, a_build_barracks), MANY_RULES(DEFRULE(c_few_barracks, a_res_loom), MANY_RULES(DEFRULE(c_few_skirm, a_build_lumber_camp), MANY_RULES(DEFRULE(c_few_skirm, a_train_vill), MANY_RULES(DEFRULE(AND(c_few_watch_tower, c_few_skirm), a_res_loom), MANY_RULES(DEFRULE(c_few_barracks, a_res_loom), MANY_RULES(DEFRULE(c_few_skirm, a_res_farm_2), MANY_RULES(DEFRULE(c_few_skirm, a_build_barracks), MANY_RULES(DEFRULE(c_few_barracks, a_res_loom), MANY_RULES(DEFRULE(c_few_barracks, a_forward_castle), MANY_RULES(DEFRULE(c_few_archery_range, a_res_loom), MANY_RULES(DEFRULE(c_few_skirm, a_dynamic_civ_scout_cap(12)), MANY_RULES(DEFRULE(AND(c_some_ram, c_few_skirm), a_res_loom), MANY_RULES(DEFRULE(c_few_watch_tower, a_train_vill), MANY_RULES(DEFRULE(AND(c_few_skirm, c_enemy_has_many_pike), a_res_farm_2), MANY_RULES(DEFRULE(c_few_barracks, a_forward_castle), MANY_RULES(DEFRULE(c_few_skirm, a_dynamic_civ_scout_cap(20)), MANY_RULES(DEFRULE(c_some_infantry, a_build_house), MANY_RULES(DEFRULE(c_few_skirm, a_train_vill), MANY_RULES(DEFRULE(c_few_skirm, a_res_farm_2), MANY_RULES(DEFRULE(c_few_barracks, a_res_loom), MANY_RULES(DEFRULE(c_few_barracks, a_res_loom), MANY_RULES(DEFRULE(c_few_barracks, a_res_loom), MANY_RULES(DEFRULE(c_no_house, a_dynamic_civ_scout_cap(i_val(37))), MANY_RULES(DEFRULE(c_few_barracks, a_res_loom), MANY_RULES(DEFRULE(c_no_house, a_dynamic_atk_percent(i_val(168))), MANY_RULES(DEFRULE(c_few_skirm, a_build_barracks), MANY_RULES(DEFRULE(c_few_barracks, a_res_loom), MANY_RULES(DEFRULE(c_few_skirm, a_build_lumber_camp), MANY_RULES(DEFRULE(c_few_skirm, a_res_loom), MANY_RULES(DEFRULE(AND(c_some_ram, c_few_skirm), a_res_loom), MANY_RULES(DEFRULE(c_few_barracks, a_res_loom), MANY_RULES(DEFRULE(c_few_skirm, a_res_farm_2), MANY_RULES(DEFRULE(c_few_skirm, a_build_barracks), MANY_RULES(DEFRULE(c_few_barracks, a_res_loom), MANY_RULES(DEFRULE(c_some_ram, a_build_house), MANY_RULES(DEFRULE(AND(c_some_ram, c_few_skirm), a_res_loom), TWO_RULES(DEFRULE(c_few_barracks, a_build_lumber_camp), DEFRULE(c_low_wood, a_train_vill))))))))))))))))))))))))))))))))))))))))))))))))))))))))))))))))"
161,63,258.64639999999997,"MANY_RULES(DEFRULE(AND(c_no_lumber_camp, c_can_res_chain_mail), a_dynamic_group_size(20)), MANY_RULES(DEFRULE(c_few_mill, a_build_house), MANY_RULES(DEFRULE(c_enemy_has_many_pike, a_dynamic_camp_dist(20)), MANY_RULES(DEFRULE(AND(c_few_skirm, c_enemy_has_many_pike), a_res_loom), MANY_RULES(DEFRULE(c_few_barracks, a_res_loom), MANY_RULES(DEFRULE(AND(c_some_ram, c_many_ram), a_res_loom), MANY_RULES(DEFRULE(c_no_house, a_dynamic_civ_scout_cap(168)), MANY_RULES(DEFRULE(c_few_barracks, a_res_loom), MANY_RULES(DEFRULE(c_some_ram, a_build_house), MANY_RULES(DEFRULE(c_few_barracks, a_res_loom), MANY_RULES(DEFRULE(c_few_skirm, a_build_lumber_camp), MANY_RULES(DEFRULE(c_few_skirm, a_train_vill), MANY_RULES(DEFRULE(AND(c_some_ram, c_few_skirm), a_res_loom), MANY_RULES(DEFRULE(c_few_barracks, a_res_loom), MANY_RULES(DEFRULE(c_few_skirm, a_res_farm_2), MANY_RULES(DEFRULE(c_few_barracks, a_forward_castle), MANY_RULES(DEFRULE(c_many_ram, a_dynamic_civ_scout_cap(20)), MANY_RULES(DEFRULE(c_some_ram, a_build_house), MANY_RULES(DEFRULE(AND(AND(c_no_mining_camp, c_far_gold), AND(c_few_treb, c_far_gold)), a_train_vill), MANY_RULES(DEFRULE(c_few_skirm, a_train_vill), MANY_RULES(DEFRULE(c_few_skirm, a_res_loom), MANY_RULES(DEFRULE(AND(c_many_archer, c_no_house), a_res_loom), MANY_RULES(DEFRULE(c_few_skirm, a_dynamic_civ_scout_cap(168)), MANY_RULES(DEFRULE(c_few_skirm, a_res_farm_2), MANY_RULES(DEFRULE(c_no_house, a_dynamic_atk_percent(i_val(62))), MANY_RULES(DEFRULE(c_few_skirm, a_build_barracks), MANY_RULES(DEFRULE(c_few_barracks, a_res_loom), MANY_RULES(DEFRULE(c_few_skirm, a_res_farm_2), MANY_RULES(DEFRULE(c_few_barracks, a_res_loom), MANY_RULES(DEFRULE(AND(c_few_skirm, c_few_skirm), a_res_loom), TWO_RULES(DEFRULE(c_few_barracks, a_res_loom), DEFRULE(c_low_wood, a_retreat_castle))))))))))))))))))))))))))))))))"
161,57,257.608,"MANY_RULES(DEFRULE(c_few_skirm, a_dynamic_group_size(i_val(12))), MANY_RULES(DEFRULE(AND(c_no_castle, c_few_mining_camp), a_build_house), MANY_RULES(DEFRULE(c_enemy_has_many_pike, a_build_house), MANY_RULES(DEFRULE(AND(AND(c_can_build_town_center, c_few_siege_workshop), c_enemy_has_many_pike), a_res_loom), MANY_RULES(DEFRULE(c_few_skirm, a_build_barracks), MANY_RULES(DEFRULE(c_few_barracks, a_dynamic_civ_scout_cap(168)), MANY_RULES(DEFRULE(c_some_ram, a_dynamic_civ_scout_cap(20)), MANY_RULES(DEFRULE(c_few_skirm, a_res_loom), MANY_RULES(DEFRULE(c_few_skirm, a_train_vill), MANY_RULES(DEFRULE(c_few_skirm, a_res_loom), MANY_RULES(DEFRULE(c_few_skirm, a_res_loom), MANY_RULES(DEFRULE(c_few_skirm, a_res_farm_2), MANY_RULES(DEFRULE(AND(c_many_archer, c_few_watch_tower), a_res_loom), MANY_RULES(DEFRULE(c_few_skirm, a_res_loom), MANY_RULES(DEFRULE(AND(c_few_skirm, c_can_res_gold_2), a_dynamic_civ_scout_cap(168)), MANY_RULES(DEFRULE(c_few_barracks, a_res_loom), MANY_RULES(DEFRULE(AND(c_few_skirm, c_enemy_has_many_pike), a_dynamic_civ_scout_cap(98)), MANY_RULES(DEFRULE(c_few_skirm, a_build_barracks), MANY_RULES(DEFRULE(c_few_barracks, a_res_loom), MANY_RULES(DEFRULE(c_few_skirm, a_build_barracks), MANY_RULES(DEFRULE(AND(c_can_res_stone_2, c_few_skirm), a_build_house), TWO_RULES(DEFRULE(c_few_barracks, a_build_lumber_camp), DEFRULE(c_has_monk, a_build_lumber_camp)))))))))))))))))))))))"
161,55,254.796,"MANY_RULES(DEFRULE(c_can_go_castle_age, a_build_castle), TWO_RULES(t_empty_rule, t_empty_rule))"
161,3,250.41,"MANY_RULES(DEFRULE(AND(c_no_lumber_camp, c_can_res_chain_mail), a_dynamic_group_size(20)), MANY_RULES(DEFRULE(c_few_mill, a_build_house), MANY_RULES(DEFRULE(c_enemy_has_many_pike, a_dynamic_camp_dist(20)), MANY_RULES(DEFRULE(AND(c_few_skirm, c_enemy_has_many_pike), a_res_loom), MANY_RULES(DEFRULE(c_few_barracks, a_build_lumber_camp), MANY_RULES(DEFRULE(AND(c_some_ram, c_many_ram), a_res_loom), MANY_RULES(DEFRULE(c_no_house, a_dynamic_civ_scout_cap(168)), MANY_RULES(DEFRULE(c_few_barracks, a_res_loom), MANY_RULES(DEFRULE(c_no_house, a_dynamic_atk_percent(i_val(62))), MANY_RULES(DEFRULE(c_few_skirm, a_build_barracks), MANY_RULES(DEFRULE(c_few_barracks, a_res_loom), MANY_RULES(DEFRULE(c_few_skirm, a_build_lumber_camp), MANY_RULES(DEFRULE(c_few_barracks, a_res_loom), MANY_RULES(t_empty_rule, MANY_RULES(DEFRULE(c_far_gold, a_train_vill), MANY_RULES(DEFRULE(c_few_skirm, a_res_loom), MANY_RULES(DEFRULE(AND(c_few_skirm, c_enemy_has_many_pike), a_dynamic_civ_scout_cap(12)), MANY_RULES(DEFRULE(c_few_skirm, a_res_loom), MANY_RULES(DEFRULE(c_few_skirm, a_train_vill), MANY_RULES(DEFRULE(c_few_skirm, a_res_loom), MANY_RULES(DEFRULE(c_few_skirm, a_res_farm_2), MANY_RULES(DEFRULE(c_can_buy_food, a_forward_castle), MANY_RULES(DEFRULE(c_many_ram, a_dynamic_civ_scout_cap(168)), MANY_RULES(DEFRULE(c_few_mill, a_dynamic_civ_scout_cap(12)), MANY_RULES(DEFRULE(AND(AND(c_few_market, c_can_build_blacksmith), AND(c_mil_pop_10, c_many_pike)), a_train_vill), MANY_RULES(DEFRULE(c_few_skirm, a_train_vill), MANY_RULES(DEFRULE(c_few_skirm, a_res_farm_2), MANY_RULES(DEFRULE(c_few_barracks, a_res_loom), MANY_RULES(DEFRULE(c_few_skirm, a_dynamic_civ_scout_cap(168)), MANY_RULES(DEFRULE(AND(c_some_ram, c_few_skirm), a_res_loom), MANY_RULES(DEFRULE(c_no_house, a_dynamic_atk_percent(i_val(3))), MANY_RULES(DEFRULE(c_few_barracks, a_forward_castle), MANY_RULES(DEFRULE(c_many_ram, a_dynamic_civ_scout_cap(20)), MANY_RULES(DEFRULE(c_some_infantry, a_build_house), MANY_RULES(DEFRULE(AND(c_many_archer, c_few_watch_tower), a_res_loom), MANY_RULES(DEFRULE(c_few_skirm, a_res_loom), MANY_RULES(DEFRULE(AND(c_few_skirm, c_can_res_gold_2), a_dynamic_civ_scout_cap(168)), MANY_RULES(DEFRULE(c_few_barracks, a_res_loom), MANY_RULES(DEFRULE(c_no_house, a_dynamic_atk_percent(i_val(20))), MANY_RULES(DEFRULE(c_few_skirm, a_build_barracks), MANY_RULES(DEFRULE(c_few_barracks, a_res_loom), MANY_RULES(DEFRULE(c_few_skirm, a_build_barracks), MANY_RULES(DEFRULE(AND(c_can_res_stone_2, c_few_skirm), a_build_house), TWO_RULES(DEFRULE(c_few_barracks, a_build_lumber_camp), DEFRULE(c_few_barracks, a_res_loom)))))))))))))))))))))))))))))))))))))))))))))"
161,49,250.1392,"MANY_RULES(DEFRULE(AND(c_no_lumber_camp, c_can_res_chain_mail), a_dynamic_group_size(i_val(62))), MANY_RULES(DEFRULE(c_few_skirm, a_build_house), MANY_RULES(DEFRULE(c_enemy_has_many_pike, a_res_loom), MANY_RULES(DEFRULE(AND(AND(c_can_build_town_center, c_few_siege_workshop), c_enemy_has_many_pike), a_res_loom), MANY_RULES(DEFRULE(c_few_skirm, a_build_barracks), MANY_RULES(DEFRULE(c_few_barracks, a_dynamic_civ_scout_cap(168)), MANY_RULES(DEFRULE(c_some_ram, a_dynamic_civ_scout_cap(20)), MANY_RULES(DEFRULE(c_few_skirm, a_res_loom), MANY_RULES(t_empty_rule, MANY_RULES(DEFRULE(c_few_skirm, a_res_loom), MANY_RULES(DEFRULE(c_few_skirm, a_res_loom), MANY_RULES(DEFRULE(c_few_skirm, a_forward_castle), MANY_RULES(DEFRULE(AND(c_many_archer, c_few_watch_tower), a_res_loom), MANY_RULES(DEFRULE(c_few_skirm, a_res_loom), MANY_RULES(DEFRULE(AND(c_few_skirm, c_can_res_gold_2), a_dynamic_civ_scout_cap(168)), MANY_RULES(DEFRULE(c_few_mill, a_build_house), MANY_RULES(DEFRULE(c_enemy_has_many_pike, a_dynamic_camp_dist(20)), MANY_RULES(DEFRULE(AND(c_few_skirm, c_enemy_has_many_pike), a_res_loom), MANY_RULES(DEFRULE(c_few_barracks, a_res_loom), MANY_RULES(DEFRULE(AND(c_some_ram, c_can_res_farm_3), a_res_loom), MANY_RULES(DEFRULE(c_no_house, a_dynamic_civ_scout_cap(168)), MANY_RULES(DEFRULE(c_few_barracks, a_train_vill), MANY_RULES(DEFRULE(c_no_house, a_dynamic_atk_percent(20)), MANY_RULES(DEFRULE(c_few_skirm, a_build_barracks), MANY_RULES(DEFRULE(c_few_barracks, a_res_loom), MANY_RULES(DEFRULE(c_few_skirm, a_build_lumber_camp), MANY_RULES(DEFRULE(c_few_skirm, a_train_vill), MANY_RULES(DEFRULE(AND(AND(c_few_skirm, c_enemy_has_many_pike), c_few_skirm), a_res_loom), MANY_RULES(DEFRULE(c_few_barracks, a_res_loom), MANY_RULES(DEFRULE(c_few_skirm, a_res_farm_2), MANY_RULES(DEFRULE(c_few_barracks, a_forward_castle), MANY_RULES(DEFRULE(c_many_ram, a_dynamic_civ_scout_cap(20)), MANY_RULES(DEFRULE(c_some_ram, a_build_house), MANY_RULES(DEFRULE(AND(AND(c_no_mining_camp, c_far_gold), AND(c_few_treb, c_far_gold)), a_train_vill), MANY_RULES(DEFRULE(c_few_skirm, a_train_vill), MANY_RULES(DEFRULE(c_few_skirm, a_res_farm_2), MANY_RULES(DEFRULE(c_is_feudal_age, a_train_monk), MANY_RULES(t_empty_rule, t_empty_list))))))))))))))))))))))))))))))))))))))"
161,48,247.7,"MANY_RULES(DEFRULE(c_few_skirm, a_dynamic_group_size(i_val(12))), MANY_RULES(DEFRULE(c_few_skirm, a_build_house), MANY_RULES(DEFRULE(c_enemy_has_many_pike, a_build_house), MANY_RULES(DEFRULE(AND(AND(c_can_build_town_center, c_few_siege_workshop), c_enemy_has_many_pike), a_res_loom), MANY_RULES(DEFRULE(c_few_skirm, a_build_barracks), MANY_RULES(DEFRULE(c_few_barracks, a_dynamic_civ_scout_cap(168)), MANY_RULES(DEFRULE(c_some_ram, a_dynamic_civ_scout_cap(20)), MANY_RULES(DEFRULE(c_few_skirm, a_dynamic_civ_scout_cap(77)), MANY_RULES(DEFRULE(c_few_skirm, a_train_vill), MANY_RULES(DEFRULE(c_few_skirm, a_res_loom), MANY_RULES(DEFRULE(c_few_skirm, a_res_loom), MANY_RULES(DEFRULE(c_few_skirm, a_res_farm_2), MANY_RULES(DEFRULE(AND(c_many_archer, c_few_watch_tower), a_res_loom), MANY_RULES(DEFRULE(c_few_skirm, a_res_loom), MANY_RULES(DEFRULE(AND(c_few_skirm, c_can_res_gold_2), a_dynamic_civ_scout_cap(168)), MANY_RULES(DEFRULE(c_few_barracks, a_res_loom), MANY_RULES(DEFRULE(AND(c_few_skirm, c_enemy_has_many_pike), a_dynamic_civ_scout_cap(98)), MANY_RULES(DEFRULE(c_few_skirm, a_build_barracks), MANY_RULES(DEFRULE(c_few_barracks, a_res_loom), MANY_RULES(DEFRULE(c_few_skirm, a_build_barracks), MANY_RULES(DEFRULE(AND(c_can_res_stone_2, c_few_skirm), a_build_house), TWO_RULES(DEFRULE(c_few_barracks, a_build_lumber_camp), DEFRULE(c_has_monk, a_build_lumber_camp)))))))))))))))))))))))"
161,66,244.4184,"MANY_RULES(DEFRULE(AND(c_no_lumber_camp, c_can_res_chain_mail), a_dynamic_group_size(20)), MANY_RULES(DEFRULE(c_few_mill, a_build_house), MANY_RULES(DEFRULE(c_enemy_has_many_pike, a_dynamic_camp_dist(20)), MANY_RULES(DEFRULE(AND(c_few_skirm, c_enemy_has_many_pike), a_res_loom), MANY_RULES(DEFRULE(c_few_barracks, a_res_loom), MANY_RULES(DEFRULE(AND(c_some_ram, c_many_ram), a_res_loom), MANY_RULES(DEFRULE(c_no_house, a_dynamic_civ_scout_cap(168)), MANY_RULES(DEFRULE(c_few_barracks, a_res_loom), MANY_RULES(DEFRULE(c_no_house, a_dynamic_atk_percent(i_val(62))), MANY_RULES(DEFRULE(c_few_skirm, a_build_barracks), MANY_RULES(DEFRULE(c_few_barracks, a_res_loom), MANY_RULES(DEFRULE(c_few_skirm, a_build_lumber_camp), MANY_RULES(DEFRULE(c_few_barracks, a_res_loom), MANY_RULES(DEFRULE(c_far_gold, a_train_vill), MANY_RULES(DEFRULE(c_far_gold, a_train_vill), MANY_RULES(DEFRULE(c_few_skirm, a_res_loom), MANY_RULES(DEFRULE(AND(c_few_skirm, c_enemy_has_many_pike), a_dynamic_civ_scout_cap(12)), MANY_RULES(DEFRULE(c_few_skirm, a_res_loom), MANY_RULES(DEFRULE(c_few_skirm, a_train_vill), MANY_RULES(DEFRULE(c_few_skirm, a_res_loom), MANY_RULES(DEFRULE(c_few_skirm, a_res_farm_2), MANY_RULES(DEFRULE(c_can_buy_food, a_forward_castle), MANY_RULES(DEFRULE(c_many_ram, a_dynamic_civ_scout_cap(168)), MANY_RULES(DEFRULE(c_few_mill, a_dynamic_civ_scout_cap(12)), MANY_RULES(DEFRULE(c_far_gold, a_train_vill), MANY_RULES(DEFRULE(c_few_skirm, a_train_vill), MANY_RULES(DEFRULE(c_few_skirm, a_res_farm_2), MANY_RULES(DEFRULE(c_few_barracks, a_res_loom), MANY_RULES(DEFRULE(c_few_skirm, a_dynamic_civ_scout_cap(168)), MANY_RULES(DEFRULE(AND(c_some_ram, c_few_skirm), a_res_loom), MANY_RULES(DEFRULE(c_no_house, a_dynamic_atk_percent(i_val(3))), MANY_RULES(DEFRULE(c_few_barracks, a_forward_castle), MANY_RULES(DEFRULE(c_many_ram, a_dynamic_civ_scout_cap(20)), MANY_RULES(DEFRULE(c_some_infantry, a_build_house), MANY_RULES(DEFRULE(c_far_gold, a_train_vill), MANY_RULES(DEFRULE(c_few_skirm, a_train_vill), MANY_RULES(DEFRULE(c_few_skirm, a_res_farm_2), MANY_RULES(DEFRULE(c_few_barracks, a_res_loom), MANY_RULES(DEFRULE(c_few_skirm, a_dynamic_civ_scout_cap(i_val(12))), MANY_RULES(DEFRULE(c_no_house, a_dynamic_atk_percent(62)), MANY_RULES(t_empty_rule, MANY_RULES(DEFRULE(c_few_barracks, a_res_loom), MANY_RULES(DEFRULE(c_some_ram, a_build_house), MANY_RULES(DEFRULE(AND(c_some_ram, c_few_skirm), a_res_loom), TWO_RULES(DEFRULE(c_few_barracks, a_town_size_20), DEFRULE(c_low_wood, a_train_vill))))))))))))))))))))))))))))))))))))))))))))))"
161,52,243.8352,"MANY_RULES(DEFRULE(c_few_skirm, a_dynamic_group_size(i_val(12))), MANY_RULES(DEFRULE(c_few_skirm, a_build_house), MANY_RULES(DEFRULE(c_enemy_has_many_pike, a_build_house), MANY_RULES(DEFRULE(AND(AND(c_can_build_town_center, c_few_siege_workshop), c_enemy_has_many_pike), a_res_loom), MANY_RULES(DEFRULE(c_few_skirm, a_build_barracks), MANY_RULES(DEFRULE(c_few_barracks, a_dynamic_civ_scout_cap(168)), MANY_RULES(DEFRULE(c_some_ram, a_dynamic_civ_scout_cap(20)), MANY_RULES(DEFRULE(c_few_skirm, a_res_loom), MANY_RULES(DEFRULE(c_few_skirm, a_train_vill), MANY_RULES(DEFRULE(c_few_skirm, a_res_loom), MANY_RULES(DEFRULE(c_few_skirm, a_res_loom), MANY_RULES(DEFRULE(c_few_skirm, a_dynamic_civ_scout_cap(12)), MANY_RULES(DEFRULE(c_few_skirm, a_res_loom), MANY_RULES(DEFRULE(AND(c_few_skirm, c_can_res_gold_2), a_dynamic_civ_scout_cap(168)), MANY_RULES(DEFRULE(c_few_barracks, a_res_loom), MANY_RULES(DEFRULE(AND(c_few_skirm, c_enemy_has_many_pike), a_dynamic_civ_scout_cap(98)), MANY_RULES(DEFRULE(c_few_barracks, a_res_loom), MANY_RULES(DEFRULE(c_few_skirm, a_build_barracks), MANY_RULES(DEFRULE(AND(c_can_res_stone_2, c_few_skirm), a_build_house), TWO_RULES(DEFRULE(c_few_barracks, a_build_lumber_camp), DEFRULE(c_has_monk, a_dynamic_civ_scout_cap(168))))))))))))))))))))))"
161,25,241.4736,"MANY_RULES(DEFRULE(AND(c_no_lumber_camp, c_can_res_chain_mail), a_dynamic_group_size(20)), MANY_RULES(DEFRULE(c_few_mill, a_build_house), MANY_RULES(DEFRULE(c_enemy_has_many_pike, a_dynamic_camp_dist(20)), MANY_RULES(DEFRULE(AND(c_few_skirm, c_enemy_has_many_pike), a_res_loom), MANY_RULES(DEFRULE(c_few_barracks, a_res_loom), MANY_RULES(DEFRULE(AND(c_some_ram, c_many_ram), a_build_lumber_camp), MANY_RULES(DEFRULE(c_no_house, a_dynamic_civ_scout_cap(168)), MANY_RULES(DEFRULE(c_few_barracks, a_res_loom), MANY_RULES(DEFRULE(c_no_house, a_dynamic_atk_percent(i_val(62))), MANY_RULES(DEFRULE(c_few_skirm, a_build_barracks), MANY_RULES(DEFRULE(c_few_barracks, a_res_loom), MANY_RULES(DEFRULE(c_few_skirm, a_build_lumber_camp), MANY_RULES(DEFRULE(c_few_barracks, a_res_loom), MANY_RULES(t_empty_rule, MANY_RULES(DEFRULE(c_far_gold, a_train_vill), MANY_RULES(DEFRULE(c_few_skirm, a_res_loom), MANY_RULES(DEFRULE(AND(c_few_skirm, c_enemy_has_many_pike), a_dynamic_civ_scout_cap(12)), MANY_RULES(DEFRULE(c_few_skirm, a_res_loom), MANY_RULES(DEFRULE(c_few_skirm, a_train_vill), MANY_RULES(DEFRULE(c_few_skirm, a_res_loom), MANY_RULES(DEFRULE(c_few_skirm, a_res_farm_2), MANY_RULES(DEFRULE(c_can_buy_food, a_forward_castle), MANY_RULES(DEFRULE(c_many_ram, a_dynamic_civ_scout_cap(168)), MANY_RULES(DEFRULE(c_few_mill, a_dynamic_civ_scout_cap(12)), MANY_RULES(DEFRULE(c_far_gold, a_train_vill), MANY_RULES(DEFRULE(c_few_skirm, a_train_vill), MANY_RULES(DEFRULE(c_few_skirm, a_res_farm_2), MANY_RULES(DEFRULE(c_few_barracks, a_res_loom), MANY_RULES(DEFRULE(c_few_skirm, a_dynamic_civ_scout_cap(168)), MANY_RULES(DEFRULE(AND(c_some_ram, c_few_skirm), a_res_loom), MANY_RULES(DEFRULE(c_no_house, a_dynamic_atk_percent(i_val(3))), MANY_RULES(DEFRULE(c_few_barracks, a_forward_castle), MANY_RULES(DEFRULE(c_many_ram, a_dynamic_civ_scout_cap(20)), MANY_RULES(DEFRULE(c_some_infantry, a_build_house), MANY_RULES(DEFRULE(c_far_gold, a_train_vill), MANY_RULES(DEFRULE(c_few_skirm, a_train_vill), MANY_RULES(DEFRULE(c_few_skirm, a_res_farm_2), MANY_RULES(DEFRULE(c_few_barracks, a_res_loom), MANY_RULES(DEFRULE(c_few_skirm, a_dynamic_civ_scout_cap(i_val(12))), MANY_RULES(DEFRULE(c_no_house, a_dynamic_atk_percent(i_val(62))), MANY_RULES(t_empty_rule, MANY_RULES(DEFRULE(c_few_barracks, a_res_farm_2), MANY_RULES(DEFRULE(c_some_ram, a_build_house), MANY_RULES(DEFRULE(AND(c_some_ram, c_few_skirm), a_res_loom), TWO_RULES(DEFRULE(c_few_barracks, a_town_size_20), DEFRULE(c_low_wood, a_train_vill))))))))))))))))))))))))))))))))))))))))))))))"
161,29,240.492,"MANY_RULES(DEFRULE(AND(c_no_lumber_camp, c_can_res_chain_mail), a_dynamic_group_size(20)), MANY_RULES(DEFRULE(c_few_mill, a_build_house), MANY_RULES(DEFRULE(c_enemy_has_many_pike, a_dynamic_camp_dist(20)), MANY_RULES(DEFRULE(AND(c_few_skirm, c_enemy_has_many_pike), a_res_loom), MANY_RULES(DEFRULE(c_few_barracks, a_res_loom), MANY_RULES(DEFRULE(AND(c_some_ram, c_many_ram), a_res_loom), MANY_RULES(DEFRULE(c_no_house, a_dynamic_civ_scout_cap(168)), MANY_RULES(DEFRULE(c_few_barracks, a_res_loom), MANY_RULES(DEFRULE(c_no_house, a_dynamic_atk_percent(i_val(62))), MANY_RULES(DEFRULE(c_few_skirm, a_build_barracks), MANY_RULES(DEFRULE(AND(c_some_ram, c_few_skirm), a_res_loom), MANY_RULES(DEFRULE(c_few_skirm, a_build_lumber_camp), MANY_RULES(DEFRULE(c_few_barracks, a_res_loom), MANY_RULES(t_empty_rule, MANY_RULES(DEFRULE(c_few_barracks, a_res_loom), MANY_RULES(DEFRULE(c_few_skirm, a_res_loom), MANY_RULES(DEFRULE(AND(c_few_skirm, c_enemy_has_many_pike), a_dynamic_civ_scout_cap(12)), MANY_RULES(DEFRULE(c_few_mill, a_build_house), MANY_RULES(DEFRULE(c_few_skirm, a_train_vill), MANY_RULES(DEFRULE(c_few_skirm, a_res_loom), MANY_RULES(DEFRULE(c_few_skirm, a_res_farm_2), MANY_RULES(DEFRULE(c_can_buy_food, a_forward_castle), MANY_RULES(DEFRULE(c_many_ram, a_dynamic_civ_scout_cap(168)), MANY_RULES(DEFRULE(c_few_mill, a_dynamic_civ_scout_cap(12)), MANY_RULES(DEFRULE(c_far_gold, a_train_vill), MANY_RULES(DEFRULE(c_few_skirm, a_train_vill), MANY_RULES(DEFRULE(c_few_skirm, a_res_farm_2), MANY_RULES(DEFRULE(c_few_barracks, a_res_loom), MANY_RULES(DEFRULE(c_few_skirm, a_dynamic_civ_scout_cap(168)), MANY_RULES(DEFRULE(AND(c_some_ram, c_few_skirm), a_res_loom), MANY_RULES(DEFRULE(c_no_house, a_dynamic_atk_percent(i_val(3))), MANY_RULES(DEFRULE(c_few_barracks, a_forward_castle), MANY_RULES(DEFRULE(c_many_ram, a_dynamic_civ_scout_cap(20)), MANY_RULES(DEFRULE(c_some_infantry, a_build_house), MANY_RULES(DEFRULE(c_far_gold, a_train_vill), MANY_RULES(DEFRULE(c_few_skirm, a_train_vill), MANY_RULES(DEFRULE(c_few_skirm, a_res_farm_2), MANY_RULES(DEFRULE(c_few_barracks, a_res_loom), MANY_RULES(DEFRULE(c_few_skirm, a_dynamic_civ_scout_cap(i_val(62))), MANY_RULES(DEFRULE(c_no_house, a_dynamic_atk_percent(i_val(62))), MANY_RULES(t_empty_rule, MANY_RULES(DEFRULE(c_few_barracks, a_res_loom), MANY_RULES(DEFRULE(c_some_ram, a_build_house), MANY_RULES(DEFRULE(AND(c_some_ram, c_few_skirm), a_res_loom), TWO_RULES(DEFRULE(c_few_barracks, a_town_size_20), DEFRULE(c_low_wood, a_res_farm_2))))))))))))))))))))))))))))))))))))))))))))))"
161,43,240.4332,"MANY_RULES(DEFRULE(c_can_res_chain_mail, a_dynamic_group_size(20)), MANY_RULES(DEFRULE(c_few_skirm, a_build_house), MANY_RULES(DEFRULE(c_enemy_has_many_pike, a_dynamic_camp_dist(20)), MANY_RULES(DEFRULE(AND(c_few_skirm, c_enemy_has_many_pike), a_res_loom), MANY_RULES(DEFRULE(c_few_barracks, a_res_loom), MANY_RULES(DEFRULE(c_few_barracks, a_res_loom), MANY_RULES(DEFRULE(c_no_house, a_dynamic_civ_scout_cap(168)), MANY_RULES(DEFRULE(c_few_barracks, a_res_loom), MANY_RULES(DEFRULE(c_no_house, a_dynamic_atk_percent(i_val(12))), MANY_RULES(DEFRULE(c_few_skirm, a_build_barracks), MANY_RULES(DEFRULE(c_few_barracks, a_res_loom), MANY_RULES(DEFRULE(c_few_skirm, a_build_lumber_camp), MANY_RULES(DEFRULE(c_few_skirm, a_train_vill), MANY_RULES(DEFRULE(AND(c_some_ram, c_few_skirm), a_res_loom), MANY_RULES(DEFRULE(c_few_barracks, a_res_loom), MANY_RULES(DEFRULE(c_few_skirm, a_res_farm_2), MANY_RULES(t_empty_rule, MANY_RULES(DEFRULE(c_no_house, a_dynamic_civ_scout_cap(168)), MANY_RULES(DEFRULE(c_few_barracks, a_res_loom), MANY_RULES(DEFRULE(c_no_house, a_dynamic_atk_percent(i_val(168))), MANY_RULES(DEFRULE(c_few_skirm, a_build_barracks), MANY_RULES(DEFRULE(c_few_barracks, a_res_loom), MANY_RULES(DEFRULE(c_few_skirm, a_build_lumber_camp), MANY_RULES(DEFRULE(c_few_skirm, a_train_vill), MANY_RULES(DEFRULE(AND(c_some_ram, c_few_skirm), a_res_loom), MANY_RULES(DEFRULE(c_few_barracks, a_res_loom), MANY_RULES(DEFRULE(c_few_skirm, a_res_farm_2), MANY_RULES(DEFRULE(c_few_barracks, a_forward_castle), MANY_RULES(DEFRULE(c_many_ram, a_dynamic_civ_scout_cap(20)), MANY_RULES(DEFRULE(c_some_ram, a_build_house), MANY_RULES(DEFRULE(c_no_house, a_dynamic_civ_scout_cap(168)), MANY_RULES(DEFRULE(c_few_barracks, a_res_loom), MANY_RULES(DEFRULE(c_no_house, a_dynamic_civ_scout_pct(i_val(20))), MANY_RULES(DEFRULE(c_few_skirm, a_train_vill), MANY_RULES(DEFRULE(c_few_skirm, a_build_barracks), MANY_RULES(DEFRULE(c_few_skirm, a_dynamic_atk_percent(i_val(214))), MANY_RULES(DEFRULE(AND(c_many_archer, c_few_watch_tower), a_res_loom), MANY_RULES(DEFRULE(c_few_skirm, a_res_loom), MANY_RULES(DEFRULE(c_no_house, a_dynamic_civ_scout_cap(168)), MANY_RULES(DEFRULE(c_few_skirm, a_train_vill), MANY_RULES(DEFRULE(c_many_ram, a_dynamic_atk_percent(20)), MANY_RULES(DEFRULE(c_some_ram, a_build_house), MANY_RULES(DEFRULE(AND(c_mil_pop_10, c_far_gold), a_dynamic_civ_scout_cap(62)), MANY_RULES(DEFRULE(c_no_house, a_forward_castle), MANY_RULES(DEFRULE(c_few_barracks, a_res_loom), MANY_RULES(DEFRULE(c_no_house, a_dynamic_atk_percent(i_val(168))), MANY_RULES(DEFRULE(c_few_skirm, a_build_barracks), MANY_RULES(DEFRULE(c_few_barracks, a_res_loom), MANY_RULES(DEFRULE(c_no_house, a_dynamic_atk_percent(i_val(12))), MANY_RULES(DEFRULE(c_few_skirm, a_build_barracks), MANY_RULES(DEFRULE(c_few_barracks, a_res_loom), MANY_RULES(DEFRULE(c_few_skirm, a_build_lumber_camp), MANY_RULES(DEFRULE(c_few_skirm, a_train_vill), MANY_RULES(DEFRULE(AND(c_some_ram, c_few_skirm), a_res_loom), MANY_RULES(DEFRULE(c_few_barracks, a_res_loom), MANY_RULES(DEFRULE(c_few_skirm, a_res_farm_2), MANY_RULES(t_empty_rule, MANY_RULES(DEFRULE(c_no_house, a_dynamic_civ_scout_cap(168)), MANY_RULES(DEFRULE(c_few_barracks, a_res_loom), MANY_RULES(DEFRULE(c_no_house, a_dynamic_atk_percent(i_val(168))), MANY_RULES(DEFRULE(c_few_skirm, a_build_barracks), MANY_RULES(DEFRULE(c_few_barracks, a_res_loom), MANY_RULES(DEFRULE(c_few_skirm, a_build_lumber_camp), MANY_RULES(DEFRULE(c_few_skirm, a_train_vill), MANY_RULES(DEFRULE(AND(c_some_ram, c_few_skirm), a_res_loom), MANY_RULES(DEFRULE(c_few_barracks, a_res_loom), MANY_RULES(DEFRULE(c_few_skirm, a_res_farm_2), MANY_RULES(DEFRULE(c_few_barracks, a_forward_castle), MANY_RULES(DEFRULE(c_many_ram, a_dynamic_civ_scout_cap(20)), MANY_RULES(DEFRULE(c_some_ram, a_build_house), MANY_RULES(DEFRULE(c_no_house, a_dynamic_civ_scout_cap(168)), MANY_RULES(DEFRULE(c_few_barracks, a_res_loom), MANY_RULES(DEFRULE(c_no_house, a_dynamic_civ_scout_pct(i_val(25))), MANY_RULES(DEFRULE(c_few_skirm, a_train_vill), MANY_RULES(DEFRULE(c_few_skirm, a_build_barracks), MANY_RULES(DEFRULE(c_few_skirm, a_dynamic_civ_scout_cap(12)), MANY_RULES(DEFRULE(AND(c_many_archer, c_few_watch_tower), a_res_loom), MANY_RULES(DEFRULE(c_few_skirm, a_res_loom), MANY_RULES(DEFRULE(c_no_house, a_dynamic_civ_scout_cap(168)), MANY_RULES(DEFRULE(c_few_barracks, a_train_vill), MANY_RULES(DEFRULE(c_many_ram, a_dynamic_atk_percent(20)), MANY_RULES(DEFRULE(c_some_ram, a_build_house), MANY_RULES(DEFRULE(AND(c_mil_pop_10, c_far_gold), a_dynamic_civ_scout_cap(62)), MANY_RULES(DEFRULE(c_no_house, a_forward_castle), MANY_RULES(DEFRULE(c_few_barracks, a_res_loom), MANY_RULES(DEFRULE(c_few_barracks, a_dynamic_atk_percent(i_val(168))), MANY_RULES(DEFRULE(c_few_skirm, a_build_barracks), MANY_RULES(DEFRULE(c_few_barracks, a_res_loom), MANY_RULES(DEFRULE(c_few_skirm, a_build_lumber_camp), MANY_RULES(DEFRULE(c_few_skirm, a_res_ballistics), MANY_RULES(DEFRULE(AND(c_some_ram, c_few_skirm), a_res_loom), MANY_RULES(DEFRULE(c_few_barracks, a_res_loom), MANY_RULES(DEFRULE(c_few_skirm, a_res_farm_2), MANY_RULES(DEFRULE(AND(c_no_lumber_camp, c_can_res_chain_mail), a_build_barracks), MANY_RULES(DEFRULE(c_few_barracks, a_res_loom), MANY_RULES(DEFRULE(c_some_ram, a_build_house), MANY_RULES(DEFRULE(AND(c_some_ram, c_few_skirm), a_res_loom), TWO_RULES(DEFRULE(c_few_barracks, a_build_lumber_camp), DEFRULE(c_low_wood, a_train_vill)))))))))))))))))))))))))))))))))))))))))))))))))))))))))))))))))))))))))))))))))))))))))))))))))))"
161,16,239.8368,"MANY_RULES(DEFRULE(c_can_res_chain_mail, a_dynamic_group_size(20)), MANY_RULES(DEFRULE(c_few_skirm, a_build_house), MANY_RULES(DEFRULE(c_enemy_has_many_pike, a_dynamic_camp_dist(20)), MANY_RULES(DEFRULE(AND(c_few_skirm, c_enemy_has_many_pike), a_res_loom), MANY_RULES(DEFRULE(c_few_barracks, a_res_loom), MANY_RULES(DEFRULE(c_few_barracks, a_res_loom), MANY_RULES(DEFRULE(c_no_house, a_dynamic_civ_scout_cap(168)), MANY_RULES(DEFRULE(c_few_barracks, a_res_loom), MANY_RULES(DEFRULE(c_no_house, a_dynamic_atk_percent(i_val(12))), MANY_RULES(DEFRULE(c_few_skirm, a_build_barracks), MANY_RULES(DEFRULE(c_few_barracks, a_res_loom), MANY_RULES(DEFRULE(c_few_skirm, a_build_lumber_camp), MANY_RULES(DEFRULE(c_few_skirm, a_train_vill), MANY_RULES(DEFRULE(AND(c_some_ram, c_few_skirm), a_res_loom), MANY_RULES(DEFRULE(c_few_barracks, a_res_loom), MANY_RULES(DEFRULE(AND(c_mil_pop_10, c_far_gold), a_dynamic_civ_scout_cap(62)), MANY_RULES(t_empty_rule, MANY_RULES(DEFRULE(c_no_house, a_dynamic_civ_scout_cap(168)), MANY_RULES(DEFRULE(c_few_barracks, a_res_loom), MANY_RULES(DEFRULE(c_no_house, a_dynamic_atk_percent(i_val(168))), MANY_RULES(DEFRULE(c_few_skirm, a_build_barracks), MANY_RULES(DEFRULE(c_few_barracks, a_res_loom), MANY_RULES(DEFRULE(c_few_skirm, a_build_lumber_camp), MANY_RULES(DEFRULE(c_few_skirm, a_train_vill), MANY_RULES(DEFRULE(AND(c_some_ram, c_few_skirm), a_res_loom), MANY_RULES(DEFRULE(c_few_barracks, a_res_loom), MANY_RULES(DEFRULE(c_few_skirm, a_res_farm_2), MANY_RULES(DEFRULE(c_few_barracks, a_forward_castle), MANY_RULES(DEFRULE(c_some_ram, a_build_house), MANY_RULES(DEFRULE(c_no_house, a_dynamic_civ_scout_cap(168)), MANY_RULES(DEFRULE(c_few_barracks, a_res_loom), MANY_RULES(DEFRULE(c_no_house, a_dynamic_civ_scout_pct(i_val(25))), MANY_RULES(DEFRULE(c_few_skirm, a_train_vill), MANY_RULES(DEFRULE(c_few_skirm, a_build_barracks), MANY_RULES(DEFRULE(c_few_skirm, a_dynamic_civ_scout_cap(62)), MANY_RULES(DEFRULE(AND(c_many_archer, c_few_watch_tower), a_res_loom), MANY_RULES(DEFRULE(c_few_skirm, a_res_loom), MANY_RULES(DEFRULE(c_no_house, a_dynamic_civ_scout_cap(168)), MANY_RULES(DEFRULE(c_few_skirm, a_train_vill), MANY_RULES(DEFRULE(c_many_ram, a_dynamic_atk_percent(20)), MANY_RULES(DEFRULE(c_some_ram, a_build_house), MANY_RULES(DEFRULE(AND(c_mil_pop_10, c_far_gold), a_dynamic_civ_scout_cap(62)), MANY_RULES(DEFRULE(c_no_house, a_forward_castle), MANY_RULES(DEFRULE(c_few_barracks, a_res_loom), MANY_RULES(DEFRULE(c_no_house, a_dynamic_atk_percent(i_val(168))), MANY_RULES(DEFRULE(c_few_skirm, a_build_barracks), MANY_RULES(DEFRULE(c_few_barracks, a_res_loom), MANY_RULES(DEFRULE(c_few_skirm, a_build_lumber_camp), MANY_RULES(DEFRULE(c_few_skirm, a_train_vill), MANY_RULES(DEFRULE(AND(c_some_ram, c_few_skirm), a_res_loom), MANY_RULES(DEFRULE(c_few_barracks, a_res_loom), MANY_RULES(DEFRULE(c_few_skirm, a_res_farm_2), MANY_RULES(DEFRULE(c_few_skirm, a_build_barracks), MANY_RULES(DEFRULE(c_few_barracks, a_res_loom), MANY_RULES(DEFRULE(c_some_ram, a_build_house), MANY_RULES(DEFRULE(AND(c_some_ram, c_few_skirm), a_res_loom), MANY_RULES(DEFRULE(c_few_skirm, a_res_chemistry), MANY_RULES(DEFRULE(c_few_skirm, a_build_barracks), MANY_RULES(DEFRULE(c_few_barracks, a_res_loom), MANY_RULES(DEFRULE(c_few_skirm, a_res_farm_2), MANY_RULES(DEFRULE(c_few_skirm, a_res_farm_2), MANY_RULES(DEFRULE(AND(c_some_ram, c_few_skirm), a_res_loom), TWO_RULES(DEFRULE(c_few_barracks, a_res_loom), DEFRULE(c_low_wood, a_retreat_castle))))))))))))))))))))))))))))))))))))))))))))))))))))))))))))))))"
161,11,239.5104,"MANY_RULES(DEFRULE(AND(c_no_lumber_camp, c_can_res_chain_mail), a_dynamic_group_size(20)), MANY_RULES(DEFRULE(c_few_mill, a_build_house), MANY_RULES(DEFRULE(c_enemy_has_many_pike, a_dynamic_camp_dist(20)), MANY_RULES(DEFRULE(AND(c_few_skirm, c_enemy_has_many_pike), a_res_loom), MANY_RULES(DEFRULE(c_few_barracks, a_res_loom), MANY_RULES(DEFRULE(AND(c_some_ram, c_many_ram), a_res_loom), MANY_RULES(DEFRULE(c_no_house, a_dynamic_civ_scout_cap(168)), MANY_RULES(DEFRULE(c_few_barracks, a_res_loom), MANY_RULES(DEFRULE(c_no_house, a_dynamic_atk_percent(i_val(62))), MANY_RULES(DEFRULE(c_few_skirm, a_build_barracks), MANY_RULES(DEFRULE(c_few_barracks, a_res_loom), MANY_RULES(DEFRULE(c_few_skirm, a_build_lumber_camp), MANY_RULES(DEFRULE(c_few_barracks, a_res_loom), MANY_RULES(t_empty_rule, MANY_RULES(DEFRULE(c_far_gold, a_train_vill), MANY_RULES(DEFRULE(c_few_skirm, a_res_loom), MANY_RULES(DEFRULE(AND(c_few_skirm, c_enemy_has_many_pike), a_dynamic_civ_scout_cap(12)), MANY_RULES(DEFRULE(c_few_skirm, a_res_loom), MANY_RULES(DEFRULE(c_few_skirm, a_train_vill), MANY_RULES(DEFRULE(c_few_skirm, a_res_loom), MANY_RULES(DEFRULE(c_few_skirm, a_res_farm_2), MANY_RULES(DEFRULE(c_can_buy_food, a_forward_castle), MANY_RULES(DEFRULE(c_many_ram, a_dynamic_civ_scout_cap(168)), MANY_RULES(DEFRULE(c_few_mill, a_dynamic_civ_scout_cap(12)), MANY_RULES(DEFRULE(c_far_gold, a_train_vill), MANY_RULES(DEFRULE(c_few_skirm, a_train_vill), MANY_RULES(DEFRULE(c_few_skirm, a_res_farm_2), MANY_RULES(DEFRULE(c_few_barracks, a_res_loom), MANY_RULES(DEFRULE(c_few_skirm, a_dynamic_civ_scout_cap(168)), MANY_RULES(DEFRULE(AND(c_some_ram, c_few_skirm), a_res_loom), MANY_RULES(DEFRULE(c_no_house, a_dynamic_atk_percent(i_val(3))), MANY_RULES(DEFRULE(c_few_barracks, a_forward_castle), MANY_RULES(DEFRULE(c_many_ram, a_dynamic_civ_scout_cap(20)), MANY_RULES(DEFRULE(c_some_infantry, a_build_house), MANY_RULES(DEFRULE(c_far_gold, a_train_vill), MANY_RULES(DEFRULE(c_few_skirm, a_train_vill), MANY_RULES(DEFRULE(c_few_skirm, a_res_farm_2), MANY_RULES(DEFRULE(c_few_barracks, a_res_loom), MANY_RULES(DEFRULE(c_few_skirm, a_dynamic_civ_scout_cap(i_val(12))), MANY_RULES(DEFRULE(c_no_house, a_dynamic_atk_percent(i_val(62))), MANY_RULES(t_empty_rule, MANY_RULES(DEFRULE(c_few_barracks, a_res_farm_2), MANY_RULES(DEFRULE(c_some_ram, a_build_house), MANY_RULES(DEFRULE(AND(c_some_ram, c_few_skirm), a_dynamic_civ_scout_cap(20)), TWO_RULES(DEFRULE(c_few_barracks, a_town_size_20), DEFRULE(c_low_wood, a_train_vill))))))))))))))))))))))))))))))))))))))))))))))"
161,46,238.464,"MANY_RULES(DEFRULE(AND(c_no_lumber_camp, c_can_res_chain_mail), a_dynamic_group_size(i_val(12))), MANY_RULES(DEFRULE(c_few_skirm, a_build_house), MANY_RULES(DEFRULE(c_enemy_has_many_pike, a_build_town_center), MANY_RULES(DEFRULE(AND(AND(c_can_build_town_center, c_few_siege_workshop), c_enemy_has_many_pike), a_res_loom), MANY_RULES(DEFRULE(c_few_skirm, a_build_barracks), MANY_RULES(DEFRULE(c_few_barracks, a_dynamic_civ_scout_cap(168)), MANY_RULES(DEFRULE(c_some_ram, a_dynamic_civ_scout_cap(20)), MANY_RULES(DEFRULE(c_few_skirm, a_res_loom), MANY_RULES(DEFRULE(AND(c_few_skirm, c_can_res_gold_2), a_dynamic_civ_scout_cap(168)), MANY_RULES(DEFRULE(c_few_barracks, a_res_loom), MANY_RULES(DEFRULE(AND(c_few_skirm, c_enemy_has_many_pike), a_dynamic_civ_scout_cap(98)), MANY_RULES(DEFRULE(c_few_barracks, a_res_loom), MANY_RULES(DEFRULE(c_few_skirm, a_build_barracks), MANY_RULES(DEFRULE(AND(c_can_res_stone_2, c_few_skirm), a_build_house), TWO_RULES(DEFRULE(c_few_barracks, a_build_lumber_camp), DEFRULE(c_has_monk, a_train_vill))))))))))))))))"
161,65,237.614,"MANY_RULES(DEFRULE(AND(c_no_lumber_camp, c_can_res_chain_mail), a_dynamic_group_size(168)), MANY_RULES(t_empty_rule, MANY_RULES(DEFRULE(c_far_gold, a_train_vill), MANY_RULES(DEFRULE(c_few_skirm, a_res_loom), MANY_RULES(DEFRULE(AND(c_few_skirm, c_enemy_has_many_pike), a_dynamic_civ_scout_cap(12)), MANY_RULES(DEFRULE(c_few_skirm, a_res_loom), MANY_RULES(DEFRULE(c_few_skirm, a_train_vill), MANY_RULES(DEFRULE(c_few_skirm, a_res_loom), MANY_RULES(DEFRULE(c_few_skirm, a_res_farm_2), MANY_RULES(DEFRULE(c_few_barracks, a_train_vill), MANY_RULES(DEFRULE(c_many_ram, a_dynamic_civ_scout_cap(20)), MANY_RULES(DEFRULE(c_some_ram, a_build_house), MANY_RULES(DEFRULE(c_few_skirm, a_train_vill), MANY_RULES(DEFRULE(c_few_skirm, a_res_farm_2), MANY_RULES(DEFRULE(c_few_barracks, a_res_loom), MANY_RULES(DEFRULE(c_few_skirm, a_dynamic_civ_scout_cap(12)), MANY_RULES(DEFRULE(AND(c_some_ram, c_few_skirm), a_res_loom), MANY_RULES(DEFRULE(c_no_house, a_dynamic_atk_percent(i_val(3))), MANY_RULES(DEFRULE(AND(c_few_skirm, c_enemy_has_many_pike), a_res_farm_2), MANY_RULES(DEFRULE(c_few_barracks, a_forward_castle), MANY_RULES(DEFRULE(c_many_ram, a_dynamic_camp_dist(27)), MANY_RULES(DEFRULE(c_few_barracks, a_forward_castle), MANY_RULES(DEFRULE(c_far_gold, a_train_vill), MANY_RULES(DEFRULE(c_few_skirm, a_train_vill), MANY_RULES(DEFRULE(c_few_skirm, a_res_farm_2), MANY_RULES(DEFRULE(c_few_barracks, a_res_loom), MANY_RULES(DEFRULE(c_few_skirm, a_dynamic_civ_scout_cap(i_val(62))), MANY_RULES(t_empty_rule, MANY_RULES(DEFRULE(c_few_barracks, a_res_loom), MANY_RULES(DEFRULE(c_no_house, a_dynamic_atk_percent(i_val(62))), MANY_RULES(DEFRULE(c_few_skirm, a_build_watch_tower), MANY_RULES(DEFRULE(c_few_barracks, a_res_loom), MANY_RULES(DEFRULE(c_few_skirm, a_build_lumber_camp), MANY_RULES(DEFRULE(c_few_skirm, a_train_vill), MANY_RULES(DEFRULE(AND(c_some_ram, c_few_skirm), a_res_loom), MANY_RULES(DEFRULE(c_few_barracks, a_res_loom), MANY_RULES(DEFRULE(c_few_skirm, a_res_farm_2), MANY_RULES(DEFRULE(c_few_barracks, a_forward_castle), MANY_RULES(DEFRULE(c_many_ram, a_dynamic_civ_scout_cap(20)), MANY_RULES(DEFRULE(c_few_barracks, a_forward_castle), MANY_RULES(DEFRULE(c_many_ram, a_dynamic_camp_dist(62)), MANY_RULES(DEFRULE(c_some_ram, a_build_house), MANY_RULES(DEFRULE(c_no_house, a_dynamic_civ_scout_cap(168)), MANY_RULES(DEFRULE(c_few_barracks, a_res_loom), MANY_RULES(DEFRULE(c_no_house, a_dynamic_atk_percent(i_val(62))), MANY_RULES(DEFRULE(c_few_skirm, a_train_vill), MANY_RULES(DEFRULE(c_few_skirm, a_build_barracks), MANY_RULES(DEFRULE(c_few_skirm, a_dynamic_civ_scout_cap(168)), MANY_RULES(DEFRULE(AND(c_many_archer, c_few_watch_tower), a_res_loom), MANY_RULES(DEFRULE(c_few_skirm, a_res_loom), MANY_RULES(DEFRULE(c_no_house, a_dynamic_civ_scout_cap(168)), MANY_RULES(DEFRULE(c_few_barracks, a_train_vill), MANY_RULES(DEFRULE(c_no_house, a_dynamic_atk_percent(20)), MANY_RULES(DEFRULE(c_some_ram, a_build_house), MANY_RULES(DEFRULE(AND(c_mil_pop_10, c_no_archery_range), a_dynamic_civ_scout_cap(62)), MANY_RULES(DEFRULE(c_few_skirm, a_train_vill), MANY_RULES(DEFRULE(c_few_skirm, a_res_farm_2), MANY_RULES(DEFRULE(AND(c_many_archer, c_few_watch_tower), a_res_loom), MANY_RULES(DEFRULE(c_few_skirm, a_dynamic_civ_scout_cap(168)), MANY_RULES(DEFRULE(c_few_barracks, a_forward_castle), MANY_RULES(DEFRULE(c_no_house, a_dynamic_atk_percent(i_val(62))), MANY_RULES(DEFRULE(c_few_skirm, a_build_barracks), MANY_RULES(DEFRULE(c_few_barracks, a_res_loom), MANY_RULES(DEFRULE(c_can_res_blast, a_go_feudal_age), MANY_RULES(t_empty_rule, t_empty_list)))))))))))))))))))))))))))))))))))))))))))))))))))))))))))))))))"
161,45,236.9472,"MANY_RULES(DEFRULE(AND(c_no_lumber_camp, c_can_res_chain_mail), a_dynamic_group_size(20)), MANY_RULES(DEFRULE(c_few_skirm, a_build_house), MANY_RULES(DEFRULE(c_enemy_has_many_pike, a_dynamic_camp_dist(20)), MANY_RULES(DEFRULE(c_few_barracks, a_res_loom), MANY_RULES(DEFRULE(c_no_house, a_dynamic_civ_scout_cap(168)), MANY_RULES(DEFRULE(c_few_barracks, a_res_loom), MANY_RULES(DEFRULE(c_no_house, a_dynamic_atk_percent(i_val(168))), MANY_RULES(DEFRULE(c_few_skirm, a_build_barracks), MANY_RULES(DEFRULE(c_few_barracks, a_res_loom), MANY_RULES(DEFRULE(c_few_skirm, a_build_lumber_camp), MANY_RULES(DEFRULE(c_few_skirm, a_train_vill), MANY_RULES(DEFRULE(AND(c_few_watch_tower, c_few_skirm), a_res_loom), MANY_RULES(DEFRULE(c_few_barracks, a_res_loom), MANY_RULES(DEFRULE(c_few_skirm, a_res_farm_2), MANY_RULES(DEFRULE(c_few_skirm, a_build_barracks), MANY_RULES(DEFRULE(c_few_barracks, a_res_loom), MANY_RULES(DEFRULE(c_few_barracks, a_forward_castle), MANY_RULES(DEFRULE(c_few_archery_range, a_res_loom), MANY_RULES(DEFRULE(c_few_skirm, a_dynamic_civ_scout_cap(12)), MANY_RULES(DEFRULE(AND(c_some_ram, c_few_skirm), a_res_loom), MANY_RULES(DEFRULE(c_few_watch_tower, a_train_vill), MANY_RULES(DEFRULE(AND(c_few_skirm, c_enemy_has_many_pike), a_res_farm_2), MANY_RULES(DEFRULE(c_few_barracks, a_forward_castle), MANY_RULES(DEFRULE(c_many_ram, a_dynamic_civ_scout_cap(20)), MANY_RULES(DEFRULE(c_some_infantry, a_build_house), MANY_RULES(DEFRULE(c_few_skirm, a_train_vill), MANY_RULES(DEFRULE(c_few_skirm, a_res_farm_2), MANY_RULES(DEFRULE(AND(c_few_skirm, c_enemy_has_many_pike), a_res_loom), MANY_RULES(DEFRULE(c_few_barracks, a_res_loom), MANY_RULES(DEFRULE(c_few_barracks, a_res_loom), MANY_RULES(DEFRULE(c_no_house, a_dynamic_civ_scout_cap(168)), MANY_RULES(DEFRULE(c_few_barracks, a_res_loom), MANY_RULES(DEFRULE(c_no_house, a_dynamic_atk_percent(i_val(168))), MANY_RULES(DEFRULE(c_few_skirm, a_build_barracks), MANY_RULES(DEFRULE(c_few_barracks, a_res_loom), MANY_RULES(DEFRULE(c_few_skirm, a_build_lumber_camp), MANY_RULES(DEFRULE(c_few_skirm, a_res_loom), MANY_RULES(DEFRULE(AND(c_some_ram, c_few_skirm), a_res_loom), MANY_RULES(DEFRULE(c_few_barracks, a_res_loom), MANY_RULES(DEFRULE(c_few_skirm, a_res_farm_2), MANY_RULES(DEFRULE(c_few_skirm, a_build_barracks), MANY_RULES(DEFRULE(c_few_barracks, a_res_loom), MANY_RULES(DEFRULE(c_some_ram, a_build_house), MANY_RULES(DEFRULE(AND(c_some_ram, c_few_skirm), a_res_loom), MANY_RULES(DEFRULE(c_few_barracks, a_res_loom), MANY_RULES(DEFRULE(c_few_skirm, a_dynamic_civ_scout_cap(168)), MANY_RULES(DEFRULE(AND(c_some_ram, c_many_ram), a_res_loom), MANY_RULES(DEFRULE(c_no_house, a_dynamic_atk_percent(i_val(3))), MANY_RULES(DEFRULE(AND(c_few_skirm, c_enemy_has_many_pike), a_res_farm_2), MANY_RULES(DEFRULE(c_few_barracks, a_forward_castle), MANY_RULES(DEFRULE(c_many_ram, a_dynamic_civ_scout_cap(20)), MANY_RULES(DEFRULE(c_some_infantry, a_build_house), MANY_RULES(DEFRULE(c_far_gold, a_train_vill), MANY_RULES(DEFRULE(AND(c_many_archer, AND(c_no_blacksmith, c_no_monastery)), a_res_loom), MANY_RULES(DEFRULE(c_few_skirm, a_res_farm_2), MANY_RULES(DEFRULE(c_few_barracks, a_res_loom), MANY_RULES(DEFRULE(c_few_skirm, a_dynamic_civ_scout_cap(205)), MANY_RULES(DEFRULE(c_no_house, a_dynamic_atk_percent(i_val(i_val(62)))), MANY_RULES(DEFRULE(c_few_skirm, a_build_barracks), MANY_RULES(DEFRULE(c_few_barracks, a_res_loom), MANY_RULES(DEFRULE(c_some_ram, a_build_house), MANY_RULES(DEFRULE(AND(c_some_ram, c_few_skirm), a_res_loom), TWO_RULES(t_empty_rule, t_empty_rule)))))))))))))))))))))))))))))))))))))))))))))))))))))))))))))))"
161,81,236.5144,"MANY_RULES(DEFRULE(AND(c_no_lumber_camp, c_can_res_chain_mail), a_dynamic_group_size(20)), MANY_RULES(DEFRULE(c_few_mill, a_build_house), MANY_RULES(DEFRULE(c_enemy_has_many_pike, a_dynamic_camp_dist(20)), MANY_RULES(DEFRULE(AND(c_few_skirm, c_enemy_has_many_pike), a_res_loom), MANY_RULES(DEFRULE(c_few_barracks, a_res_loom), MANY_RULES(DEFRULE(AND(c_some_ram, c_many_ram), a_res_loom), MANY_RULES(DEFRULE(c_no_house, a_dynamic_civ_scout_cap(168)), MANY_RULES(DEFRULE(c_few_barracks, a_res_loom), MANY_RULES(DEFRULE(c_no_house, a_dynamic_atk_percent(i_val(62))), MANY_RULES(DEFRULE(c_few_skirm, a_build_barracks), MANY_RULES(DEFRULE(c_few_barracks, a_res_loom), MANY_RULES(DEFRULE(c_few_skirm, a_build_lumber_camp), MANY_RULES(DEFRULE(c_few_barracks, a_res_loom), MANY_RULES(t_empty_rule, MANY_RULES(DEFRULE(c_far_gold, a_train_vill), MANY_RULES(DEFRULE(c_few_skirm, a_res_loom), MANY_RULES(DEFRULE(AND(c_few_skirm, c_enemy_has_many_pike), a_dynamic_civ_scout_cap(12)), MANY_RULES(DEFRULE(c_few_mill, a_build_house), MANY_RULES(DEFRULE(c_few_skirm, a_train_vill), MANY_RULES(DEFRULE(c_few_skirm, a_res_loom), MANY_RULES(DEFRULE(c_few_skirm, a_res_farm_2), MANY_RULES(DEFRULE(c_can_buy_food, a_forward_castle), MANY_RULES(DEFRULE(c_many_ram, a_dynamic_civ_scout_cap(168)), MANY_RULES(DEFRULE(c_few_mill, a_dynamic_civ_scout_cap(12)), MANY_RULES(DEFRULE(c_far_gold, a_train_vill), t_empty_list)))))))))))))))))))))))))"
161,1,233.766,"MANY_RULES(DEFRULE(AND(c_no_lumber_camp, c_can_res_chain_mail), a_dynamic_group_size(168)), MANY_RULES(t_empty_rule, MANY_RULES(DEFRULE(c_far_gold, a_train_vill), MANY_RULES(DEFRULE(c_few_skirm, a_res_loom), MANY_RULES(DEFRULE(AND(c_few_skirm, c_enemy_has_many_pike), a_dynamic_civ_scout_cap(12)), MANY_RULES(DEFRULE(c_few_skirm, a_res_loom), MANY_RULES(DEFRULE(c_few_skirm, a_train_vill), MANY_RULES(DEFRULE(c_few_skirm, a_res_loom), MANY_RULES(DEFRULE(c_few_skirm, a_res_farm_2), MANY_RULES(DEFRULE(c_few_barracks, a_train_vill), MANY_RULES(DEFRULE(c_many_ram, a_dynamic_civ_scout_cap(20)), MANY_RULES(DEFRULE(c_some_ram, a_build_house), MANY_RULES(DEFRULE(c_few_skirm, a_train_vill), MANY_RULES(DEFRULE(c_few_skirm, a_res_farm_2), MANY_RULES(DEFRULE(c_few_barracks, a_res_loom), MANY_RULES(DEFRULE(c_few_skirm, a_dynamic_civ_scout_cap(12)), MANY_RULES(DEFRULE(AND(c_some_ram, c_few_skirm), a_res_loom), MANY_RULES(DEFRULE(c_no_house, a_dynamic_atk_percent(i_val(3))), MANY_RULES(DEFRULE(AND(c_few_skirm, c_enemy_has_many_pike), a_res_farm_2), MANY_RULES(DEFRULE(c_few_barracks, a_forward_castle), MANY_RULES(DEFRULE(c_many_ram, a_dynamic_civ_scout_cap(20)), MANY_RULES(DEFRULE(AND(AND(c_no_mining_camp, c_far_gold), AND(c_few_treb, c_far_gold)), a_train_vill), MANY_RULES(DEFRULE(c_far_gold, a_train_vill), MANY_RULES(DEFRULE(c_few_skirm, a_train_vill), MANY_RULES(DEFRULE(c_few_skirm, a_res_farm_2), MANY_RULES(DEFRULE(c_few_barracks, a_res_loom), MANY_RULES(DEFRULE(c_few_skirm, a_dynamic_civ_scout_cap(i_val(62))), MANY_RULES(t_empty_rule, MANY_RULES(DEFRULE(c_few_barracks, a_res_loom), MANY_RULES(DEFRULE(c_no_house, a_dynamic_atk_percent(i_val(62))), MANY_RULES(DEFRULE(c_few_skirm, a_build_barracks), MANY_RULES(DEFRULE(c_few_barracks, a_res_loom), MANY_RULES(DEFRULE(c_few_skirm, a_build_lumber_camp), MANY_RULES(DEFRULE(c_few_skirm, a_train_vill), MANY_RULES(DEFRULE(AND(c_some_ram, c_few_skirm), a_res_loom), MANY_RULES(DEFRULE(c_few_barracks, a_res_loom), MANY_RULES(DEFRULE(c_few_skirm, a_res_farm_2), MANY_RULES(DEFRULE(c_few_barracks, a_forward_castle), MANY_RULES(DEFRULE(c_many_ram, a_dynamic_civ_scout_cap(20)), MANY_RULES(DEFRULE(c_few_barracks, a_forward_castle), MANY_RULES(DEFRULE(c_many_ram, a_dynamic_camp_dist(20)), MANY_RULES(DEFRULE(c_some_ram, a_build_house), MANY_RULES(DEFRULE(c_no_house, a_dynamic_civ_scout_cap(168)), MANY_RULES(DEFRULE(c_few_barracks, a_res_loom), MANY_RULES(DEFRULE(c_no_house, a_dynamic_atk_percent(i_val(62))), MANY_RULES(DEFRULE(c_few_skirm, a_train_vill), MANY_RULES(DEFRULE(c_enemy_has_few_archer, a_build_barracks), MANY_RULES(DEFRULE(c_few_skirm, a_dynamic_civ_scout_cap(168)), MANY_RULES(DEFRULE(AND(c_many_archer, c_few_watch_tower), a_res_loom), MANY_RULES(DEFRULE(c_few_skirm, a_res_loom), MANY_RULES(DEFRULE(c_no_house, a_dynamic_civ_scout_cap(168)), MANY_RULES(DEFRULE(c_few_barracks, a_train_vill), MANY_RULES(DEFRULE(c_no_house, a_dynamic_atk_percent(20)), MANY_RULES(DEFRULE(c_some_ram, a_build_house), MANY_RULES(DEFRULE(AND(c_mil_pop_10, c_no_archery_range), a_dynamic_civ_scout_cap(62)), MANY_RULES(DEFRULE(c_few_skirm, a_train_vill), MANY_RULES(DEFRULE(c_few_skirm, a_res_farm_2), MANY_RULES(DEFRULE(AND(c_many_archer, c_few_watch_tower), a_res_loom), MANY_RULES(DEFRULE(c_few_skirm, a_dynamic_civ_scout_cap(168)), MANY_RULES(DEFRULE(c_few_barracks, a_forward_castle), MANY_RULES(DEFRULE(c_no_house, a_dynamic_atk_percent(i_val(168))), MANY_RULES(DEFRULE(c_few_skirm, a_build_barracks), MANY_RULES(DEFRULE(c_few_barracks, a_res_loom), MANY_RULES(DEFRULE(c_can_res_blast, a_go_feudal_age), MANY_RULES(t_empty_rule, t_empty_list)))))))))))))))))))))))))))))))))))))))))))))))))))))))))))))))))"
161,50,232.8848,"MANY_RULES(DEFRULE(AND(c_no_lumber_camp, c_can_res_chain_mail), a_dynamic_group_size(20)), MANY_RULES(DEFRULE(c_few_mill, a_build_house), MANY_RULES(DEFRULE(c_enemy_has_many_pike, a_dynamic_camp_dist(20)), MANY_RULES(DEFRULE(AND(c_few_skirm, c_enemy_has_many_pike), a_res_loom), MANY_RULES(DEFRULE(c_few_barracks, a_res_loom), MANY_RULES(DEFRULE(AND(c_some_ram, c_many_ram), a_res_loom), MANY_RULES(DEFRULE(c_no_house, a_dynamic_civ_scout_cap(168)), MANY_RULES(DEFRULE(c_few_barracks, a_res_loom), MANY_RULES(DEFRULE(c_no_house, a_dynamic_atk_percent(i_val(20))), MANY_RULES(DEFRULE(c_few_skirm, a_build_barracks), MANY_RULES(DEFRULE(c_few_barracks, a_res_loom), MANY_RULES(DEFRULE(c_few_skirm, a_build_lumber_camp), MANY_RULES(DEFRULE(c_few_skirm, a_train_vill), MANY_RULES(DEFRULE(AND(c_some_ram, c_few_skirm), a_res_loom), MANY_RULES(DEFRULE(c_few_barracks, a_res_loom), MANY_RULES(DEFRULE(c_few_skirm, a_res_farm_2), MANY_RULES(DEFRULE(c_few_skirm, a_forward_castle), MANY_RULES(DEFRULE(c_many_ram, a_dynamic_civ_scout_cap(20)), MANY_RULES(DEFRULE(c_some_ram, a_build_house), MANY_RULES(DEFRULE(AND(AND(c_no_mining_camp, c_far_gold), AND(c_few_treb, c_far_gold)), a_train_vill), MANY_RULES(DEFRULE(c_far_gold, a_res_loom), MANY_RULES(DEFRULE(c_few_skirm, a_res_farm_2), MANY_RULES(DEFRULE(c_no_blacksmith, a_res_loom), MANY_RULES(DEFRULE(c_few_skirm, a_dynamic_civ_scout_cap(168)), MANY_RULES(DEFRULE(c_few_skirm, a_res_farm_2), MANY_RULES(DEFRULE(c_no_house, a_dynamic_atk_percent(i_val(20))), MANY_RULES(DEFRULE(c_few_skirm, a_build_barracks), MANY_RULES(DEFRULE(c_few_barracks, a_res_loom), MANY_RULES(DEFRULE(c_few_skirm, a_res_farm_2), MANY_RULES(DEFRULE(c_few_barracks, a_res_loom), MANY_RULES(DEFRULE(AND(c_few_skirm, c_few_skirm), a_res_loom), TWO_RULES(DEFRULE(c_few_barracks, a_res_loom), DEFRULE(c_low_wood, a_retreat_castle)))))))))))))))))))))))))))))))))"
161,71,229.918,"MANY_RULES(DEFRULE(AND(c_no_lumber_camp, c_can_res_chain_mail), a_dynamic_group_size(20)), MANY_RULES(DEFRULE(c_few_skirm, a_build_house), MANY_RULES(DEFRULE(c_enemy_has_many_pike, a_dynamic_camp_dist(20)), MANY_RULES(DEFRULE(c_few_barracks, a_res_loom), MANY_RULES(DEFRULE(c_no_house, a_dynamic_civ_scout_cap(168)), MANY_RULES(DEFRULE(c_few_barracks, a_res_loom), MANY_RULES(DEFRULE(c_no_house, a_dynamic_atk_percent(i_val(168))), MANY_RULES(DEFRULE(c_few_skirm, a_build_barracks), MANY_RULES(DEFRULE(c_few_barracks, a_res_loom), MANY_RULES(DEFRULE(c_few_skirm, a_build_lumber_camp), MANY_RULES(DEFRULE(c_few_skirm, a_train_vill), MANY_RULES(DEFRULE(AND(c_few_watch_tower, c_few_skirm), a_res_loom), MANY_RULES(DEFRULE(c_few_barracks, a_res_loom), MANY_RULES(DEFRULE(c_few_skirm, a_res_farm_2), MANY_RULES(DEFRULE(c_few_skirm, a_build_barracks), MANY_RULES(DEFRULE(c_few_barracks, a_dynamic_civ_scout_cap(168)), MANY_RULES(DEFRULE(c_few_barracks, a_forward_castle), MANY_RULES(DEFRULE(c_few_archery_range, a_res_loom), MANY_RULES(DEFRULE(c_few_skirm, a_dynamic_civ_scout_cap(12)), MANY_RULES(DEFRULE(AND(c_some_ram, c_few_skirm), a_res_loom), MANY_RULES(DEFRULE(c_few_watch_tower, a_train_vill), MANY_RULES(DEFRULE(AND(c_few_skirm, c_enemy_has_many_pike), a_res_farm_2), MANY_RULES(DEFRULE(c_few_barracks, a_forward_castle), MANY_RULES(DEFRULE(c_many_ram, a_dynamic_atk_percent(20)), MANY_RULES(DEFRULE(c_some_infantry, a_build_house), MANY_RULES(DEFRULE(c_few_skirm, a_train_vill), MANY_RULES(DEFRULE(c_few_skirm, a_res_farm_2), MANY_RULES(DEFRULE(c_few_barracks, a_res_loom), MANY_RULES(DEFRULE(AND(c_few_skirm, c_enemy_has_many_pike), a_res_loom), MANY_RULES(DEFRULE(c_few_barracks, a_res_loom), MANY_RULES(DEFRULE(c_few_barracks, a_res_loom), MANY_RULES(DEFRULE(c_no_house, a_dynamic_civ_scout_cap(168)), MANY_RULES(DEFRULE(c_few_barracks, a_res_loom), MANY_RULES(DEFRULE(c_no_house, a_dynamic_atk_percent(i_val(168))), MANY_RULES(DEFRULE(c_few_skirm, a_build_barracks), MANY_RULES(DEFRULE(c_few_barracks, a_res_loom), MANY_RULES(DEFRULE(c_few_skirm, a_build_lumber_camp), MANY_RULES(DEFRULE(c_few_skirm, a_res_loom), MANY_RULES(DEFRULE(AND(c_some_ram, c_few_skirm), a_res_loom), MANY_RULES(DEFRULE(c_few_barracks, a_res_loom), MANY_RULES(DEFRULE(c_few_skirm, a_res_farm_2), MANY_RULES(DEFRULE(c_few_skirm, a_build_barracks), MANY_RULES(DEFRULE(c_few_barracks, a_res_loom), MANY_RULES(DEFRULE(c_some_ram, a_build_house), MANY_RULES(DEFRULE(AND(c_some_ram, c_few_skirm), a_res_loom), MANY_RULES(DEFRULE(c_few_barracks, a_res_loom), MANY_RULES(DEFRULE(c_few_skirm, a_dynamic_civ_scout_cap(168)), MANY_RULES(DEFRULE(AND(c_some_ram, c_many_ram), a_res_loom), MANY_RULES(DEFRULE(c_no_house, a_dynamic_atk_percent(i_val(3))), MANY_RULES(DEFRULE(AND(c_few_skirm, c_enemy_has_many_pike), a_res_farm_2), MANY_RULES(DEFRULE(c_few_barracks, a_forward_castle), MANY_RULES(DEFRULE(c_many_ram, a_dynamic_civ_scout_cap(20)), MANY_RULES(DEFRULE(c_some_infantry, a_build_house), MANY_RULES(DEFRULE(c_far_gold, a_train_vill), MANY_RULES(DEFRULE(AND(c_many_archer, AND(c_no_blacksmith, c_no_monastery)), a_res_farm_2), MANY_RULES(DEFRULE(c_few_skirm, a_res_farm_2), MANY_RULES(DEFRULE(c_few_barracks, a_res_loom), MANY_RULES(DEFRULE(c_few_skirm, a_dynamic_civ_scout_cap(i_val(62))), MANY_RULES(DEFRULE(c_no_house, a_dynamic_atk_percent(i_val(i_val(62)))), MANY_RULES(DEFRULE(c_few_skirm, a_build_barracks), MANY_RULES(DEFRULE(c_few_barracks, a_res_loom), MANY_RULES(DEFRULE(c_some_ram, a_build_house), MANY_RULES(DEFRULE(AND(c_some_ram, c_few_skirm), a_res_loom), TWO_RULES(DEFRULE(c_few_barracks, a_town_size_20), DEFRULE(c_low_wood, a_train_vill)))))))))))))))))))))))))))))))))))))))))))))))))))))))))))))))))"
161,33,227.994,"MANY_RULES(DEFRULE(AND(c_no_lumber_camp, c_can_res_chain_mail), a_dynamic_group_size(168)), MANY_RULES(t_empty_rule, MANY_RULES(DEFRULE(c_far_gold, a_train_vill), MANY_RULES(DEFRULE(c_few_skirm, a_res_loom), MANY_RULES(DEFRULE(AND(c_few_skirm, c_enemy_has_many_pike), a_dynamic_civ_scout_cap(12)), MANY_RULES(DEFRULE(c_few_skirm, a_res_loom), MANY_RULES(DEFRULE(c_few_skirm, a_train_vill), MANY_RULES(DEFRULE(c_few_skirm, a_res_loom), MANY_RULES(DEFRULE(c_few_skirm, a_res_farm_2), MANY_RULES(DEFRULE(c_few_barracks, a_build_house), MANY_RULES(DEFRULE(c_many_ram, a_dynamic_civ_scout_cap(20)), MANY_RULES(DEFRULE(c_some_ram, a_build_house), MANY_RULES(DEFRULE(c_few_skirm, a_train_vill), MANY_RULES(DEFRULE(c_few_skirm, a_res_farm_2), MANY_RULES(DEFRULE(c_few_barracks, a_res_loom), MANY_RULES(DEFRULE(c_few_skirm, a_dynamic_civ_scout_cap(12)), MANY_RULES(DEFRULE(AND(c_some_ram, c_few_skirm), a_res_loom), MANY_RULES(DEFRULE(c_no_house, a_dynamic_atk_percent(i_val(3))), MANY_RULES(DEFRULE(AND(c_few_skirm, c_enemy_has_many_pike), a_res_farm_2), MANY_RULES(DEFRULE(c_few_barracks, a_forward_castle), MANY_RULES(DEFRULE(c_many_ram, a_dynamic_civ_scout_cap(20)), MANY_RULES(DEFRULE(c_few_barracks, a_forward_castle), MANY_RULES(DEFRULE(c_far_gold, a_train_vill), MANY_RULES(DEFRULE(c_few_skirm, a_train_vill), MANY_RULES(DEFRULE(c_few_skirm, a_res_farm_2), MANY_RULES(DEFRULE(c_few_barracks, a_res_loom), MANY_RULES(DEFRULE(c_few_skirm, a_dynamic_civ_scout_cap(i_val(62))), MANY_RULES(t_empty_rule, MANY_RULES(DEFRULE(c_few_barracks, a_res_loom), MANY_RULES(DEFRULE(AND(c_can_res_stone_2, c_few_skirm), a_dynamic_atk_percent(i_val(62))), MANY_RULES(DEFRULE(c_few_skirm, a_build_barracks), MANY_RULES(DEFRULE(c_few_barracks, a_res_loom), MANY_RULES(DEFRULE(c_few_skirm, a_build_lumber_camp), MANY_RULES(DEFRULE(c_few_skirm, a_train_vill), MANY_RULES(DEFRULE(AND(c_some_ram, c_few_skirm), a_res_loom), MANY_RULES(DEFRULE(c_few_barracks, a_res_loom), MANY_RULES(DEFRULE(c_few_skirm, a_res_farm_2), MANY_RULES(DEFRULE(c_few_barracks, a_forward_castle), MANY_RULES(DEFRULE(c_many_ram, a_dynamic_civ_scout_cap(20)), MANY_RULES(DEFRULE(c_few_barracks, a_forward_castle), MANY_RULES(DEFRULE(c_many_ram, a_dynamic_camp_dist(20)), MANY_RULES(DEFRULE(c_some_ram, a_build_house), MANY_RULES(DEFRULE(c_no_house, a_dynamic_civ_scout_cap(168)), MANY_RULES(DEFRULE(c_few_barracks, a_res_loom), MANY_RULES(DEFRULE(c_no_house, a_dynamic_atk_percent(i_val(62))), MANY_RULES(DEFRULE(c_few_skirm, a_train_vill), MANY_RULES(DEFRULE(c_enemy_has_few_archer, a_build_barracks), MANY_RULES(DEFRULE(c_few_skirm, a_dynamic_civ_scout_cap(168)), MANY_RULES(DEFRULE(AND(c_many_archer, c_few_watch_tower), a_res_loom), MANY_RULES(DEFRULE(c_few_skirm, a_res_loom), MANY_RULES(DEFRULE(c_no_house, a_dynamic_civ_scout_cap(168)), MANY_RULES(DEFRULE(c_few_barracks, a_train_vill), MANY_RULES(DEFRULE(c_no_house, a_res_loom), MANY_RULES(DEFRULE(c_some_ram, a_build_house), MANY_RULES(DEFRULE(AND(c_mil_pop_10, c_no_archery_range), a_dynamic_civ_scout_cap(62)), MANY_RULES(DEFRULE(c_few_skirm, a_train_vill), MANY_RULES(DEFRULE(c_few_skirm, a_res_farm_2), MANY_RULES(DEFRULE(AND(c_many_archer, c_few_watch_tower), a_res_loom), MANY_RULES(DEFRULE(c_few_skirm, a_dynamic_civ_scout_cap(168)), MANY_RULES(DEFRULE(c_few_barracks, a_forward_castle), MANY_RULES(DEFRULE(c_no_house, a_dynamic_atk_percent(i_val(62))), MANY_RULES(DEFRULE(c_few_skirm, a_build_barracks), MANY_RULES(DEFRULE(c_few_barracks, a_res_loom), MANY_RULES(DEFRULE(c_can_res_blast, a_go_feudal_age), MANY_RULES(t_empty_rule, t_empty_list)))))))))))))))))))))))))))))))))))))))))))))))))))))))))))))))))"
161,13,227.7264,"TWO_RULES(DEFRULE(c_many_knight, a_build_archery_range), DEFRULE(c_no_siege_workshop, a_dynamic_civ_scout_cap(168)))"
161,21,225.0816,"MANY_RULES(DEFRULE(AND(c_no_lumber_camp, c_can_res_chain_mail), a_dynamic_group_size(20)), MANY_RULES(DEFRULE(c_few_mill, a_build_house), MANY_RULES(DEFRULE(c_enemy_has_many_pike, a_dynamic_camp_dist(20)), MANY_RULES(DEFRULE(AND(c_few_skirm, c_enemy_has_many_pike), a_res_loom), MANY_RULES(DEFRULE(c_few_barracks, a_res_loom), MANY_RULES(DEFRULE(AND(c_some_ram, c_many_ram), a_res_loom), MANY_RULES(DEFRULE(c_few_barracks, a_res_loom), MANY_RULES(DEFRULE(c_few_barracks, a_res_loom), MANY_RULES(DEFRULE(c_no_house, a_dynamic_atk_percent(12)), MANY_RULES(DEFRULE(c_few_skirm, a_build_barracks), MANY_RULES(DEFRULE(c_few_barracks, a_res_loom), MANY_RULES(DEFRULE(c_few_skirm, a_build_lumber_camp), MANY_RULES(DEFRULE(c_few_skirm, a_train_vill), MANY_RULES(DEFRULE(AND(c_some_ram, c_few_skirm), a_res_loom), MANY_RULES(DEFRULE(c_few_barracks, a_res_loom), MANY_RULES(DEFRULE(c_few_skirm, a_res_farm_2), MANY_RULES(DEFRULE(c_few_skirm, a_forward_castle), MANY_RULES(DEFRULE(c_many_ram, a_dynamic_civ_scout_cap(20)), MANY_RULES(DEFRULE(c_some_ram, a_build_house), MANY_RULES(DEFRULE(AND(AND(c_no_mining_camp, c_far_gold), AND(c_few_treb, c_far_gold)), a_train_vill), MANY_RULES(DEFRULE(c_few_skirm, a_res_farm_2), MANY_RULES(DEFRULE(AND(c_many_archer, c_no_blacksmith), a_res_loom), MANY_RULES(DEFRULE(c_few_skirm, a_dynamic_civ_scout_cap(168)), MANY_RULES(DEFRULE(c_few_skirm, a_res_farm_2), MANY_RULES(DEFRULE(c_no_house, a_dynamic_atk_percent(i_val(20))), MANY_RULES(DEFRULE(c_few_skirm, a_build_barracks), MANY_RULES(DEFRULE(c_few_barracks, a_res_loom), MANY_RULES(DEFRULE(c_few_skirm, a_res_farm_2), MANY_RULES(DEFRULE(c_few_barracks, a_res_loom), MANY_RULES(DEFRULE(c_few_barracks, a_res_loom), TWO_RULES(DEFRULE(c_few_barracks, a_res_loom), DEFRULE(c_low_wood, a_retreat_castle))))))))))))))))))))))))))))))))"
161,60,222.222,"MANY_RULES(DEFRULE(AND(c_no_lumber_camp, c_can_res_chain_mail), a_dynamic_group_size(168)), MANY_RULES(t_empty_rule, MANY_RULES(DEFRULE(c_far_gold, a_train_vill), MANY_RULES(DEFRULE(c_few_skirm, a_res_loom), MANY_RULES(DEFRULE(AND(c_few_skirm, c_enemy_has_many_pike), a_dynamic_civ_scout_cap(12)), MANY_RULES(DEFRULE(c_few_skirm, a_res_loom), MANY_RULES(DEFRULE(c_few_skirm, a_train_vill), MANY_RULES(DEFRULE(c_few_skirm, a_res_loom), MANY_RULES(DEFRULE(c_few_skirm, a_res_farm_2), MANY_RULES(DEFRULE(c_few_barracks, a_build_house), MANY_RULES(DEFRULE(c_many_ram, a_dynamic_civ_scout_cap(20)), MANY_RULES(DEFRULE(c_some_ram, a_build_house), MANY_RULES(DEFRULE(c_few_skirm, a_train_vill), MANY_RULES(DEFRULE(c_few_skirm, a_res_farm_2), MANY_RULES(DEFRULE(c_few_barracks, a_res_loom), MANY_RULES(DEFRULE(c_few_skirm, a_dynamic_civ_scout_cap(12)), MANY_RULES(DEFRULE(c_is_castle_age, a_res_farm_3), MANY_RULES(DEFRULE(c_no_house, a_dynamic_atk_percent(i_val(3))), MANY_RULES(DEFRULE(AND(c_few_skirm, c_enemy_has_many_pike), a_res_farm_2), MANY_RULES(DEFRULE(c_few_barracks, a_forward_castle), MANY_RULES(DEFRULE(c_many_ram, a_dynamic_civ_scout_cap(20)), MANY_RULES(DEFRULE(c_few_barracks, a_forward_castle), MANY_RULES(DEFRULE(c_far_gold, a_train_vill), MANY_RULES(DEFRULE(c_few_skirm, a_train_vill), MANY_RULES(DEFRULE(c_few_skirm, a_res_farm_2), MANY_RULES(DEFRULE(c_few_barracks, a_res_loom), MANY_RULES(DEFRULE(c_few_skirm, a_dynamic_civ_scout_cap(i_val(62))), MANY_RULES(t_empty_rule, MANY_RULES(DEFRULE(c_few_barracks, a_res_loom), MANY_RULES(DEFRULE(c_no_house, a_dynamic_atk_percent(i_val(62))), MANY_RULES(DEFRULE(c_few_skirm, a_build_barracks), MANY_RULES(DEFRULE(c_few_barracks, a_res_loom), MANY_RULES(DEFRULE(c_few_skirm, a_build_lumber_camp), MANY_RULES(DEFRULE(c_few_skirm, a_train_vill), MANY_RULES(DEFRULE(AND(c_some_ram, c_few_skirm), a_res_loom), MANY_RULES(DEFRULE(c_few_barracks, a_res_loom), MANY_RULES(DEFRULE(c_few_skirm, a_res_farm_2), MANY_RULES(DEFRULE(c_few_barracks, a_forward_castle), MANY_RULES(DEFRULE(c_many_ram, a_dynamic_civ_scout_cap(20)), MANY_RULES(DEFRULE(c_few_barracks, a_forward_castle), MANY_RULES(DEFRULE(c_many_ram, a_dynamic_camp_dist(20)), MANY_RULES(DEFRULE(c_some_ram, a_build_house), MANY_RULES(DEFRULE(c_no_house, a_dynamic_civ_scout_cap(168)), MANY_RULES(DEFRULE(c_few_barracks, a_res_loom), MANY_RULES(DEFRULE(c_no_house, a_dynamic_atk_percent(i_val(62))), MANY_RULES(DEFRULE(c_few_skirm, a_train_vill), MANY_RULES(DEFRULE(c_enemy_has_few_archer, a_build_barracks), MANY_RULES(DEFRULE(c_few_skirm, a_dynamic_civ_scout_cap(168)), MANY_RULES(DEFRULE(AND(c_many_archer, c_few_watch_tower), a_res_loom), MANY_RULES(DEFRULE(c_few_skirm, a_res_loom), MANY_RULES(DEFRULE(c_no_house, a_dynamic_civ_scout_cap(168)), MANY_RULES(DEFRULE(c_few_barracks, a_train_vill), MANY_RULES(DEFRULE(c_no_house, a_res_loom), MANY_RULES(DEFRULE(c_some_ram, a_build_house), MANY_RULES(DEFRULE(AND(c_mil_pop_10, c_no_archery_range), a_dynamic_civ_scout_cap(62)), MANY_RULES(DEFRULE(c_few_skirm, a_train_vill), MANY_RULES(DEFRULE(c_few_skirm, a_res_farm_2), MANY_RULES(DEFRULE(AND(c_many_archer, c_few_watch_tower), a_res_loom), MANY_RULES(DEFRULE(c_few_skirm, a_dynamic_civ_scout_cap(168)), MANY_RULES(DEFRULE(c_few_barracks, a_forward_castle), MANY_RULES(DEFRULE(c_no_house, a_dynamic_atk_percent(i_val(62))), MANY_RULES(DEFRULE(c_few_skirm, a_build_barracks), MANY_RULES(DEFRULE(c_few_barracks, a_res_loom), MANY_RULES(DEFRULE(c_can_res_blast, a_go_feudal_age), MANY_RULES(t_empty_rule, t_empty_list)))))))))))))))))))))))))))))))))))))))))))))))))))))))))))))))))"
161,78,221.8224,"MANY_RULES(DEFRULE(c_few_archery_range, a_buy_wood), TWO_RULES(t_empty_rule, t_empty_rule))"
161,18,221.1132,"MANY_RULES(DEFRULE(AND(c_no_lumber_camp, c_can_res_chain_mail), a_dynamic_group_size(20)), MANY_RULES(DEFRULE(c_few_skirm, a_build_house), MANY_RULES(DEFRULE(c_enemy_has_many_pike, a_dynamic_camp_dist(20)), MANY_RULES(DEFRULE(c_few_skirm, a_res_loom), MANY_RULES(DEFRULE(c_no_house, a_dynamic_civ_scout_cap(168)), MANY_RULES(DEFRULE(c_few_barracks, a_res_loom), MANY_RULES(DEFRULE(c_no_house, a_dynamic_atk_percent(i_val(168))), MANY_RULES(DEFRULE(c_few_skirm, a_build_barracks), MANY_RULES(DEFRULE(c_few_barracks, a_res_loom), MANY_RULES(DEFRULE(c_few_skirm, a_build_lumber_camp), MANY_RULES(DEFRULE(c_few_skirm, a_train_vill), MANY_RULES(DEFRULE(AND(c_few_watch_tower, c_few_skirm), a_res_loom), MANY_RULES(DEFRULE(c_few_barracks, a_res_loom), MANY_RULES(DEFRULE(c_few_skirm, a_res_farm_2), MANY_RULES(DEFRULE(c_few_skirm, a_build_barracks), MANY_RULES(DEFRULE(c_few_barracks, a_res_loom), MANY_RULES(DEFRULE(c_few_barracks, a_forward_castle), MANY_RULES(DEFRULE(c_few_archery_range, a_res_loom), MANY_RULES(DEFRULE(c_few_skirm, a_dynamic_civ_scout_cap(12)), MANY_RULES(DEFRULE(AND(c_some_ram, c_few_skirm), a_res_loom), MANY_RULES(DEFRULE(c_few_watch_tower, a_train_vill), MANY_RULES(DEFRULE(AND(c_few_skirm, c_enemy_has_many_pike), a_res_farm_2), MANY_RULES(DEFRULE(c_few_barracks, a_forward_castle), MANY_RULES(DEFRULE(c_few_skirm, a_dynamic_civ_scout_cap(20)), MANY_RULES(DEFRULE(c_some_infantry, a_build_house), MANY_RULES(DEFRULE(c_few_skirm, a_train_vill), MANY_RULES(DEFRULE(c_few_skirm, a_res_farm_2), MANY_RULES(DEFRULE(c_few_barracks, a_res_loom), MANY_RULES(DEFRULE(AND(c_few_skirm, c_enemy_has_many_pike), a_res_loom), MANY_RULES(DEFRULE(c_few_barracks, a_res_loom), MANY_RULES(DEFRULE(c_few_barracks, a_res_loom), MANY_RULES(DEFRULE(c_no_house, a_dynamic_civ_scout_cap(168)), MANY_RULES(DEFRULE(c_few_skirm, a_build_barracks), MANY_RULES(DEFRULE(c_few_barracks, a_res_loom), MANY_RULES(DEFRULE(c_few_skirm, a_build_lumber_camp), MANY_RULES(DEFRULE(c_few_barracks, a_res_loom), MANY_RULES(t_empty_rule, MANY_RULES(DEFRULE(c_far_gold, a_train_vill), MANY_RULES(DEFRULE(c_few_skirm, a_res_loom), MANY_RULES(DEFRULE(AND(c_few_skirm, c_enemy_has_many_pike), a_dynamic_civ_scout_cap(12)), MANY_RULES(DEFRULE(c_few_skirm, a_res_loom), MANY_RULES(DEFRULE(c_few_skirm, a_train_vill), MANY_RULES(DEFRULE(c_few_skirm, a_res_loom), MANY_RULES(DEFRULE(c_few_skirm, a_res_farm_2), MANY_RULES(DEFRULE(c_can_buy_food, a_forward_castle), MANY_RULES(DEFRULE(c_many_ram, a_dynamic_civ_scout_cap(168)), MANY_RULES(DEFRULE(c_few_mill, a_dynamic_civ_scout_cap(12)), MANY_RULES(DEFRULE(c_far_gold, a_train_vill), MANY_RULES(DEFRULE(c_few_skirm, a_train_vill), MANY_RULES(DEFRULE(c_few_skirm, a_res_loom), MANY_RULES(DEFRULE(c_few_barracks, a_res_loom), MANY_RULES(DEFRULE(c_few_skirm, a_dynamic_civ_scout_cap(168)), MANY_RULES(DEFRULE(AND(c_some_ram, c_few_skirm), a_res_loom), MANY_RULES(DEFRULE(c_no_house, a_dynamic_atk_percent(i_val(3))), MANY_RULES(DEFRULE(c_few_barracks, a_forward_castle), MANY_RULES(DEFRULE(c_many_ram, a_dynamic_civ_scout_cap(20)), MANY_RULES(DEFRULE(c_some_infantry, a_build_house), MANY_RULES(DEFRULE(c_far_gold, a_train_vill), MANY_RULES(DEFRULE(c_few_skirm, a_train_vill), MANY_RULES(DEFRULE(c_few_skirm, a_res_farm_2), MANY_RULES(DEFRULE(c_few_barracks, a_res_loom), MANY_RULES(DEFRULE(c_few_skirm, a_dynamic_civ_scout_cap(i_val(12))), MANY_RULES(DEFRULE(c_no_house, a_dynamic_atk_percent(i_val(62))), MANY_RULES(t_empty_rule, MANY_RULES(DEFRULE(c_few_barracks, a_res_loom), MANY_RULES(DEFRULE(c_some_ram, a_build_house), MANY_RULES(DEFRULE(AND(c_some_ram, c_few_skirm), a_res_loom), TWO_RULES(DEFRULE(c_few_barracks, a_town_size_20), DEFRULE(c_low_wood, a_train_vill)))))))))))))))))))))))))))))))))))))))))))))))))))))))))))))))))))))"
161,93,220.8232,"MANY_RULES(DEFRULE(c_can_go_feudal_age, a_train_pike), MANY_RULES(t_empty_rule, t_empty_list))"
161,27,217.022,"MANY_RULES(DEFRULE(AND(c_no_lumber_camp, c_can_res_chain_mail), a_dynamic_group_size(168)), MANY_RULES(t_empty_rule, MANY_RULES(DEFRULE(c_far_gold, a_train_vill), MANY_RULES(DEFRULE(c_few_skirm, a_res_loom), MANY_RULES(DEFRULE(AND(c_few_skirm, c_enemy_has_many_pike), a_dynamic_civ_scout_cap(12)), MANY_RULES(DEFRULE(c_few_skirm, a_res_loom), MANY_RULES(DEFRULE(c_few_skirm, a_train_vill), MANY_RULES(DEFRULE(c_few_skirm, a_res_loom), MANY_RULES(DEFRULE(c_few_skirm, a_res_farm_2), MANY_RULES(DEFRULE(c_few_barracks, a_forward_castle), MANY_RULES(DEFRULE(c_few_skirm, a_dynamic_civ_scout_cap(20)), MANY_RULES(DEFRULE(c_some_ram, a_build_house), MANY_RULES(DEFRULE(c_far_gold, a_train_vill), MANY_RULES(DEFRULE(c_few_skirm, a_res_farm_2), MANY_RULES(DEFRULE(c_few_archery_range, a_res_loom), MANY_RULES(DEFRULE(c_few_skirm, a_dynamic_civ_scout_cap(12)), MANY_RULES(DEFRULE(AND(c_some_ram, c_few_skirm), a_res_loom), MANY_RULES(DEFRULE(c_few_watch_tower, a_train_vill), MANY_RULES(DEFRULE(AND(c_few_skirm, c_enemy_has_many_pike), a_res_farm_2), MANY_RULES(DEFRULE(c_few_barracks, a_forward_castle), MANY_RULES(DEFRULE(c_many_ram, a_dynamic_civ_scout_cap(20)), MANY_RULES(DEFRULE(c_some_infantry, a_build_house), MANY_RULES(DEFRULE(c_few_skirm, a_build_house), MANY_RULES(DEFRULE(c_few_skirm, a_train_vill), MANY_RULES(DEFRULE(c_few_skirm, a_res_farm_2), MANY_RULES(DEFRULE(c_few_barracks, a_res_loom), MANY_RULES(DEFRULE(AND(c_few_skirm, c_enemy_has_many_pike), a_res_loom), MANY_RULES(DEFRULE(c_few_barracks, a_res_loom), MANY_RULES(DEFRULE(c_few_barracks, a_res_loom), MANY_RULES(DEFRULE(c_few_skirm, a_dynamic_civ_scout_cap(168)), MANY_RULES(DEFRULE(c_few_barracks, a_res_loom), MANY_RULES(DEFRULE(c_no_house, a_dynamic_atk_percent(i_val(168))), MANY_RULES(DEFRULE(c_few_skirm, a_build_barracks), MANY_RULES(DEFRULE(c_few_barracks, a_res_loom), MANY_RULES(DEFRULE(c_few_skirm, a_build_lumber_camp), MANY_RULES(DEFRULE(c_few_skirm, a_train_vill), MANY_RULES(DEFRULE(AND(c_some_ram, c_few_skirm), a_res_loom), MANY_RULES(DEFRULE(c_few_watch_tower, a_dynamic_atk_percent(i_val(168))), MANY_RULES(DEFRULE(c_few_skirm, a_res_farm_2), MANY_RULES(DEFRULE(c_few_skirm, a_build_barracks), MANY_RULES(DEFRULE(c_few_barracks, a_res_bracer), MANY_RULES(DEFRULE(c_some_ram, a_build_house), MANY_RULES(DEFRULE(AND(c_some_ram, c_few_skirm), a_res_loom), TWO_RULES(DEFRULE(c_few_barracks, a_build_lumber_camp), DEFRULE(c_low_wood, a_train_vill)))))))))))))))))))))))))))))))))))))))))))))"
161,86,214.57,"MANY_RULES(DEFRULE(AND(AND(AND(c_can_build_dock, c_no_blacksmith), AND(c_enemy_has_many_pike, c_no_town_center)), AND(AND(c_few_siege_workshop, c_vills_under_30), AND(c_few_town_center, c_can_go_imperial_age))), a_dynamic_group_size(i_val(i_val(8)))), MANY_RULES(DEFRULE(AND(AND(c_few_archery_range, c_can_build_watch_tower), AND(c_far_gold, c_can_go_feudal_age)), a_dynamic_group_size(i_val(94))), MANY_RULES(DEFRULE(AND(c_many_infantry, c_is_imperial_age), a_dynamic_camp_dist(23)), TWO_RULES(DEFRULE(c_many_mangonel, a_res_ballistics), DEFRULE(c_enemy_has_many_archer, a_compact_dropsites)))))"
161,72,211.13,"MANY_RULES(DEFRULE(AND(c_no_lumber_camp, c_can_res_chain_mail), a_dynamic_group_size(20)), MANY_RULES(DEFRULE(c_few_mill, a_build_house), MANY_RULES(DEFRULE(c_enemy_has_many_pike, a_dynamic_camp_dist(20)), MANY_RULES(DEFRULE(AND(c_few_skirm, c_enemy_has_many_pike), a_res_loom), MANY_RULES(DEFRULE(c_few_barracks, a_build_lumber_camp), MANY_RULES(DEFRULE(AND(c_some_ram, c_many_ram), a_res_loom), MANY_RULES(DEFRULE(c_no_house, a_dynamic_civ_scout_cap(168)), MANY_RULES(DEFRULE(c_few_barracks, a_res_loom), MANY_RULES(DEFRULE(c_no_house, a_dynamic_atk_percent(i_val(62))), MANY_RULES(DEFRULE(c_few_skirm, a_build_barracks), MANY_RULES(DEFRULE(c_few_barracks, a_res_loom), MANY_RULES(DEFRULE(c_few_skirm, a_build_lumber_camp), MANY_RULES(DEFRULE(c_few_barracks, a_res_loom), MANY_RULES(t_empty_rule, MANY_RULES(DEFRULE(c_far_gold, a_train_vill), MANY_RULES(DEFRULE(c_few_skirm, a_res_loom), MANY_RULES(DEFRULE(AND(c_few_skirm, c_enemy_has_many_pike), a_dynamic_civ_scout_cap(12)), MANY_RULES(DEFRULE(c_few_skirm, a_res_loom), MANY_RULES(DEFRULE(c_few_skirm, a_train_vill), MANY_RULES(DEFRULE(c_few_skirm, a_res_loom), MANY_RULES(DEFRULE(c_few_skirm, a_res_farm_2), MANY_RULES(DEFRULE(c_can_buy_food, a_forward_castle), MANY_RULES(DEFRULE(c_many_ram, a_dynamic_civ_scout_cap(168)), MANY_RULES(DEFRULE(c_few_mill, a_dynamic_civ_scout_cap(12)), MANY_RULES(DEFRULE(AND(AND(c_few_market, c_can_build_blacksmith), AND(c_mil_pop_10, c_many_pike)), a_train_vill), MANY_RULES(DEFRULE(c_few_skirm, a_train_vill), MANY_RULES(DEFRULE(c_few_skirm, a_res_farm_2), MANY_RULES(DEFRULE(c_few_barracks, a_res_loom), MANY_RULES(DEFRULE(c_few_skirm, a_dynamic_civ_scout_cap(168)), MANY_RULES(DEFRULE(AND(c_some_ram, c_few_skirm), a_res_loom), MANY_RULES(DEFRULE(c_no_house, a_dynamic_atk_percent(34)), MANY_RULES(DEFRULE(c_few_barracks, a_forward_castle), MANY_RULES(DEFRULE(c_many_ram, a_dynamic_civ_scout_cap(20)), MANY_RULES(DEFRULE(c_some_infantry, a_build_house), MANY_RULES(DEFRULE(AND(c_many_archer, c_few_watch_tower), a_res_loom), MANY_RULES(DEFRULE(c_few_skirm, a_res_loom), MANY_RULES(DEFRULE(AND(c_few_skirm, c_can_res_gold_2), a_dynamic_civ_scout_cap(168)), MANY_RULES(DEFRULE(c_few_barracks, a_res_loom), MANY_RULES(DEFRULE(c_no_house, a_dynamic_atk_percent(i_val(20))), MANY_RULES(DEFRULE(c_few_skirm, a_build_barracks), MANY_RULES(DEFRULE(c_few_barracks, a_res_loom), MANY_RULES(DEFRULE(c_few_skirm, a_build_barracks), MANY_RULES(DEFRULE(AND(c_can_res_stone_2, c_few_skirm), a_build_house), TWO_RULES(DEFRULE(c_few_barracks, a_build_lumber_camp), DEFRULE(c_few_barracks, a_res_loom)))))))))))))))))))))))))))))))))))))))))))))"
161,44,209.9776,"MANY_RULES(DEFRULE(AND(c_no_lumber_camp, c_can_res_chain_mail), a_dynamic_group_size(168)), MANY_RULES(t_empty_rule, MANY_RULES(DEFRULE(c_far_gold, a_train_vill), MANY_RULES(DEFRULE(c_few_skirm, a_res_loom), MANY_RULES(DEFRULE(AND(c_few_skirm, c_enemy_has_many_pike), a_dynamic_civ_scout_cap(12)), MANY_RULES(DEFRULE(c_few_skirm, a_res_loom), MANY_RULES(DEFRULE(c_few_barracks, a_res_loom), MANY_RULES(DEFRULE(c_few_skirm, a_res_loom), MANY_RULES(DEFRULE(c_few_skirm, a_res_farm_2), MANY_RULES(DEFRULE(c_few_barracks, a_train_vill), MANY_RULES(DEFRULE(c_many_ram, a_dynamic_civ_scout_cap(20)), MANY_RULES(DEFRULE(c_some_ram, a_build_house), MANY_RULES(DEFRULE(c_few_skirm, a_train_vill), MANY_RULES(DEFRULE(c_few_skirm, a_res_farm_2), MANY_RULES(DEFRULE(c_few_barracks, a_res_loom), MANY_RULES(DEFRULE(c_few_skirm, a_dynamic_civ_scout_cap(12)), MANY_RULES(DEFRULE(AND(c_some_ram, c_few_skirm), a_res_loom), MANY_RULES(DEFRULE(c_no_house, a_dynamic_atk_percent(i_val(3))), MANY_RULES(DEFRULE(AND(c_few_skirm, c_enemy_has_many_pike), a_res_farm_2), MANY_RULES(DEFRULE(c_few_barracks, a_forward_castle), MANY_RULES(DEFRULE(c_many_ram, a_dynamic_civ_scout_cap(20)), MANY_RULES(DEFRULE(c_few_barracks, a_forward_castle), MANY_RULES(DEFRULE(c_far_gold, a_train_vill), MANY_RULES(DEFRULE(c_few_skirm, a_train_vill), MANY_RULES(DEFRULE(c_few_skirm, a_res_farm_2), MANY_RULES(DEFRULE(c_few_barracks, a_res_loom), MANY_RULES(DEFRULE(c_few_skirm, a_dynamic_civ_scout_cap(i_val(62))), MANY_RULES(t_empty_rule, MANY_RULES(DEFRULE(c_few_barracks, a_res_loom), MANY_RULES(DEFRULE(c_no_house, a_dynamic_atk_percent(168)), MANY_RULES(DEFRULE(c_few_skirm, a_build_barracks), MANY_RULES(DEFRULE(c_few_barracks, a_res_loom), MANY_RULES(DEFRULE(c_few_skirm, a_build_lumber_camp), MANY_RULES(DEFRULE(c_few_skirm, a_train_vill), MANY_RULES(DEFRULE(AND(c_some_ram, c_few_skirm), a_res_loom), MANY_RULES(DEFRULE(c_few_barracks, a_res_loom), MANY_RULES(DEFRULE(c_few_skirm, a_res_farm_2), MANY_RULES(DEFRULE(c_few_barracks, a_forward_castle), MANY_RULES(DEFRULE(c_many_ram, a_dynamic_civ_scout_cap(20)), MANY_RULES(DEFRULE(c_few_barracks, a_forward_castle), MANY_RULES(DEFRULE(c_many_ram, a_dynamic_camp_dist(20)), MANY_RULES(DEFRULE(c_some_ram, a_build_house), MANY_RULES(DEFRULE(c_no_house, a_dynamic_civ_scout_cap(168)), MANY_RULES(DEFRULE(c_no_house, a_dynamic_atk_percent(i_val(62))), MANY_RULES(DEFRULE(c_few_skirm, a_train_vill), MANY_RULES(DEFRULE(c_enemy_has_few_archer, a_build_barracks), MANY_RULES(DEFRULE(c_few_skirm, a_dynamic_civ_scout_cap(168)), MANY_RULES(DEFRULE(AND(c_many_archer, c_few_watch_tower), a_res_loom), MANY_RULES(DEFRULE(c_few_skirm, a_res_loom), MANY_RULES(DEFRULE(c_no_house, a_dynamic_civ_scout_cap(168)), MANY_RULES(DEFRULE(c_few_barracks, a_train_vill), MANY_RULES(DEFRULE(c_no_house, a_dynamic_atk_percent(20)), MANY_RULES(DEFRULE(c_some_ram, a_build_house), MANY_RULES(DEFRULE(AND(c_mil_pop_10, c_no_archery_range), a_dynamic_civ_scout_cap(62)), MANY_RULES(DEFRULE(c_few_skirm, a_train_vill), MANY_RULES(DEFRULE(c_few_skirm, a_res_farm_2), MANY_RULES(DEFRULE(AND(c_many_archer, c_few_watch_tower), a_res_loom), MANY_RULES(DEFRULE(c_few_skirm, a_dynamic_civ_scout_cap(168)), MANY_RULES(DEFRULE(c_few_barracks, a_forward_castle), MANY_RULES(DEFRULE(c_no_house, a_dynamic_atk_percent(i_val(62))), MANY_RULES(DEFRULE(c_few_skirm, a_build_barracks), MANY_RULES(DEFRULE(c_few_barracks, a_res_loom), MANY_RULES(DEFRULE(c_can_res_blast, a_go_feudal_age), MANY_RULES(t_empty_rule, t_empty_list))))))))))))))))))))))))))))))))))))))))))))))))))))))))))))))))"
161,9,207.088,"MANY_RULES(DEFRULE(AND(c_no_lumber_camp, c_can_res_chain_mail), a_dynamic_group_size(168)), MANY_RULES(t_empty_rule, MANY_RULES(DEFRULE(c_far_gold, a_train_vill), MANY_RULES(DEFRULE(c_few_skirm, a_res_loom), MANY_RULES(DEFRULE(AND(c_few_skirm, c_enemy_has_many_pike), a_dynamic_civ_scout_cap(12)), MANY_RULES(DEFRULE(c_few_skirm, a_res_loom), MANY_RULES(DEFRULE(c_few_skirm, a_train_vill), MANY_RULES(DEFRULE(c_few_skirm, a_res_loom), MANY_RULES(DEFRULE(c_few_skirm, a_res_farm_2), MANY_RULES(DEFRULE(c_few_barracks, a_train_vill), MANY_RULES(DEFRULE(c_many_ram, a_dynamic_civ_scout_cap(20)), MANY_RULES(DEFRULE(c_some_ram, a_build_house), MANY_RULES(DEFRULE(c_few_skirm, a_train_vill), MANY_RULES(DEFRULE(c_few_skirm, a_res_farm_2), MANY_RULES(DEFRULE(c_few_barracks, a_res_loom), MANY_RULES(DEFRULE(c_few_skirm, a_dynamic_civ_scout_cap(12)), MANY_RULES(DEFRULE(AND(c_some_ram, c_few_skirm), a_res_loom), MANY_RULES(DEFRULE(c_no_house, a_dynamic_atk_percent(i_val(3))), MANY_RULES(DEFRULE(AND(c_few_skirm, c_enemy_has_many_pike), a_res_farm_2), MANY_RULES(DEFRULE(c_few_barracks, a_forward_castle), MANY_RULES(DEFRULE(c_many_ram, a_dynamic_civ_scout_cap(20)), MANY_RULES(DEFRULE(c_few_barracks, a_forward_castle), MANY_RULES(DEFRULE(c_far_gold, a_train_vill), MANY_RULES(DEFRULE(c_few_skirm, a_train_vill), MANY_RULES(DEFRULE(c_few_skirm, a_res_farm_2), MANY_RULES(DEFRULE(c_few_barracks, a_res_loom), MANY_RULES(DEFRULE(c_few_skirm, a_dynamic_civ_scout_cap(i_val(62))), MANY_RULES(t_empty_rule, MANY_RULES(DEFRULE(c_few_barracks, a_res_loom), MANY_RULES(DEFRULE(c_no_house, a_dynamic_atk_percent(168)), MANY_RULES(DEFRULE(c_few_skirm, a_build_barracks), MANY_RULES(DEFRULE(c_few_barracks, a_res_loom), MANY_RULES(DEFRULE(c_few_skirm, a_build_lumber_camp), MANY_RULES(DEFRULE(c_few_skirm, a_train_vill), MANY_RULES(DEFRULE(AND(c_some_ram, c_few_skirm), a_res_loom), MANY_RULES(DEFRULE(c_few_barracks, a_res_loom), MANY_RULES(DEFRULE(c_few_skirm, a_res_farm_2), MANY_RULES(DEFRULE(c_few_barracks, a_forward_castle), MANY_RULES(DEFRULE(c_many_ram, a_dynamic_civ_scout_cap(20)), MANY_RULES(DEFRULE(c_few_barracks, a_forward_castle), MANY_RULES(DEFRULE(c_many_ram, a_dynamic_camp_dist(20)), MANY_RULES(DEFRULE(c_some_ram, a_build_house), MANY_RULES(DEFRULE(c_no_house, a_dynamic_civ_scout_cap(168)), MANY_RULES(DEFRULE(c_no_house, a_dynamic_atk_percent(i_val(62))), MANY_RULES(DEFRULE(c_few_skirm, a_train_vill), MANY_RULES(DEFRULE(c_enemy_has_few_archer, a_build_barracks), MANY_RULES(DEFRULE(c_few_skirm, a_dynamic_civ_scout_cap(20)), MANY_RULES(DEFRULE(AND(c_many_archer, c_few_watch_tower), a_res_loom), MANY_RULES(DEFRULE(c_few_skirm, a_res_loom), MANY_RULES(DEFRULE(c_no_house, a_dynamic_civ_scout_cap(168)), MANY_RULES(DEFRULE(c_few_barracks, a_train_vill), MANY_RULES(DEFRULE(c_no_house, a_dynamic_atk_percent(20)), MANY_RULES(DEFRULE(c_some_ram, a_build_house), MANY_RULES(DEFRULE(AND(c_mil_pop_10, c_no_archery_range), a_dynamic_civ_scout_cap(62)), MANY_RULES(DEFRULE(c_few_skirm, a_train_vill), MANY_RULES(DEFRULE(c_few_skirm, a_res_farm_2), MANY_RULES(DEFRULE(AND(c_many_archer, c_few_watch_tower), a_res_loom), MANY_RULES(DEFRULE(c_few_skirm, a_dynamic_civ_scout_cap(168)), MANY_RULES(DEFRULE(c_few_barracks, a_forward_castle), MANY_RULES(DEFRULE(c_no_house, a_dynamic_atk_percent(i_val(62))), MANY_RULES(DEFRULE(c_few_skirm, a_build_barracks), MANY_RULES(DEFRULE(c_few_barracks, a_res_loom), MANY_RULES(DEFRULE(c_can_res_blast, a_go_feudal_age), MANY_RULES(t_empty_rule, t_empty_list))))))))))))))))))))))))))))))))))))))))))))))))))))))))))))))))"
161,79,204.5692,"MANY_RULES(DEFRULE(c_can_res_chain_mail, a_dynamic_group_size(20)), MANY_RULES(DEFRULE(c_few_skirm, a_build_house), MANY_RULES(DEFRULE(c_enemy_has_many_pike, a_dynamic_camp_dist(20)), MANY_RULES(DEFRULE(AND(c_few_skirm, c_enemy_has_many_pike), a_res_loom), MANY_RULES(DEFRULE(c_few_barracks, a_res_loom), MANY_RULES(DEFRULE(c_few_barracks, a_res_loom), MANY_RULES(DEFRULE(c_no_house, a_dynamic_civ_scout_cap(168)), MANY_RULES(DEFRULE(c_few_barracks, a_res_loom), MANY_RULES(DEFRULE(c_no_house, a_dynamic_atk_percent(i_val(12))), MANY_RULES(DEFRULE(c_few_skirm, a_build_barracks), MANY_RULES(DEFRULE(c_few_barracks, a_res_loom), MANY_RULES(DEFRULE(c_few_skirm, a_build_lumber_camp), MANY_RULES(DEFRULE(c_few_skirm, a_train_vill), MANY_RULES(DEFRULE(AND(c_some_ram, c_few_skirm), a_res_loom), MANY_RULES(DEFRULE(c_few_barracks, a_res_loom), MANY_RULES(DEFRULE(AND(c_mil_pop_10, c_far_gold), a_dynamic_civ_scout_cap(62)), MANY_RULES(t_empty_rule, MANY_RULES(DEFRULE(c_no_house, a_dynamic_civ_scout_cap(168)), MANY_RULES(DEFRULE(c_few_barracks, a_res_loom), MANY_RULES(DEFRULE(c_no_house, a_dynamic_atk_percent(i_val(168))), MANY_RULES(DEFRULE(c_few_skirm, a_build_barracks), MANY_RULES(DEFRULE(c_few_barracks, a_res_loom), MANY_RULES(DEFRULE(c_few_skirm, a_build_lumber_camp), MANY_RULES(DEFRULE(c_few_skirm, a_train_vill), MANY_RULES(DEFRULE(c_few_barracks, a_res_loom), MANY_RULES(DEFRULE(c_few_skirm, a_res_farm_2), MANY_RULES(DEFRULE(c_few_barracks, a_forward_castle), MANY_RULES(DEFRULE(c_many_ram, a_dynamic_civ_scout_cap(20)), MANY_RULES(DEFRULE(c_some_ram, a_build_house), MANY_RULES(DEFRULE(c_no_house, a_dynamic_civ_scout_cap(168)), MANY_RULES(DEFRULE(c_few_barracks, a_res_loom), MANY_RULES(DEFRULE(c_no_house, a_dynamic_civ_scout_pct(i_val(25))), MANY_RULES(DEFRULE(c_few_skirm, a_train_vill), MANY_RULES(DEFRULE(c_few_skirm, a_build_barracks), MANY_RULES(DEFRULE(c_few_skirm, a_dynamic_civ_scout_cap(12)), MANY_RULES(DEFRULE(AND(c_many_archer, c_few_watch_tower), a_res_loom), MANY_RULES(DEFRULE(c_few_skirm, a_res_loom), MANY_RULES(DEFRULE(c_no_house, a_dynamic_civ_scout_cap(168)), MANY_RULES(DEFRULE(c_few_skirm, a_train_vill), MANY_RULES(DEFRULE(c_many_ram, a_dynamic_atk_percent(20)), MANY_RULES(DEFRULE(c_some_ram, a_build_house), MANY_RULES(DEFRULE(c_few_lumber_camp, a_dynamic_civ_scout_cap(12)), MANY_RULES(DEFRULE(c_few_skirm, a_res_farm_2), MANY_RULES(DEFRULE(c_no_house, a_dynamic_atk_percent(i_val(12))), MANY_RULES(DEFRULE(c_few_skirm, a_build_barracks), MANY_RULES(DEFRULE(c_many_knight, a_res_loom), MANY_RULES(DEFRULE(c_few_skirm, a_res_farm_2), MANY_RULES(DEFRULE(c_few_barracks, a_res_loom), MANY_RULES(DEFRULE(AND(c_few_skirm, c_few_skirm), a_res_loom), TWO_RULES(DEFRULE(c_few_barracks, a_res_loom), DEFRULE(c_low_wood, a_retreat_castle)))))))))))))))))))))))))))))))))))))))))))))))))))"
161,10,201.058,"MANY_RULES(DEFRULE(AND(c_no_lumber_camp, c_can_res_chain_mail), a_dynamic_group_size(168)), MANY_RULES(t_empty_rule, MANY_RULES(DEFRULE(c_far_gold, a_train_vill), MANY_RULES(DEFRULE(c_few_skirm, a_res_loom), MANY_RULES(DEFRULE(AND(c_few_skirm, c_enemy_has_many_pike), a_dynamic_civ_scout_cap(12)), MANY_RULES(DEFRULE(c_few_skirm, a_res_loom), MANY_RULES(DEFRULE(c_few_skirm, a_train_vill), MANY_RULES(DEFRULE(c_few_skirm, a_res_loom), MANY_RULES(DEFRULE(c_few_skirm, a_res_farm_2), MANY_RULES(t_empty_rule, MANY_RULES(DEFRULE(c_many_ram, a_dynamic_civ_scout_cap(20)), MANY_RULES(DEFRULE(c_some_ram, a_build_house), MANY_RULES(DEFRULE(c_few_skirm, a_train_vill), MANY_RULES(DEFRULE(c_few_skirm, a_res_farm_2), MANY_RULES(DEFRULE(c_few_barracks, a_res_loom), MANY_RULES(DEFRULE(c_few_skirm, a_dynamic_civ_scout_cap(12)), MANY_RULES(DEFRULE(AND(c_some_ram, c_few_skirm), a_res_loom), MANY_RULES(DEFRULE(c_no_house, a_dynamic_atk_percent(i_val(3))), MANY_RULES(DEFRULE(AND(c_few_skirm, c_enemy_has_many_pike), a_res_farm_2), MANY_RULES(DEFRULE(c_few_barracks, a_forward_castle), MANY_RULES(DEFRULE(c_many_ram, a_dynamic_civ_scout_cap(20)), MANY_RULES(DEFRULE(c_few_barracks, a_forward_castle), MANY_RULES(DEFRULE(c_far_gold, a_train_vill), MANY_RULES(DEFRULE(c_few_skirm, a_train_vill), MANY_RULES(DEFRULE(c_few_skirm, a_res_farm_2), MANY_RULES(DEFRULE(c_few_barracks, a_res_loom), MANY_RULES(DEFRULE(c_few_skirm, a_dynamic_civ_scout_cap(i_val(62))), MANY_RULES(t_empty_rule, MANY_RULES(DEFRULE(c_few_barracks, a_res_loom), MANY_RULES(DEFRULE(c_no_house, a_dynamic_atk_percent(i_val(62))), MANY_RULES(DEFRULE(c_few_skirm, a_build_barracks), MANY_RULES(DEFRULE(c_few_barracks, a_res_loom), MANY_RULES(DEFRULE(c_few_skirm, a_build_lumber_camp), MANY_RULES(DEFRULE(c_few_skirm, a_train_vill), MANY_RULES(DEFRULE(AND(c_some_ram, c_few_skirm), a_res_loom), MANY_RULES(DEFRULE(c_few_barracks, a_res_loom), MANY_RULES(DEFRULE(c_few_skirm, a_res_farm_2), MANY_RULES(DEFRULE(c_few_barracks, a_forward_castle), MANY_RULES(DEFRULE(c_many_ram, a_dynamic_civ_scout_cap(20)), MANY_RULES(DEFRULE(c_few_barracks, a_forward_castle), MANY_RULES(DEFRULE(c_many_ram, a_dynamic_camp_dist(20)), MANY_RULES(DEFRULE(c_some_ram, a_build_house), MANY_RULES(DEFRULE(c_no_house, a_dynamic_civ_scout_cap(168)), MANY_RULES(DEFRULE(c_few_barracks, a_res_loom), MANY_RULES(DEFRULE(c_no_house, a_dynamic_atk_percent(i_val(62))), MANY_RULES(DEFRULE(c_few_skirm, a_train_vill), MANY_RULES(DEFRULE(c_enemy_has_few_archer, a_build_barracks), MANY_RULES(DEFRULE(c_few_skirm, a_dynamic_civ_scout_cap(168)), MANY_RULES(DEFRULE(AND(c_many_archer, c_few_watch_tower), a_res_loom), MANY_RULES(DEFRULE(c_few_skirm, a_res_loom), MANY_RULES(DEFRULE(c_no_house, a_dynamic_civ_scout_cap(168)), MANY_RULES(DEFRULE(c_few_barracks, a_train_vill), MANY_RULES(DEFRULE(c_no_house, a_res_loom), MANY_RULES(DEFRULE(c_some_ram, a_build_house), MANY_RULES(DEFRULE(AND(c_mil_pop_10, c_no_archery_range), a_dynamic_civ_scout_cap(62)), MANY_RULES(DEFRULE(c_few_skirm, a_train_vill), MANY_RULES(DEFRULE(c_few_skirm, a_res_farm_2), MANY_RULES(DEFRULE(AND(c_many_archer, c_few_watch_tower), a_res_loom), MANY_RULES(DEFRULE(c_few_skirm, a_dynamic_civ_scout_cap(168)), MANY_RULES(DEFRULE(c_few_barracks, a_forward_castle), MANY_RULES(DEFRULE(c_no_house, a_dynamic_atk_percent(i_val(62))), MANY_RULES(DEFRULE(c_few_skirm, a_build_barracks), MANY_RULES(DEFRULE(c_few_barracks, a_res_loom), MANY_RULES(DEFRULE(c_can_res_blast, a_go_feudal_age), MANY_RULES(t_empty_rule, t_empty_list)))))))))))))))))))))))))))))))))))))))))))))))))))))))))))))))))"
161,75,199.3824,"MANY_RULES(DEFRULE(c_can_res_chain_mail, a_dynamic_group_size(20)), MANY_RULES(DEFRULE(c_few_skirm, a_build_house), MANY_RULES(DEFRULE(c_enemy_has_many_pike, a_dynamic_camp_dist(20)), MANY_RULES(DEFRULE(AND(c_few_skirm, c_enemy_has_many_pike), a_res_loom), MANY_RULES(DEFRULE(c_few_barracks, a_res_loom), MANY_RULES(DEFRULE(c_few_barracks, a_res_loom), MANY_RULES(DEFRULE(c_no_house, a_dynamic_civ_scout_cap(168)), MANY_RULES(DEFRULE(c_few_barracks, a_res_loom), MANY_RULES(DEFRULE(c_no_house, a_dynamic_atk_percent(i_val(12))), MANY_RULES(DEFRULE(c_few_skirm, a_build_barracks), MANY_RULES(DEFRULE(c_few_barracks, a_res_loom), MANY_RULES(DEFRULE(c_few_skirm, a_build_lumber_camp), MANY_RULES(DEFRULE(c_few_skirm, a_train_vill), MANY_RULES(DEFRULE(AND(c_some_ram, c_few_skirm), a_res_loom), MANY_RULES(DEFRULE(c_few_barracks, a_res_loom), MANY_RULES(DEFRULE(AND(c_mil_pop_10, c_far_gold), a_dynamic_civ_scout_cap(62)), MANY_RULES(t_empty_rule, MANY_RULES(DEFRULE(c_no_house, a_dynamic_civ_scout_cap(168)), MANY_RULES(DEFRULE(c_few_barracks, a_res_loom), MANY_RULES(DEFRULE(c_no_house, a_dynamic_atk_percent(i_val(168))), MANY_RULES(t_empty_rule, MANY_RULES(DEFRULE(c_few_barracks, a_res_loom), MANY_RULES(DEFRULE(c_few_skirm, a_build_lumber_camp), MANY_RULES(DEFRULE(c_few_skirm, a_train_vill), MANY_RULES(DEFRULE(AND(c_some_ram, c_few_skirm), a_res_loom), MANY_RULES(DEFRULE(c_few_barracks, a_res_loom), MANY_RULES(DEFRULE(c_few_skirm, a_res_farm_2), MANY_RULES(DEFRULE(c_few_barracks, a_forward_castle), MANY_RULES(DEFRULE(c_many_ram, a_dynamic_civ_scout_cap(20)), MANY_RULES(DEFRULE(c_some_ram, a_build_house), MANY_RULES(DEFRULE(c_no_house, a_dynamic_civ_scout_cap(168)), MANY_RULES(DEFRULE(c_few_barracks, a_res_loom), MANY_RULES(DEFRULE(c_no_house, a_dynamic_civ_scout_pct(i_val(25))), MANY_RULES(DEFRULE(c_few_skirm, a_train_vill), MANY_RULES(DEFRULE(c_few_skirm, a_build_barracks), MANY_RULES(DEFRULE(c_few_skirm, a_dynamic_civ_scout_cap(12)), MANY_RULES(DEFRULE(AND(c_many_archer, c_few_watch_tower), a_res_loom), MANY_RULES(DEFRULE(c_few_skirm, a_res_loom), MANY_RULES(DEFRULE(c_no_house, a_dynamic_civ_scout_cap(168)), MANY_RULES(DEFRULE(c_few_skirm, a_train_vill), MANY_RULES(DEFRULE(c_many_ram, a_dynamic_atk_percent(20)), MANY_RULES(DEFRULE(c_some_ram, a_build_house), MANY_RULES(DEFRULE(AND(c_mil_pop_10, c_far_gold), a_dynamic_civ_scout_cap(62)), MANY_RULES(DEFRULE(c_no_house, a_forward_castle), MANY_RULES(DEFRULE(c_few_barracks, a_res_loom), MANY_RULES(DEFRULE(c_no_house, a_dynamic_atk_percent(i_val(168))), MANY_RULES(DEFRULE(c_few_skirm, a_build_barracks), MANY_RULES(DEFRULE(c_few_barracks, a_res_loom), MANY_RULES(DEFRULE(c_few_skirm, a_build_lumber_camp), MANY_RULES(DEFRULE(c_few_skirm, a_train_vill), MANY_RULES(DEFRULE(AND(c_some_ram, c_few_skirm), a_res_loom), MANY_RULES(DEFRULE(c_few_barracks, a_res_loom), MANY_RULES(DEFRULE(c_few_skirm, a_res_farm_2), MANY_RULES(DEFRULE(c_few_skirm, a_build_barracks), MANY_RULES(DEFRULE(c_few_barracks, a_res_loom), MANY_RULES(DEFRULE(c_some_ram, a_build_house), MANY_RULES(DEFRULE(AND(c_some_ram, c_few_skirm), a_res_loom), MANY_RULES(DEFRULE(c_few_skirm, a_res_chemistry), MANY_RULES(DEFRULE(c_few_skirm, a_build_barracks), MANY_RULES(DEFRULE(c_few_barracks, a_res_loom), MANY_RULES(DEFRULE(c_few_skirm, a_res_farm_2), MANY_RULES(DEFRULE(c_few_skirm, a_res_farm_2), TWO_RULES(DEFRULE(c_few_barracks, a_res_loom), DEFRULE(c_low_wood, a_retreat_castle))))))))))))))))))))))))))))))))))))))))))))))))))))))))))))))))"
161,36,199.346,"MANY_RULES(DEFRULE(AND(c_no_lumber_camp, c_can_res_chain_mail), a_dynamic_group_size(168)), MANY_RULES(t_empty_rule, MANY_RULES(DEFRULE(c_far_gold, a_train_vill), MANY_RULES(DEFRULE(c_few_skirm, a_res_loom), MANY_RULES(DEFRULE(AND(c_few_skirm, c_enemy_has_many_pike), a_dynamic_civ_scout_cap(12)), MANY_RULES(DEFRULE(c_few_skirm, a_res_loom), MANY_RULES(DEFRULE(c_few_skirm, a_train_vill), MANY_RULES(DEFRULE(c_few_skirm, a_res_loom), MANY_RULES(DEFRULE(c_few_skirm, a_res_farm_2), MANY_RULES(DEFRULE(c_few_barracks, a_forward_castle), MANY_RULES(DEFRULE(c_few_skirm, a_dynamic_civ_scout_cap(20)), MANY_RULES(DEFRULE(c_some_ram, a_build_house), MANY_RULES(DEFRULE(c_far_gold, a_train_vill), MANY_RULES(DEFRULE(c_few_skirm, a_res_farm_2), MANY_RULES(DEFRULE(c_few_archery_range, a_res_loom), MANY_RULES(DEFRULE(c_few_skirm, a_dynamic_civ_scout_cap(12)), MANY_RULES(DEFRULE(AND(c_some_ram, c_few_skirm), a_res_loom), MANY_RULES(DEFRULE(c_few_watch_tower, a_train_vill), MANY_RULES(DEFRULE(AND(c_few_skirm, c_enemy_has_many_pike), a_res_farm_2), MANY_RULES(DEFRULE(c_few_barracks, a_forward_castle), MANY_RULES(DEFRULE(c_many_ram, a_dynamic_civ_scout_cap(20)), MANY_RULES(DEFRULE(c_some_infantry, a_build_house), MANY_RULES(DEFRULE(AND(AND(c_no_siege_workshop, c_some_skirm), AND(c_some_ram, c_can_res_chemistry)), a_build_house), MANY_RULES(DEFRULE(c_few_skirm, a_train_vill), MANY_RULES(DEFRULE(c_few_skirm, a_res_farm_2), MANY_RULES(DEFRULE(c_few_barracks, a_res_loom), MANY_RULES(DEFRULE(AND(c_few_skirm, c_enemy_has_many_pike), a_res_loom), MANY_RULES(DEFRULE(c_few_barracks, a_res_loom), MANY_RULES(DEFRULE(c_few_barracks, a_res_loom), MANY_RULES(DEFRULE(c_few_skirm, a_dynamic_civ_scout_cap(168)), MANY_RULES(DEFRULE(c_few_barracks, a_res_loom), MANY_RULES(DEFRULE(c_no_house, a_dynamic_atk_percent(i_val(168))), MANY_RULES(DEFRULE(c_few_skirm, a_build_barracks), MANY_RULES(DEFRULE(c_few_barracks, a_res_loom), MANY_RULES(DEFRULE(c_few_skirm, a_build_lumber_camp), MANY_RULES(DEFRULE(c_few_skirm, a_train_vill), MANY_RULES(DEFRULE(AND(c_some_ram, c_few_skirm), a_res_loom), MANY_RULES(DEFRULE(c_few_barracks, a_dynamic_atk_percent(3)), MANY_RULES(DEFRULE(c_few_skirm, a_res_farm_2), MANY_RULES(DEFRULE(c_few_skirm, a_build_barracks), MANY_RULES(DEFRULE(c_few_barracks, a_res_bracer), MANY_RULES(DEFRULE(c_some_ram, a_build_house), MANY_RULES(DEFRULE(AND(c_some_ram, c_few_skirm), a_res_loom), TWO_RULES(DEFRULE(c_few_barracks, a_build_lumber_camp), DEFRULE(c_low_wood, a_train_vill)))))))))))))))))))))))))))))))))))))))))))))"
161,22,198.0928,"MANY_RULES(DEFRULE(AND(c_no_lumber_camp, c_can_res_chain_mail), a_dynamic_group_size(20)), MANY_RULES(DEFRULE(c_few_mill, a_build_house), MANY_RULES(DEFRULE(c_enemy_has_many_pike, a_dynamic_camp_dist(20)), MANY_RULES(DEFRULE(AND(c_few_skirm, c_enemy_has_many_pike), a_res_loom), MANY_RULES(DEFRULE(c_few_barracks, a_res_loom), MANY_RULES(DEFRULE(AND(c_some_ram, c_many_ram), a_res_loom), MANY_RULES(DEFRULE(c_no_house, a_dynamic_civ_scout_cap(168)), MANY_RULES(DEFRULE(c_few_barracks, a_res_loom), MANY_RULES(DEFRULE(c_no_house, a_dynamic_atk_percent(i_val(62))), MANY_RULES(DEFRULE(c_few_skirm, a_build_barracks), MANY_RULES(DEFRULE(c_few_barracks, a_res_loom), MANY_RULES(DEFRULE(c_few_skirm, a_build_lumber_camp), MANY_RULES(DEFRULE(c_few_barracks, a_res_loom), MANY_RULES(t_empty_rule, MANY_RULES(DEFRULE(c_far_gold, a_train_vill), MANY_RULES(DEFRULE(c_few_skirm, a_res_loom), MANY_RULES(DEFRULE(AND(c_few_skirm, c_enemy_has_many_pike), a_dynamic_civ_scout_cap(12)), MANY_RULES(DEFRULE(c_few_skirm, a_res_loom), MANY_RULES(DEFRULE(c_few_skirm, a_train_vill), MANY_RULES(DEFRULE(c_few_skirm, a_res_loom), MANY_RULES(DEFRULE(c_few_skirm, a_res_farm_2), MANY_RULES(DEFRULE(c_can_buy_food, a_forward_castle), MANY_RULES(DEFRULE(c_many_ram, a_dynamic_civ_scout_cap(168)), MANY_RULES(DEFRULE(c_few_mill, a_dynamic_civ_scout_cap(12)), MANY_RULES(DEFRULE(c_far_gold, a_train_vill), MANY_RULES(DEFRULE(c_few_skirm, a_train_vill), MANY_RULES(DEFRULE(c_few_skirm, a_res_farm_2), MANY_RULES(DEFRULE(c_few_skirm, a_dynamic_civ_scout_cap(168)), MANY_RULES(DEFRULE(AND(c_some_ram, c_few_skirm), a_res_loom), MANY_RULES(DEFRULE(c_no_house, a_dynamic_atk_percent(i_val(3))), MANY_RULES(DEFRULE(c_few_barracks, a_forward_castle), MANY_RULES(DEFRULE(c_many_ram, a_dynamic_civ_scout_cap(20)), MANY_RULES(DEFRULE(c_some_infantry, a_build_house), MANY_RULES(DEFRULE(c_far_gold, a_train_vill), MANY_RULES(DEFRULE(c_few_skirm, a_train_vill), MANY_RULES(DEFRULE(c_no_house, a_dynamic_civ_scout_cap(168)), MANY_RULES(DEFRULE(c_few_barracks, a_res_loom), MANY_RULES(DEFRULE(c_no_house, a_dynamic_atk_percent(i_val(12))), MANY_RULES(DEFRULE(c_few_skirm, a_build_barracks), MANY_RULES(DEFRULE(c_few_barracks, a_res_loom), MANY_RULES(DEFRULE(c_few_skirm, a_build_lumber_camp), MANY_RULES(DEFRULE(c_few_skirm, a_train_vill), MANY_RULES(DEFRULE(AND(c_some_ram, c_few_skirm), a_res_loom), MANY_RULES(DEFRULE(c_few_barracks, a_res_loom), MANY_RULES(DEFRULE(c_few_skirm, a_res_farm_2), MANY_RULES(t_empty_rule, MANY_RULES(DEFRULE(c_no_house, a_dynamic_civ_scout_cap(168)), MANY_RULES(DEFRULE(c_few_barracks, a_res_loom), MANY_RULES(DEFRULE(c_no_house, a_dynamic_atk_percent(i_val(168))), MANY_RULES(DEFRULE(c_few_skirm, a_build_barracks), MANY_RULES(DEFRULE(c_few_barracks, a_res_loom), MANY_RULES(DEFRULE(c_few_skirm, a_build_lumber_camp), MANY_RULES(DEFRULE(c_few_skirm, a_train_vill), MANY_RULES(DEFRULE(AND(c_some_ram, c_few_skirm), a_res_loom), MANY_RULES(DEFRULE(c_few_barracks, a_res_loom), MANY_RULES(DEFRULE(c_few_skirm, a_res_farm_2), MANY_RULES(DEFRULE(c_few_barracks, a_dynamic_atk_percent(i_val(i_val(3)))), MANY_RULES(DEFRULE(c_many_ram, a_dynamic_civ_scout_cap(20)), MANY_RULES(DEFRULE(c_some_ram, a_build_house), MANY_RULES(DEFRULE(c_no_house, a_dynamic_civ_scout_cap(168)), MANY_RULES(DEFRULE(c_few_barracks, a_res_loom), MANY_RULES(DEFRULE(c_no_house, a_dynamic_civ_scout_pct(i_val(25))), MANY_RULES(DEFRULE(c_few_skirm, a_train_vill), MANY_RULES(DEFRULE(c_few_skirm, a_build_barracks), MANY_RULES(DEFRULE(c_few_skirm, a_dynamic_civ_scout_cap(12)), MANY_RULES(DEFRULE(AND(c_many_archer, c_few_watch_tower), a_res_loom), MANY_RULES(DEFRULE(c_few_skirm, a_res_loom), MANY_RULES(DEFRULE(c_no_house, a_dynamic_civ_scout_cap(168)), MANY_RULES(DEFRULE(c_few_barracks, a_train_vill), MANY_RULES(DEFRULE(c_many_ram, a_dynamic_atk_percent(20)), MANY_RULES(DEFRULE(c_some_ram, a_build_house), MANY_RULES(DEFRULE(AND(c_mil_pop_10, c_far_gold), a_dynamic_civ_scout_cap(62)), MANY_RULES(DEFRULE(c_no_house, a_forward_castle), MANY_RULES(DEFRULE(c_few_barracks, a_res_loom), MANY_RULES(DEFRULE(c_few_barracks, a_dynamic_atk_percent(i_val(168))), MANY_RULES(DEFRULE(c_few_skirm, a_build_barracks), MANY_RULES(DEFRULE(c_few_barracks, a_res_loom), MANY_RULES(DEFRULE(c_few_skirm, a_build_lumber_camp), MANY_RULES(DEFRULE(c_few_skirm, a_res_ballistics), MANY_RULES(DEFRULE(AND(c_some_ram, c_few_skirm), a_res_loom), MANY_RULES(DEFRULE(c_few_barracks, a_res_loom), MANY_RULES(DEFRULE(c_few_skirm, a_res_farm_2), MANY_RULES(DEFRULE(AND(c_no_lumber_camp, c_can_res_chain_mail), a_build_barracks), MANY_RULES(DEFRULE(c_few_barracks, a_res_loom), MANY_RULES(DEFRULE(c_some_ram, a_build_house), MANY_RULES(DEFRULE(AND(c_some_ram, c_few_skirm), a_res_loom), TWO_RULES(DEFRULE(c_few_barracks, a_build_lumber_camp), DEFRULE(c_low_wood, a_train_vill))))))))))))))))))))))))))))))))))))))))))))))))))))))))))))))))))))))))))))))))))))))))"
161,19,196.32,"MANY_RULES(DEFRULE(AND(c_no_lumber_camp, c_can_res_chain_mail), a_dynamic_group_size(20)), MANY_RULES(DEFRULE(c_few_mill, a_build_house), MANY_RULES(DEFRULE(c_enemy_has_many_pike, a_dynamic_camp_dist(20)), MANY_RULES(DEFRULE(AND(c_few_skirm, c_enemy_has_many_pike), a_res_loom), MANY_RULES(DEFRULE(c_few_barracks, a_res_loom), MANY_RULES(DEFRULE(AND(c_some_ram, c_many_ram), a_res_loom), MANY_RULES(DEFRULE(c_no_house, a_dynamic_civ_scout_cap(168)), MANY_RULES(DEFRULE(c_few_barracks, a_res_loom), MANY_RULES(DEFRULE(c_no_house, a_dynamic_atk_percent(i_val(62))), MANY_RULES(DEFRULE(c_few_skirm, a_build_barracks), MANY_RULES(DEFRULE(c_few_barracks, a_res_loom), MANY_RULES(DEFRULE(c_few_skirm, a_build_lumber_camp), MANY_RULES(DEFRULE(c_few_barracks, a_res_loom), MANY_RULES(DEFRULE(c_far_gold, a_train_vill), MANY_RULES(DEFRULE(c_far_gold, a_train_vill), MANY_RULES(DEFRULE(c_few_skirm, a_res_loom), MANY_RULES(DEFRULE(AND(c_few_skirm, c_enemy_has_many_pike), a_dynamic_civ_scout_cap(12)), MANY_RULES(DEFRULE(c_few_skirm, a_res_loom), MANY_RULES(DEFRULE(c_few_skirm, a_train_vill), MANY_RULES(DEFRULE(c_few_skirm, a_res_loom), MANY_RULES(DEFRULE(c_few_skirm, a_res_farm_2), MANY_RULES(DEFRULE(c_can_buy_food, a_forward_castle), MANY_RULES(DEFRULE(c_many_ram, a_dynamic_civ_scout_cap(168)), MANY_RULES(DEFRULE(c_few_mill, a_dynamic_civ_scout_cap(12)), MANY_RULES(DEFRULE(c_far_gold, a_train_vill), MANY_RULES(DEFRULE(c_few_skirm, a_train_vill), MANY_RULES(DEFRULE(c_few_skirm, a_res_farm_2), MANY_RULES(DEFRULE(c_few_barracks, a_res_loom), MANY_RULES(DEFRULE(c_few_skirm, a_dynamic_civ_scout_cap(168)), MANY_RULES(DEFRULE(AND(c_some_ram, c_few_skirm), a_res_loom), MANY_RULES(DEFRULE(c_no_house, a_dynamic_atk_percent(i_val(3))), MANY_RULES(DEFRULE(c_few_barracks, a_forward_castle), MANY_RULES(DEFRULE(c_many_ram, a_dynamic_civ_scout_cap(20)), MANY_RULES(DEFRULE(c_some_infantry, a_build_house), MANY_RULES(DEFRULE(c_far_gold, a_train_vill), MANY_RULES(DEFRULE(c_few_skirm, a_train_vill), MANY_RULES(DEFRULE(c_few_skirm, a_res_farm_2), MANY_RULES(DEFRULE(c_few_barracks, a_res_loom), MANY_RULES(DEFRULE(c_few_skirm, a_dynamic_civ_scout_cap(i_val(12))), MANY_RULES(DEFRULE(c_no_house, a_dynamic_atk_percent(i_val(62))), MANY_RULES(t_empty_rule, MANY_RULES(DEFRULE(c_few_barracks, a_res_loom), MANY_RULES(DEFRULE(c_some_ram, a_build_house), MANY_RULES(DEFRULE(AND(c_some_ram, c_few_skirm), a_res_loom), TWO_RULES(DEFRULE(c_few_barracks, a_town_size_20), DEFRULE(c_low_wood, a_train_vill))))))))))))))))))))))))))))))))))))))))))))))"
161,59,193.5648,"MANY_RULES(DEFRULE(AND(c_no_university, c_can_res_bracer), a_dynamic_group_size(20)), MANY_RULES(DEFRULE(c_few_skirm, a_build_house), MANY_RULES(DEFRULE(c_enemy_has_many_pike, a_dynamic_camp_dist(20)), MANY_RULES(DEFRULE(AND(c_few_skirm, c_enemy_has_many_pike), a_res_loom), MANY_RULES(DEFRULE(c_few_barracks, a_res_loom), MANY_RULES(DEFRULE(c_few_barracks, a_res_loom), MANY_RULES(DEFRULE(c_no_house, a_dynamic_civ_scout_cap(168)), MANY_RULES(DEFRULE(c_few_barracks, a_res_loom), MANY_RULES(DEFRULE(c_no_house, a_dynamic_atk_percent(i_val(12))), MANY_RULES(DEFRULE(c_few_skirm, a_build_barracks), MANY_RULES(DEFRULE(c_few_barracks, a_res_loom), MANY_RULES(DEFRULE(c_few_skirm, a_build_lumber_camp), MANY_RULES(DEFRULE(c_few_skirm, a_train_vill), MANY_RULES(DEFRULE(AND(c_some_ram, c_few_skirm), a_res_loom), MANY_RULES(DEFRULE(c_few_barracks, a_res_loom), MANY_RULES(DEFRULE(AND(c_mil_pop_10, c_far_gold), a_dynamic_civ_scout_cap(62)), MANY_RULES(t_empty_rule, MANY_RULES(DEFRULE(c_no_house, a_dynamic_civ_scout_cap(168)), MANY_RULES(DEFRULE(c_few_barracks, a_res_loom), MANY_RULES(DEFRULE(c_no_house, a_dynamic_atk_percent(i_val(168))), MANY_RULES(DEFRULE(c_few_skirm, a_build_barracks), MANY_RULES(DEFRULE(c_few_barracks, a_res_loom), MANY_RULES(DEFRULE(c_few_skirm, a_build_lumber_camp), MANY_RULES(DEFRULE(c_few_skirm, a_train_vill), MANY_RULES(DEFRULE(AND(c_some_ram, c_few_skirm), a_res_loom), MANY_RULES(DEFRULE(c_few_barracks, a_res_loom), MANY_RULES(DEFRULE(c_few_skirm, a_res_farm_2), MANY_RULES(DEFRULE(c_few_barracks, a_forward_castle), MANY_RULES(DEFRULE(c_many_ram, a_dynamic_civ_scout_cap(20)), MANY_RULES(DEFRULE(c_some_ram, a_build_house), MANY_RULES(DEFRULE(c_no_house, a_dynamic_civ_scout_cap(168)), MANY_RULES(DEFRULE(c_few_barracks, a_res_loom), MANY_RULES(DEFRULE(c_no_house, a_dynamic_civ_scout_pct(i_val(25))), MANY_RULES(DEFRULE(c_few_skirm, a_train_vill), MANY_RULES(DEFRULE(c_few_skirm, a_build_barracks), MANY_RULES(DEFRULE(c_few_skirm, a_dynamic_civ_scout_cap(12)), MANY_RULES(DEFRULE(AND(c_many_archer, c_few_watch_tower), a_res_loom), MANY_RULES(DEFRULE(c_few_skirm, a_res_loom), MANY_RULES(DEFRULE(c_no_house, a_dynamic_civ_scout_cap(168)), MANY_RULES(DEFRULE(c_few_skirm, a_train_vill), MANY_RULES(DEFRULE(c_many_ram, a_dynamic_atk_percent(20)), MANY_RULES(DEFRULE(c_some_ram, a_build_house), MANY_RULES(DEFRULE(c_few_lumber_camp, a_dynamic_civ_scout_cap(12)), MANY_RULES(DEFRULE(c_few_skirm, a_res_farm_2), MANY_RULES(DEFRULE(c_no_house, a_dynamic_atk_percent(i_val(12))), MANY_RULES(DEFRULE(c_few_skirm, a_build_barracks), MANY_RULES(DEFRULE(c_many_knight, a_res_loom), MANY_RULES(DEFRULE(c_few_skirm, a_res_farm_2), MANY_RULES(DEFRULE(c_few_barracks, a_res_loom), MANY_RULES(DEFRULE(AND(c_few_skirm, c_few_skirm), a_res_loom), TWO_RULES(DEFRULE(c_few_barracks, a_res_loom), DEFRULE(c_low_wood, a_retreat_castle))))))))))))))))))))))))))))))))))))))))))))))))))))"
161,26,192.472,"MANY_RULES(DEFRULE(AND(c_no_lumber_camp, c_can_res_chain_mail), a_dynamic_group_size(20)), MANY_RULES(DEFRULE(c_few_mill, a_build_house), MANY_RULES(DEFRULE(c_enemy_has_many_pike, a_dynamic_camp_dist(20)), MANY_RULES(DEFRULE(AND(c_few_skirm, c_enemy_has_many_pike), a_res_loom), MANY_RULES(DEFRULE(c_few_barracks, a_res_loom), MANY_RULES(DEFRULE(AND(c_some_ram, c_many_ram), a_res_loom), MANY_RULES(DEFRULE(c_no_house, a_dynamic_civ_scout_cap(168)), MANY_RULES(DEFRULE(c_few_barracks, a_res_loom), MANY_RULES(DEFRULE(c_no_house, a_dynamic_atk_percent(i_val(62))), MANY_RULES(DEFRULE(c_few_skirm, a_build_barracks), MANY_RULES(DEFRULE(c_few_barracks, a_res_loom), MANY_RULES(DEFRULE(c_few_skirm, a_build_lumber_camp), MANY_RULES(DEFRULE(c_few_barracks, a_res_loom), MANY_RULES(t_empty_rule, MANY_RULES(DEFRULE(c_far_gold, a_train_vill), MANY_RULES(DEFRULE(c_few_skirm, a_res_loom), MANY_RULES(DEFRULE(AND(c_few_skirm, c_enemy_has_many_pike), a_dynamic_civ_scout_cap(12)), MANY_RULES(DEFRULE(c_few_skirm, a_res_loom), MANY_RULES(DEFRULE(c_few_skirm, a_train_vill), MANY_RULES(DEFRULE(c_few_skirm, a_res_loom), MANY_RULES(DEFRULE(c_few_skirm, a_res_farm_2), MANY_RULES(DEFRULE(c_can_buy_food, a_forward_castle), MANY_RULES(DEFRULE(c_many_ram, a_dynamic_civ_scout_cap(168)), MANY_RULES(DEFRULE(c_few_mill, a_dynamic_civ_scout_cap(12)), MANY_RULES(DEFRULE(c_far_gold, a_train_vill), MANY_RULES(DEFRULE(c_few_skirm, a_train_vill), MANY_RULES(DEFRULE(c_few_skirm, a_res_farm_2), MANY_RULES(DEFRULE(c_few_skirm, a_dynamic_civ_scout_cap(168)), MANY_RULES(DEFRULE(AND(c_some_ram, c_few_skirm), a_res_loom), MANY_RULES(DEFRULE(c_no_house, a_forward_castle), MANY_RULES(DEFRULE(c_few_barracks, a_forward_castle), MANY_RULES(DEFRULE(c_many_ram, a_dynamic_civ_scout_cap(20)), MANY_RULES(DEFRULE(c_some_infantry, a_build_house), MANY_RULES(DEFRULE(c_far_gold, a_train_vill), MANY_RULES(DEFRULE(c_few_skirm, a_train_vill), MANY_RULES(DEFRULE(c_few_skirm, a_res_farm_2), MANY_RULES(DEFRULE(c_few_barracks, a_res_loom), MANY_RULES(DEFRULE(c_few_skirm, a_dynamic_civ_scout_cap(i_val(12))), MANY_RULES(DEFRULE(c_no_house, a_dynamic_atk_percent(i_val(62))), MANY_RULES(t_empty_rule, MANY_RULES(DEFRULE(c_few_barracks, a_res_loom), MANY_RULES(DEFRULE(c_some_ram, a_build_house), MANY_RULES(DEFRULE(AND(c_some_ram, c_few_skirm), a_res_loom), TWO_RULES(DEFRULE(c_few_barracks, a_town_size_20), DEFRULE(c_low_wood, a_train_vill)))))))))))))))))))))))))))))))))))))))))))))"
161,8,189.7504,"MANY_RULES(DEFRULE(AND(c_no_lumber_camp, c_can_res_chain_mail), a_dynamic_group_size(20)), MANY_RULES(DEFRULE(c_few_skirm, a_build_house), MANY_RULES(DEFRULE(c_enemy_has_many_pike, a_dynamic_camp_dist(20)), MANY_RULES(DEFRULE(c_few_barracks, a_res_loom), MANY_RULES(DEFRULE(c_no_house, a_dynamic_civ_scout_cap(168)), MANY_RULES(DEFRULE(c_few_barracks, a_res_loom), MANY_RULES(DEFRULE(c_no_house, a_dynamic_atk_percent(i_val(168))), MANY_RULES(DEFRULE(c_few_skirm, a_build_barracks), MANY_RULES(DEFRULE(c_few_barracks, a_res_loom), MANY_RULES(DEFRULE(c_few_skirm, a_build_lumber_camp), MANY_RULES(DEFRULE(c_few_skirm, a_train_vill), MANY_RULES(DEFRULE(AND(c_few_watch_tower, c_few_skirm), a_res_loom), MANY_RULES(DEFRULE(c_few_barracks, a_res_loom), MANY_RULES(DEFRULE(c_few_skirm, a_res_farm_2), MANY_RULES(DEFRULE(c_few_skirm, a_build_barracks), MANY_RULES(DEFRULE(c_few_barracks, a_res_loom), MANY_RULES(DEFRULE(c_few_barracks, a_forward_castle), MANY_RULES(DEFRULE(c_few_archery_range, a_res_loom), MANY_RULES(DEFRULE(c_few_skirm, a_dynamic_civ_scout_cap(12)), MANY_RULES(DEFRULE(AND(c_some_ram, c_few_skirm), a_res_loom), MANY_RULES(DEFRULE(c_few_watch_tower, a_train_vill), MANY_RULES(DEFRULE(AND(c_few_skirm, c_enemy_has_many_pike), a_res_farm_2), MANY_RULES(DEFRULE(c_few_barracks, a_forward_castle), MANY_RULES(DEFRULE(c_many_ram, a_dynamic_civ_scout_cap(20)), MANY_RULES(DEFRULE(c_some_infantry, a_build_house), MANY_RULES(DEFRULE(c_few_skirm, a_train_vill), MANY_RULES(DEFRULE(c_few_skirm, a_res_farm_2), MANY_RULES(DEFRULE(AND(c_few_skirm, c_enemy_has_many_pike), a_res_loom), MANY_RULES(DEFRULE(c_few_barracks, a_res_loom), MANY_RULES(DEFRULE(c_few_barracks, a_res_loom), MANY_RULES(DEFRULE(c_no_house, a_dynamic_civ_scout_cap(168)), MANY_RULES(DEFRULE(c_few_barracks, a_res_loom), MANY_RULES(DEFRULE(c_no_house, a_dynamic_atk_percent(i_val(168))), MANY_RULES(DEFRULE(c_few_skirm, a_build_barracks), MANY_RULES(DEFRULE(c_few_barracks, a_res_loom), MANY_RULES(DEFRULE(c_few_skirm, a_build_lumber_camp), MANY_RULES(DEFRULE(c_few_skirm, a_res_loom), MANY_RULES(DEFRULE(AND(c_some_ram, c_few_skirm), a_res_loom), MANY_RULES(DEFRULE(c_few_barracks, a_res_loom), MANY_RULES(DEFRULE(c_few_skirm, a_res_farm_2), MANY_RULES(DEFRULE(c_few_skirm, a_build_barracks), MANY_RULES(DEFRULE(c_few_barracks, a_res_loom), MANY_RULES(DEFRULE(c_some_ram, a_build_house), MANY_RULES(DEFRULE(AND(c_some_ram, c_few_skirm), a_res_loom), MANY_RULES(DEFRULE(c_few_barracks, a_res_loom), MANY_RULES(DEFRULE(c_few_skirm, a_dynamic_civ_scout_cap(168)), MANY_RULES(DEFRULE(c_few_barracks, a_res_loom), MANY_RULES(DEFRULE(c_few_skirm, a_res_farm_2), MANY_RULES(DEFRULE(c_few_skirm, a_forward_castle), MANY_RULES(DEFRULE(c_many_ram, a_dynamic_civ_scout_cap(20)), MANY_RULES(DEFRULE(c_some_ram, a_build_house), MANY_RULES(DEFRULE(AND(AND(c_no_mining_camp, c_far_gold), AND(c_few_treb, c_far_gold)), a_train_vill), MANY_RULES(DEFRULE(c_few_skirm, a_res_farm_2), MANY_RULES(DEFRULE(AND(c_many_archer, c_no_blacksmith), a_res_loom), MANY_RULES(DEFRULE(c_few_skirm, a_dynamic_civ_scout_cap(168)), MANY_RULES(DEFRULE(c_few_skirm, a_res_farm_2), MANY_RULES(DEFRULE(c_no_house, a_dynamic_atk_percent(i_val(20))), MANY_RULES(DEFRULE(c_few_skirm, a_build_barracks), MANY_RULES(DEFRULE(c_few_barracks, a_res_loom), MANY_RULES(DEFRULE(c_few_skirm, a_res_farm_2), MANY_RULES(DEFRULE(c_few_barracks, a_res_loom), MANY_RULES(DEFRULE(c_few_barracks, a_res_loom), TWO_RULES(DEFRULE(c_few_barracks, a_res_loom), DEFRULE(c_low_wood, a_retreat_castle))))))))))))))))))))))))))))))))))))))))))))))))))))))))))))))))"
161,37,183.5592,"MANY_RULES(DEFRULE(AND(c_no_lumber_camp, c_can_res_chain_mail), a_dynamic_group_size(20)), MANY_RULES(DEFRULE(c_few_mill, a_build_house), MANY_RULES(DEFRULE(c_enemy_has_many_pike, a_dynamic_camp_dist(20)), MANY_RULES(DEFRULE(AND(c_few_skirm, c_enemy_has_many_pike), a_res_loom), MANY_RULES(DEFRULE(c_few_barracks, a_res_loom), MANY_RULES(DEFRULE(AND(c_some_ram, c_many_ram), a_res_loom), MANY_RULES(DEFRULE(c_no_house, a_dynamic_civ_scout_cap(168)), MANY_RULES(DEFRULE(c_few_barracks, a_res_loom), MANY_RULES(DEFRULE(c_no_house, a_dynamic_atk_percent(i_val(62))), MANY_RULES(DEFRULE(c_few_skirm, a_build_barracks), MANY_RULES(DEFRULE(c_few_barracks, a_res_loom), MANY_RULES(DEFRULE(c_few_skirm, a_build_lumber_camp), MANY_RULES(DEFRULE(c_few_barracks, a_res_loom), MANY_RULES(DEFRULE(c_far_gold, a_train_vill), MANY_RULES(DEFRULE(c_far_gold, a_train_vill), MANY_RULES(DEFRULE(c_few_skirm, a_res_loom), MANY_RULES(DEFRULE(AND(c_few_skirm, c_enemy_has_many_pike), a_dynamic_civ_scout_cap(12)), MANY_RULES(DEFRULE(c_few_skirm, a_res_loom), MANY_RULES(DEFRULE(c_few_skirm, a_train_vill), MANY_RULES(DEFRULE(c_few_skirm, a_res_loom), MANY_RULES(DEFRULE(c_few_skirm, a_res_farm_2), MANY_RULES(DEFRULE(c_can_buy_food, a_forward_castle), MANY_RULES(DEFRULE(c_many_ram, a_dynamic_civ_scout_cap(168)), MANY_RULES(DEFRULE(c_few_mill, a_dynamic_civ_scout_cap(12)), MANY_RULES(DEFRULE(c_far_gold, a_train_vill), MANY_RULES(DEFRULE(c_few_skirm, a_train_vill), MANY_RULES(DEFRULE(c_few_skirm, a_res_farm_2), MANY_RULES(DEFRULE(c_few_barracks, a_res_loom), MANY_RULES(DEFRULE(c_few_skirm, a_dynamic_civ_scout_cap(168)), MANY_RULES(DEFRULE(AND(c_some_ram, c_few_skirm), a_res_loom), MANY_RULES(DEFRULE(c_no_house, a_dynamic_atk_percent(i_val(3))), MANY_RULES(DEFRULE(c_few_barracks, a_forward_castle), MANY_RULES(DEFRULE(c_many_ram, a_dynamic_civ_scout_cap(20)), MANY_RULES(DEFRULE(c_some_infantry, a_build_house), MANY_RULES(DEFRULE(c_far_gold, a_train_vill), MANY_RULES(DEFRULE(c_few_skirm, a_train_vill), MANY_RULES(DEFRULE(c_few_skirm, a_res_farm_2), MANY_RULES(DEFRULE(c_few_barracks, a_res_loom), MANY_RULES(DEFRULE(c_few_skirm, a_dynamic_civ_scout_cap(i_val(12))), MANY_RULES(DEFRULE(c_no_house, a_dynamic_atk_percent(i_val(62))), MANY_RULES(t_empty_rule, MANY_RULES(DEFRULE(c_few_barracks, a_res_loom), MANY_RULES(DEFRULE(c_some_ram, a_build_house), MANY_RULES(DEFRULE(AND(c_some_ram, c_few_skirm), a_res_loom), TWO_RULES(DEFRULE(c_few_barracks, a_town_size_20), DEFRULE(c_low_wood, a_train_vill))))))))))))))))))))))))))))))))))))))))))))))"
161,76,177.696,"MANY_RULES(DEFRULE(AND(c_no_lumber_camp, c_can_res_chain_mail), a_dynamic_group_size(20)), MANY_RULES(DEFRULE(c_few_mill, a_build_house), MANY_RULES(DEFRULE(c_enemy_has_many_pike, a_dynamic_camp_dist(20)), MANY_RULES(DEFRULE(AND(c_few_skirm, c_enemy_has_many_pike), a_res_loom), MANY_RULES(DEFRULE(c_few_barracks, a_res_loom), MANY_RULES(DEFRULE(AND(c_some_ram, c_many_ram), a_res_loom), MANY_RULES(DEFRULE(c_no_house, a_dynamic_civ_scout_cap(168)), MANY_RULES(DEFRULE(c_few_barracks, a_res_loom), MANY_RULES(DEFRULE(c_no_house, a_dynamic_atk_percent(12)), MANY_RULES(DEFRULE(c_few_skirm, a_build_barracks), MANY_RULES(DEFRULE(c_few_barracks, a_res_loom), MANY_RULES(DEFRULE(c_few_skirm, a_build_lumber_camp), MANY_RULES(DEFRULE(c_few_skirm, a_train_vill), MANY_RULES(DEFRULE(AND(c_some_ram, c_few_skirm), a_res_loom), MANY_RULES(DEFRULE(c_few_barracks, a_res_loom), MANY_RULES(DEFRULE(c_few_skirm, a_res_farm_2), MANY_RULES(DEFRULE(c_few_skirm, a_forward_castle), MANY_RULES(DEFRULE(c_many_ram, a_dynamic_civ_scout_cap(20)), MANY_RULES(DEFRULE(c_some_ram, a_build_house), MANY_RULES(DEFRULE(AND(AND(c_no_mining_camp, c_far_gold), AND(c_few_treb, c_far_gold)), a_train_vill), MANY_RULES(DEFRULE(c_few_skirm, a_res_farm_2), MANY_RULES(DEFRULE(AND(c_many_archer, c_no_blacksmith), a_res_loom), MANY_RULES(DEFRULE(c_few_skirm, a_dynamic_civ_scout_cap(168)), MANY_RULES(DEFRULE(c_few_skirm, a_res_farm_2), MANY_RULES(DEFRULE(c_no_house, a_dynamic_atk_percent(i_val(20))), MANY_RULES(DEFRULE(c_few_skirm, a_build_barracks), MANY_RULES(DEFRULE(c_few_barracks, a_res_loom), MANY_RULES(DEFRULE(c_few_skirm, DO_BOTH(a_dynamic_civ_scout_cap(232), a_dynamic_camp_dist(12))), MANY_RULES(DEFRULE(c_few_barracks, a_res_loom), MANY_RULES(DEFRULE(c_few_barracks, a_res_loom), TWO_RULES(DEFRULE(c_few_barracks, a_res_loom), DEFRULE(c_low_wood, a_retreat_castle))))))))))))))))))))))))))))))))"
161,5,172.76,"MANY_RULES(DEFRULE(AND(c_no_lumber_camp, c_can_res_chain_mail), a_dynamic_group_size(20)), MANY_RULES(DEFRULE(c_few_skirm, a_build_house), MANY_RULES(DEFRULE(AND(c_few_skirm, c_enemy_has_many_pike), a_dynamic_camp_dist(6)), MANY_RULES(DEFRULE(c_few_barracks, a_res_loom), MANY_RULES(DEFRULE(c_few_barracks, a_res_loom), MANY_RULES(DEFRULE(AND(c_can_build_castle, c_vills_under_100), a_dynamic_civ_scout_cap(46)), MANY_RULES(DEFRULE(c_few_barracks, a_res_loom), MANY_RULES(DEFRULE(c_few_skirm, a_res_loom), MANY_RULES(DEFRULE(c_few_skirm, a_build_barracks), MANY_RULES(DEFRULE(c_few_barracks, a_res_loom), MANY_RULES(DEFRULE(c_few_skirm, a_build_lumber_camp), MANY_RULES(DEFRULE(c_few_skirm, a_train_vill), MANY_RULES(DEFRULE(AND(c_some_ram, c_few_skirm), a_res_loom), MANY_RULES(DEFRULE(c_few_barracks, a_dynamic_civ_scout_cap(i_val(35))), MANY_RULES(DEFRULE(c_few_skirm, a_res_farm_2), MANY_RULES(DEFRULE(c_few_skirm, a_build_barracks), MANY_RULES(DEFRULE(c_few_barracks, a_res_loom), MANY_RULES(DEFRULE(c_some_ram, a_build_house), MANY_RULES(DEFRULE(AND(c_some_ram, c_few_skirm), a_res_loom), MANY_RULES(DEFRULE(c_no_house, a_dynamic_atk_percent(i_val(20))), MANY_RULES(DEFRULE(c_few_skirm, a_build_barracks), MANY_RULES(DEFRULE(c_few_barracks, a_res_loom), MANY_RULES(DEFRULE(c_few_skirm, a_res_farm_2), MANY_RULES(DEFRULE(c_few_skirm, a_build_lumber_camp), MANY_RULES(DEFRULE(c_few_skirm, a_train_vill), MANY_RULES(DEFRULE(c_no_house, a_dynamic_atk_percent(i_val(20))), MANY_RULES(DEFRULE(c_few_skirm, a_build_barracks), MANY_RULES(DEFRULE(c_some_ram, a_build_house), MANY_RULES(DEFRULE(c_some_ram, a_build_lumber_camp), MANY_RULES(DEFRULE(AND(c_can_res_stone_2, c_few_skirm), a_res_loom), TWO_RULES(DEFRULE(c_few_barracks, a_build_lumber_camp), DEFRULE(c_has_monk, a_train_vill))))))))))))))))))))))))))))))))"
1003,0,580.0704,"TWO_RULES(DEFRULE(AND(AND(c_can_sell_wood, c_no_stable), AND(c_some_ram, c_has_monk)), a_sell_wood), DEFRULE(AND(AND(c_can_go_feudal_age, c_under_attack), AND(c_mil_pop_10, c_no_university)), a_dynamic_civ_scout_cap(i_val(37))))"
1003,49,554.112,"MANY_RULES(DEFRULE(AND(c_has_monk, c_enemy_has_many_pike), DO_BOTH(a_dynamic_civ_scout_cap(127), a_dynamic_civ_scout_cap(11))), MANY_RULES(DEFRULE(AND(c_has_wood, c_no_mining_camp), a_dynamic_civ_scout_pct(99)), TWO_RULES(DEFRULE(c_can_sell_food, a_focus_food), DEFRULE(c_few_infantry, a_build_town_center))))"
1003,39,549.56,"TWO_RULES(DEFRULE(c_no_watch_tower, a_res_axe_3), DEFRULE(c_can_res_hand_cart, a_build_barracks))"
1003,17,482.2272,"TWO_RULES(DEFRULE(AND(AND(c_can_sell_wood, c_no_stable), AND(c_some_ram, c_has_monk)), a_sell_wood), t_empty_rule)"
1003,41,477.044,"TWO_RULES(DEFRULE(c_few_skirm, a_buy_food), DEFRULE(AND(c_few_castle, AND(AND(c_can_res_gold_2, c_can_res_axe_2), AND(c_is_feudal_age, c_can_res_fletching))), a_dynamic_civ_scout_cap(i_val(37))))"
1003,68,465.6272,"TWO_RULES(DEFRULE(c_mil_pop_50, a_train_pike), DEFRULE(c_can_res_chain_mail, a_train_mangonel))"
1003,7,463.6288,"TWO_RULES(DEFRULE(c_is_imperial_age, a_build_mining_camp), DEFRULE(c_many_skirm, a_train_archer))"
1003,10,445.6432,"TWO_RULES(DEFRULE(c_can_sell_food, a_focus_food), DEFRULE(c_many_infantry, a_res_wheel_barrow))"
1003,4,441.4696,"TWO_RULES(DEFRULE(AND(c_can_res_scale_mail, c_can_build_house), a_buy_food), DEFRULE(c_can_build_house, a_zone_forward))"
1003,23,428.0,t_empty_list
1003,27,421.0,t_empty_list
1003,90,417.6656,"TWO_RULES(DEFRULE(c_few_siege_workshop, a_zone_forward), DEFRULE(c_can_build_archery_range, a_build_castle))"
1003,8,415.5008,"TWO_RULES(DEFRULE(c_is_imperial_age, a_build_mining_camp), DEFRULE(c_no_siege_workshop, a_dynamic_civ_scout_pct(196)))"
1003,40,413.6688,"TWO_RULES(DEFRULE(c_has_food, a_build_town_center), DEFRULE(c_enemy_has_few_knight, a_train_monk))"
1003,70,412.6696,"MANY_RULES(DEFRULE(c_low_stone, a_retreat_castle), TWO_RULES(t_empty_rule, t_empty_rule))"
1003,43,410.6712,"TWO_RULES(t_empty_rule, DEFRULE(c_mil_pop_50, a_forward_castle))"
1003,9,407.3472,"TWO_RULES(DEFRULE(AND(c_no_market, c_can_res_chain_mail), a_sell_wood), DEFRULE(AND(AND(c_can_res_farm_1, c_few_lumber_camp), AND(c_can_res_bracer, c_can_build_archery_range)), a_dynamic_civ_scout_pct(i_val(163))))"
1003,63,403.3536,"TWO_RULES(DEFRULE(c_many_infantry, a_dynamic_camp_dist(i_val(86))), DEFRULE(c_few_market, a_build_mill))"
1003,13,401.3568,"TWO_RULES(DEFRULE(AND(AND(c_can_sell_wood, c_no_stable), AND(c_some_ram, c_has_monk)), a_dynamic_camp_dist(i_val(24))), DEFRULE(AND(AND(c_can_go_feudal_age, c_under_attack), AND(c_mil_pop_10, c_enemy_has_few_infantry)), a_dynamic_civ_scout_cap(37)))"
1003,28,397.6816,"TWO_RULES(DEFRULE(c_has_food, a_res_wheel_barrow), DEFRULE(c_enemy_has_many_pike, a_train_monk))"
1003,38,377.5464,"MANY_RULES(DEFRULE(AND(c_can_res_scale_mail, c_can_build_house), a_dynamic_camp_dist(6)), TWO_RULES(DEFRULE(c_has_food, a_train_ram), DEFRULE(c_is_imperial_age, a_build_dock)))"
1003,35,373.4016,"TWO_RULES(DEFRULE(c_few_town_center, a_dynamic_atk_percent(i_val(37))), DEFRULE(AND(AND(c_can_res_farm_3, c_can_res_bracer), AND(c_can_res_hand_cart, c_can_res_ballistics)), a_dynamic_atk_percent(i_val(11))))"
1003,50,370.4064,"MANY_RULES(DEFRULE(AND(AND(c_can_res_hand_cart, c_can_build_archery_range), AND(c_has_monk, c_enemy_has_many_pike)), DO_BOTH(a_res_axe_2, a_dynamic_civ_scout_cap(76))), MANY_RULES(DEFRULE(c_no_mining_camp, a_dynamic_civ_scout_pct(99)), TWO_RULES(DEFRULE(c_can_sell_food, a_focus_food), DEFRULE(c_few_infantry, a_build_town_center))))"
1003,89,366.7064,"MANY_RULES(DEFRULE(c_far_stone, a_forward_barracks), TWO_RULES(t_empty_rule, t_empty_rule))"
1003,79,362.274,"TWO_RULES(DEFRULE(c_many_infantry, DO_BOTH(a_dynamic_camp_dist(i_val(24)), a_dynamic_camp_dist(i_val(81)))), DEFRULE(c_many_skirm, a_train_archer))"
1003,16,359.424,"MANY_RULES(DEFRULE(c_can_res_fletching, a_dynamic_civ_scout_cap(i_val(37))), TWO_RULES(t_empty_rule, DEFRULE(c_has_food, a_train_ram)))"
1003,47,353.292,"TWO_RULES(DEFRULE(c_can_build_stable, DO_BOTH(a_dynamic_camp_dist(i_val(24)), a_dynamic_camp_dist(i_val(24)))), DEFRULE(c_many_skirm, a_train_archer))"
1003,44,351.4368,"MANY_RULES(DEFRULE(AND(AND(c_no_siege_workshop, c_few_market), AND(c_can_build_blacksmith, c_can_res_chain_mail)), a_dynamic_civ_scout_cap(i_val(37))), TWO_RULES(t_empty_rule, DEFRULE(c_many_skirm, a_buy_wood)))"
1003,85,347.7216,"MANY_RULES(DEFRULE(c_can_res_bracer, a_res_ballistics), TWO_RULES(t_empty_rule, t_empty_rule))"
1003,24,345.308,"TWO_RULES(DEFRULE(c_mil_pop_50, a_sell_wood), DEFRULE(AND(AND(c_can_go_feudal_age, c_under_attack), AND(AND(c_can_res_gold_2, c_can_build_town_center), AND(c_can_res_farm_1, c_few_watch_tower))), a_dynamic_civ_scout_cap(i_val(37))))"
1003,14,330.6028,"TWO_RULES(t_empty_rule, DEFRULE(AND(c_some_treb, c_some_archer), a_dynamic_atk_percent(51)))"
1003,51,325.7392,"MANY_RULES(DEFRULE(c_few_castle, a_build_town_center), MANY_RULES(t_empty_rule, t_empty_list))"
1003,55,323.4816,"MANY_RULES(DEFRULE(AND(AND(c_can_res_farm_1, c_few_lumber_camp), AND(c_can_res_bracer, c_can_build_archery_range)), a_dynamic_civ_scout_pct(i_val(163))), MANY_RULES(DEFRULE(AND(c_no_blacksmith, c_many_infantry), a_dynamic_camp_dist(7)), TWO_RULES(DEFRULE(c_is_imperial_age, a_build_mining_camp), DEFRULE(c_some_knight, a_train_skirm))))"
1003,88,317.7456,"TWO_RULES(DEFRULE(c_can_build_house, a_res_axe_2), DEFRULE(c_no_monastery, a_res_fletching))"
1003,45,317.6184,"MANY_RULES(DEFRULE(c_can_sell_stone, a_dynamic_civ_scout_pct(196)), TWO_RULES(DEFRULE(c_can_res_farm_3, a_build_barracks), DEFRULE(c_many_infantry, a_focus_gold)))"
1003,53,316.6196,"TWO_RULES(DEFRULE(c_under_attack, a_res_bracer), DEFRULE(AND(c_some_infantry, c_few_scout), a_dynamic_group_size(28)))"
1003,21,316.4928,"MANY_RULES(DEFRULE(AND(c_has_monk, c_enemy_has_many_pike), DO_BOTH(a_dynamic_civ_scout_cap(127), a_dynamic_civ_scout_cap(76))), MANY_RULES(DEFRULE(AND(c_has_wood, c_no_mining_camp), a_dynamic_civ_scout_pct(99)), TWO_RULES(DEFRULE(c_can_sell_food, a_build_mill), DEFRULE(c_few_infantry, a_build_town_center))))"
1003,65,316.366,"TWO_RULES(DEFRULE(AND(AND(AND(c_is_feudal_age, c_has_monk), AND(c_can_res_gold_2, c_can_res_bodkin)), AND(AND(c_has_gold, c_some_archer), AND(c_few_archery_range, c_many_mangonel))), DO_BOTH(a_dynamic_camp_dist(i_val(24)), a_res_stone_1)), DEFRULE(c_many_skirm, a_train_archer))"
1003,3,311.0,t_empty_list
1003,33,310.7512,"TWO_RULES(DEFRULE(c_many_skirm, a_train_archer), DEFRULE(c_is_imperial_age, a_res_axe_2))"
1003,20,307.2608,"TWO_RULES(DEFRULE(AND(AND(c_can_build_market, c_can_build_stable), AND(AND(AND(c_vills_under_100, c_can_build_lumber_camp), AND(c_many_skirm, c_can_build_dock)), c_some_scout)), a_dynamic_group_size(7)), DEFRULE(c_few_treb, a_res_chemistry))"
1003,56,305.7552,"TWO_RULES(DEFRULE(c_can_res_hand_cart, a_build_barracks), DEFRULE(c_many_infantry, a_res_wheel_barrow))"
1003,87,304.756,"MANY_RULES(DEFRULE(c_many_ram, a_res_stone_2), TWO_RULES(t_empty_rule, t_empty_rule))"
1003,92,298.7608,"MANY_RULES(DEFRULE(c_enemy_has_many_knight, a_focus_gold), TWO_RULES(t_empty_rule, t_empty_rule))"
1003,95,294.764,"TWO_RULES(DEFRULE(c_can_res_ballistics, a_res_ballistics), DEFRULE(c_many_mangonel, a_build_town_center))"
1003,93,291.5328,"MANY_RULES(DEFRULE(AND(AND(c_can_res_stone_2, c_no_siege_workshop), AND(c_enemy_has_many_pike, c_few_knight)), a_dynamic_civ_scout_cap(i_val(34))), TWO_RULES(DEFRULE(AND(c_can_build_mill, c_can_sell_stone), a_dynamic_group_size(79)), DEFRULE(AND(c_few_infantry, c_some_infantry), a_dynamic_camp_dist(39))))"
1003,36,289.42,"TWO_RULES(DEFRULE(AND(AND(AND(c_can_res_gold_1, c_can_buy_wood), AND(c_can_res_farm_3, c_no_university)), AND(AND(c_no_blacksmith, c_some_pike), AND(c_few_lumber_camp, c_no_town_center))), a_dynamic_camp_dist(i_val(i_val(20)))), DEFRULE(AND(AND(AND(c_has_monk, c_few_dock), AND(c_can_build_monastery, c_is_imperial_age)), AND(AND(c_no_monastery, c_can_build_house), AND(c_is_castle_age, c_no_house))), a_dynamic_civ_scout_cap(i_val(i_val(46)))))"
1003,22,288.422,"TWO_RULES(DEFRULE(AND(AND(AND(c_is_feudal_age, c_few_scout), AND(c_can_res_gold_2, c_can_res_bodkin)), AND(AND(c_has_gold, c_some_archer), AND(c_few_archery_range, c_many_mangonel))), DO_BOTH(a_dynamic_camp_dist(i_val(24)), a_res_stone_1)), DEFRULE(c_many_skirm, a_focus_gold))"
1003,80,285.5424,"MANY_RULES(DEFRULE(AND(AND(c_can_res_hand_cart, c_can_build_archery_range), AND(c_has_monk, c_enemy_has_many_pike)), DO_BOTH(a_dynamic_civ_scout_cap(127), a_dynamic_civ_scout_cap(76))), MANY_RULES(DEFRULE(AND(c_has_wood, c_no_mining_camp), a_dynamic_civ_scout_pct(99)), TWO_RULES(DEFRULE(c_has_monk, a_forward_castle), DEFRULE(c_few_infantry, a_build_town_center))))"
1003,25,284.658,"MANY_RULES(DEFRULE(c_can_sell_stone, DO_BOTH(a_res_axe_2, a_train_mangonel)), TWO_RULES(DEFRULE(c_can_res_farm_3, a_build_barracks), DEFRULE(c_many_infantry, a_build_barracks)))"
1003,1,280.7752,"TWO_RULES(DEFRULE(c_mil_pop_50, a_train_pike), DEFRULE(c_can_res_chain_mail, a_train_mangonel))"
1003,76,280.5504,"MANY_RULES(DEFRULE(AND(c_has_monk, c_enemy_has_many_pike), DO_BOTH(a_dynamic_civ_scout_cap(127), a_dynamic_civ_scout_cap(76))), MANY_RULES(DEFRULE(c_no_mining_camp, a_dynamic_civ_scout_pct(99)), TWO_RULES(DEFRULE(c_can_sell_food, a_focus_food), DEFRULE(c_few_infantry, a_build_town_center))))"
1003,67,279.776,"TWO_RULES(DEFRULE(c_under_attack, a_res_bracer), DEFRULE(c_can_build_market, a_focus_gold))"
1003,74,278.7768,"TWO_RULES(t_empty_rule, DEFRULE(c_few_market, a_build_mill))"
1003,2,277.5552,"MANY_RULES(DEFRULE(AND(c_has_monk, c_enemy_has_many_pike), DO_BOTH(a_dynamic_civ_scout_cap(127), a_dynamic_civ_scout_cap(76))), MANY_RULES(DEFRULE(AND(c_has_wood, c_no_mining_camp), a_dynamic_civ_scout_pct(99)), TWO_RULES(DEFRULE(c_can_sell_food, a_focus_food), DEFRULE(c_few_infantry, a_build_town_center))))"
1003,15,270.5664,"TWO_RULES(DEFRULE(c_can_res_farm_3, a_dynamic_civ_scout_cap(138)), DEFRULE(AND(AND(c_can_go_feudal_age, c_under_attack), c_some_ram), a_dynamic_civ_scout_cap(i_val(37))))"
1003,64,270.5664,"MANY_RULES(DEFRULE(AND(AND(c_no_siege_workshop, c_enemy_has_many_pike), AND(c_can_build_blacksmith, c_can_res_chain_mail)), a_dynamic_civ_scout_cap(37)), TWO_RULES(t_empty_rule, DEFRULE(c_many_skirm, a_buy_wood)))"
1003,84,267.7856,"TWO_RULES(DEFRULE(c_enemy_has_many_infantry, a_res_gold_2), DEFRULE(c_can_res_farm_2, a_disable_scout))"
1003,91,261.7904,"MANY_RULES(DEFRULE(c_enemy_has_few_archer, a_zone_defensive), TWO_RULES(t_empty_rule, t_empty_rule))"
1003,72,261.5808,"TWO_RULES(DEFRULE(AND(c_need_farms, c_need_farms), a_res_stone_1), DEFRULE(AND(AND(c_can_go_feudal_age, c_under_attack), AND(c_mil_pop_10, c_enemy_has_few_infantry)), a_dynamic_civ_scout_cap(i_val(37))))"
1003,78,258.7928,"TWO_RULES(t_empty_rule, DEFRULE(c_few_market, a_build_mill))"
1003,5,258.5856,"TWO_RULES(DEFRULE(AND(AND(c_can_sell_wood, c_no_stable), AND(c_some_ram, c_has_monk)), a_focus_gold), t_empty_rule)"
1003,77,256.5888,"MANY_RULES(DEFRULE(c_many_infantry, a_res_wheel_barrow), TWO_RULES(DEFRULE(c_few_mangonel, a_dynamic_group_size(28)), DEFRULE(AND(c_many_ram, c_can_res_gold_1), a_dynamic_camp_dist(25))))"
1003,60,255.488,"MANY_RULES(DEFRULE(AND(AND(c_can_res_farm_1, c_few_lumber_camp), AND(c_can_res_bracer, c_can_build_archery_range)), a_dynamic_civ_scout_pct(i_val(i_val(49)))), MANY_RULES(DEFRULE(AND(c_no_blacksmith, c_many_infantry), a_dynamic_camp_dist(7)), TWO_RULES(DEFRULE(c_is_imperial_age, a_build_mining_camp), DEFRULE(c_some_knight, a_train_infantry))))"
1003,62,246.7036,"MANY_RULES(DEFRULE(c_few_barracks, a_hunt_relics), MANY_RULES(t_empty_rule, MANY_RULES(t_empty_rule, t_empty_list)))"
1003,34,246.6048,"MANY_RULES(DEFRULE(AND(AND(c_can_sell_stone, c_some_treb), AND(c_mil_pop_50, c_low_stone)), a_dynamic_civ_scout_pct(20)), MANY_RULES(t_empty_rule, t_empty_list))"
1003,58,245.8032,"TWO_RULES(DEFRULE(c_has_food, a_res_wheel_barrow), DEFRULE(c_enemy_has_few_knight, a_train_monk))"
1003,30,245.7048,"TWO_RULES(DEFRULE(c_can_res_chain_mail, a_train_mangonel), DEFRULE(c_no_siege_workshop, a_dynamic_civ_scout_pct(196)))"
1003,81,244.608,"TWO_RULES(DEFRULE(AND(AND(c_can_sell_wood, c_no_stable), AND(c_some_ram, c_has_monk)), a_sell_wood), DEFRULE(AND(AND(c_can_go_feudal_age, c_under_attack), AND(c_mil_pop_10, c_no_university)), a_dynamic_civ_scout_cap(37)))"
1003,83,244.608,"TWO_RULES(DEFRULE(c_few_town_center, a_dynamic_atk_percent(37)), DEFRULE(AND(AND(c_can_res_farm_3, c_can_res_bracer), AND(c_can_buy_wood, c_can_res_ballistics)), a_dynamic_atk_percent(i_val(11))))"
1003,32,243.8048,"TWO_RULES(DEFRULE(c_can_res_hand_cart, a_res_bracer), t_empty_rule)"
1003,37,243.8048,"TWO_RULES(t_empty_rule, DEFRULE(c_few_castle, a_build_mill))"
1003,82,238.9044,"MANY_RULES(t_empty_rule, t_empty_list)"
1003,66,238.8088,"TWO_RULES(DEFRULE(c_mil_pop_30, a_build_house), DEFRULE(c_is_imperial_age, a_res_axe_2))"
1003,18,237.7144,"TWO_RULES(DEFRULE(c_few_infantry, a_res_bracer), DEFRULE(AND(c_can_build_market, c_can_build_stable), a_focus_gold))"
1003,48,236.6208,"MANY_RULES(DEFRULE(c_few_barracks, a_hunt_relics), MANY_RULES(t_empty_rule, MANY_RULES(DEFRULE(c_many_infantry, a_res_wheel_barrow), t_empty_list)))"
1003,73,232.8136,"TWO_RULES(DEFRULE(c_can_buy_food, a_build_house), DEFRULE(c_enemy_has_many_knight, a_buy_wood))"
1003,12,232.6272,"TWO_RULES(DEFRULE(AND(AND(c_can_sell_wood, c_no_stable), AND(c_some_ram, c_has_monk)), a_retreat_tc), DEFRULE(AND(AND(c_can_go_feudal_age, c_under_attack), AND(c_mil_pop_10, c_no_university)), a_dynamic_civ_scout_cap(i_val(37))))"
1003,57,231.6288,"MANY_RULES(DEFRULE(AND(c_no_siege_workshop, c_enemy_has_many_pike), a_dynamic_civ_scout_cap(i_val(37))), TWO_RULES(t_empty_rule, t_empty_rule))"
1003,94,225.8192,"MANY_RULES(DEFRULE(c_no_siege_workshop, a_res_blast), MANY_RULES(t_empty_rule, t_empty_list))"
1003,11,220.7348,"TWO_RULES(DEFRULE(AND(c_enemy_has_few_pike, c_low_stone), a_buy_wood), t_empty_rule)"
1003,19,220.4696,"TWO_RULES(DEFRULE(AND(AND(c_can_build_market, c_can_build_stable), AND(AND(AND(c_vills_under_100, c_can_build_lumber_camp), AND(c_many_infantry, c_can_build_dock)), c_some_scout)), a_dynamic_group_size(28)), DEFRULE(c_few_treb, a_res_chemistry))"
1003,31,216.8264,"TWO_RULES(DEFRULE(c_enemy_has_few_knight, a_buy_wood), DEFRULE(c_can_build_blacksmith, a_res_wheel_barrow))"
1003,26,213.6576,"TWO_RULES(DEFRULE(AND(AND(c_can_sell_wood, c_no_stable), AND(c_some_ram, c_has_monk)), a_focus_gold), DEFRULE(c_can_sell_food, a_focus_food))"
1003,29,206.7516,"MANY_RULES(DEFRULE(c_few_barracks, a_train_pike), MANY_RULES(t_empty_rule, MANY_RULES(t_empty_rule, t_empty_list)))"
1003,71,206.6688,"TWO_RULES(DEFRULE(c_under_attack, a_res_bracer), DEFRULE(AND(c_can_build_market, AND(c_no_siege_workshop, c_few_ram)), a_focus_gold))"
1003,6,205.8352,"TWO_RULES(DEFRULE(c_few_barracks, a_build_house), DEFRULE(c_is_imperial_age, a_res_axe_2))"
1003,42,202.8376,"TWO_RULES(DEFRULE(c_has_food, a_sell_wood), DEFRULE(c_enemy_has_few_knight, a_train_monk))"
1003,52,202.7564,"TWO_RULES(DEFRULE(AND(c_has_wood, c_no_mining_camp), a_dynamic_civ_scout_pct(99)), DEFRULE(c_many_infantry, a_res_wheel_barrow))"
1003,59,200.7588,"MANY_RULES(DEFRULE(c_can_res_fletching, a_dynamic_civ_scout_cap(20)), TWO_RULES(t_empty_rule, t_empty_rule))"
1003,86,189.62,"MANY_RULES(DEFRULE(AND(AND(AND(c_many_ram, c_no_mill), AND(c_some_treb, c_some_mangonel)), AND(AND(c_can_build_watch_tower, c_can_res_chemistry), AND(c_can_sell_stone, c_many_treb))), a_dynamic_civ_scout_pct(i_val(i_val(96)))), TWO_RULES(DEFRULE(AND(AND(c_enemy_has_few_archer, c_no_watch_tower), AND(c_no_dock, c_low_stone)), a_dynamic_civ_scout_pct(i_val(12))), DEFRULE(AND(AND(c_need_farms, c_many_skirm), AND(c_many_treb, c_under_attack)), a_dynamic_civ_scout_pct(i_val(13)))))"
1003,61,180.9276,"MANY_RULES(t_empty_rule, t_empty_list)"
1003,54,177.7152,"MANY_RULES(DEFRULE(AND(c_has_monk, c_enemy_has_many_pike), DO_BOTH(a_dynamic_civ_scout_cap(127), a_dynamic_civ_scout_cap(76))), MANY_RULES(DEFRULE(c_no_mining_camp, a_dynamic_civ_scout_pct(99)), TWO_RULES(DEFRULE(c_can_sell_food, a_focus_food), DEFRULE(c_few_infantry, a_build_town_center))))"
1003,46,165.8672,"TWO_RULES(DEFRULE(c_some_pike, a_build_stable), DEFRULE(c_many_infantry, a_build_mill))"
1003,75,163.672,"TWO_RULES(DEFRULE(AND(AND(AND(c_can_res_gold_1, c_can_buy_wood), AND(c_can_res_farm_3, c_no_university)), AND(c_few_lumber_camp, c_no_town_center)), a_dynamic_camp_dist(i_val(i_val(20)))), DEFRULE(AND(AND(AND(c_has_monk, c_few_dock), AND(c_can_build_monastery, c_is_imperial_age)), AND(AND(c_no_monastery, c_can_build_house), AND(c_is_castle_age, c_no_house))), a_dynamic_civ_scout_cap(i_val(i_val(46)))))"
1003,69,162.8696,"MANY_RULES(DEFRULE(c_has_food, a_sell_wood), t_empty_list)"
